pareto_rank	feature	n	mean	median	q1	q3	min	max
0	constraint_score	10	0.5762295082	0.50409836065	0.299180327875	0.858606557375	0.131147541	1
0	conservation_score	10	0.96086956522	1	0.9239130435	1	0.8695652174	1
0	novelty_score	10	0.405981492394	0.384259259259	0.363704613704	0.420789473684	0.340425531915	0.581818181818
0	uniqueness_score	10	0.484712136718	0.468766330473	0.462004462123	0.481817538137	0.442429243082	0.624763575354
0	length	10	103.1	104	99	108.75	93	111
0	shannon_entropy_bits	10	3.81620372023	3.83090373905	3.79466775487	3.86360598141	3.64477284049	3.92890523695
0	max_residue_fraction	10	0.131263324891	0.132785299807	0.122440622441	0.1395609319	0.119266055046	0.141414141414
0	charged_fraction	10	0.287274669412	0.284932659933	0.270681818182	0.314068100358	0.234042553191	0.327272727273
0	gly_pro_fraction	10	0.0986427465083	0.0946833930705	0.0902272727273	0.101388888889	0.0707070707071	0.165137614679
0	longest_homopolymer	10	3.4	3	3	3.75	3	5
0	aa_A	10	0.103700521726	0.100925925926	0.0942192192192	0.117790811339	0.0733944954128	0.13829787234
0	aa_C	10	0.00384511784512	0	0	0.00921717171717	0	0.010101010101
0	aa_D	10	0.0802770996697	0.0742710795902	0.0710483210483	0.0925806451613	0.0505050505051	0.127272727273
0	aa_E	10	0.0975156447806	0.0917508417508	0.0902948402948	0.106504977552	0.06	0.141414141414
0	aa_F	10	0.0166205870846	0.0100059737157	0.00919554875977	0.021007951859	0	0.05
0	aa_G	10	0.061368142443	0.0546594982079	0.0473484848485	0.0680303030303	0.027027027027	0.119266055046
0	aa_H	10	0.00754591654455	0.00921678559293	0	0.00989057239057	0	0.027027027027
0	aa_I	10	0.0728812638367	0.0663636363636	0.0544294294294	0.0831422018349	0.040404040404	0.141414141414
0	aa_K	10	0.0369464054605	0.0387205387205	0.0307059961315	0.0451563578968	0.00909090909091	0.0540540540541
0	aa_L	10	0.08040836516	0.0789007092199	0.0712121212121	0.0896871945259	0.06	0.111111111111
0	aa_M	10	0.0144141988782	0.010101010101	0.00944444444444	0.0163245356794	0.00917431192661	0.036036036036
0	aa_N	10	0.0115091965435	0.0100505050505	0.00902948402948	0.0184760448522	0	0.0215053763441
0	aa_P	10	0.0372746040653	0.0440278988666	0.0234574468085	0.0461901121305	0.020202020202	0.0545454545455
0	aa_Q	10	0.0249640607204	0.0213909860444	0.0186868686869	0.029380733945	0.00925925925926	0.0555555555556
0	aa_R	10	0.0725355195012	0.0724074074074	0.0506073734285	0.0970515970516	0.031914893617	0.10752688172
0	aa_S	10	0.0908761285426	0.0833333333333	0.0752478917617	0.093857240906	0.0720720720721	0.14
0	aa_T	10	0.0474836517013	0.0429292929293	0.037037037037	0.0610587651872	0.03	0.0707070707071
0	aa_V	10	0.117442360349	0.120791245791	0.107059961315	0.128753753754	0.0909090909091	0.139784946237
0	aa_W	10	0.00698612745147	0.00962962962963	0.00225225225225	0.010101010101	0	0.010752688172
0	aa_Y	10	0.0154050876961	0.0106954930222	0.00907157157157	0.0256927068854	0	0.0363636363636
1	constraint_score	12	0.674180327875	0.7418032787	0.452868852475	0.9590163934	0.1475409836	0.9918032787
1	conservation_score	12	0.985507246367	1	0.9565217391	1	0.9565217391	1
1	novelty_score	12	0.344573482773	0.342162471396	0.325924337716	0.365366146459	0.298076923077	0.388888888889
1	uniqueness_score	12	0.434454079446	0.43429751089	0.424135086517	0.451865889584	0.393835631502	0.462970817659
1	length	12	96.25	96.5	91.5	101.75	84	108
1	shannon_entropy_bits	12	3.77364970637	3.77731885441	3.74821415025	3.79395827346	3.65769589644	3.8961819816
1	max_residue_fraction	12	0.132157420169	0.134747583244	0.122284162379	0.140552995392	0.114942528736	0.148148148148
1	charged_fraction	12	0.285480562625	0.273746867168	0.256617647059	0.31769005848	0.245283018868	0.336734693878
1	gly_pro_fraction	12	0.0854323111433	0.0914315569488	0.0729102167183	0.095467032967	0.0537634408602	0.108910891089
1	longest_homopolymer	12	2.91666666667	3	3	3	2	3
1	aa_A	12	0.109673235974	0.109318996416	0.101171112557	0.118538324421	0.0816326530612	0.142857142857
1	aa_C	12	0.00496377661253	0.00462962962963	0	0.0097625588697	0	0.0105263157895
1	aa_D	12	0.0828581276497	0.0754985754986	0.0678531701891	0.0941731409545	0.0595238095238	0.126315789474
1	aa_E	12	0.0943231390848	0.0949874686717	0.0790271132376	0.10300120048	0.0689655172414	0.139784946237
1	aa_F	12	0.013911878186	0.0116995073892	0.0097842331403	0.0202535559678	0	0.0235294117647
1	aa_G	12	0.0484876587283	0.0466775599129	0.0374668435013	0.0576043453402	0.030612244898	0.0714285714286
1	aa_H	12	0.00806795932559	0.00966747618158	0	0.0110056925996	0	0.0238095238095
1	aa_I	12	0.0615789972893	0.0621911922664	0.049898018648	0.0723123732252	0.037037037037	0.0860215053763
1	aa_K	12	0.0332137817811	0.0232589587559	0.0174830640959	0.0385304659498	0.00943396226415	0.111111111111
1	aa_L	12	0.0910574349551	0.0820567905847	0.0731203007519	0.108359133127	0.0606060606061	0.132653061224
1	aa_M	12	0.0171886767524	0.0155677655678	0.0106960950764	0.0216718266254	0.00925925925926	0.029702970297
1	aa_N	12	0.00784016409753	0	0	0.0127024291498	0	0.0344827586207
1	aa_P	12	0.036944652415	0.0304576376005	0.0237394957983	0.0490900383142	0.0210526315789	0.0631578947368
1	aa_Q	12	0.0225151772174	0.0197163947164	0.0116970926302	0.0253882915173	0	0.0566037735849
1	aa_R	12	0.0750855141093	0.0749574957496	0.0587938005391	0.0861170784103	0.0352941176471	0.115789473684
1	aa_S	12	0.096894959281	0.0980957372467	0.0770529994176	0.114912280702	0.047619047619	0.144230769231
1	aa_T	12	0.049987878697	0.0518837803321	0.0312599681021	0.0638778550149	0.0102040816327	0.0941176470588
1	aa_V	12	0.125456756936	0.120144284129	0.114268121042	0.138906632599	0.105263157895	0.148148148148
1	aa_W	12	0.00774905208989	0.0097581873572	0.00694444444444	0.0105829088851	0	0.0119047619048
1	aa_Y	12	0.0122011788173	0.0111234705228	0.00957002902758	0.0139790764791	0	0.0210526315789
2	constraint_score	10	0.648360655733	0.77459016395	0.506147540975	0.948770491775	0	0.9836065574
2	conservation_score	10	0.97391304347	0.97826086955	0.9565217391	1	0.9130434783	1
2	novelty_score	10	0.301642664278	0.30637952052	0.286424606845	0.329951166576	0.217391304348	0.34375
2	uniqueness_score	10	0.399994365086	0.405393206693	0.387555127565	0.420235725452	0.326581450718	0.44068825349
2	length	10	91.5	90	84.75	95.75	82	107
2	shannon_entropy_bits	10	3.80779660839	3.82158331622	3.73046362483	3.87412041279	3.70913309701	3.90445860318
2	max_residue_fraction	10	0.144296398602	0.144599303136	0.136675824176	0.150715800636	0.102803738318	0.172413793103
2	charged_fraction	10	0.282296981468	0.284573799346	0.251524390244	0.298657161804	0.239130434783	0.345794392523
2	gly_pro_fraction	10	0.0799304697243	0.0750469043152	0.0666919287609	0.083118556701	0.0449438202247	0.130434782609
2	longest_homopolymer	10	2.9	3	3	3	2	3
2	aa_A	10	0.120967183316	0.121415170196	0.107081492391	0.134498123827	0.0747663551402	0.168539325843
2	aa_C	10	0.00121951219512	0	0	0	0	0.0121951219512
2	aa_D	10	0.0796989457541	0.0777873811582	0.0636645962733	0.0837026688506	0.0487804878049	0.137931034483
2	aa_E	10	0.0913841460202	0.0881063305015	0.0741088180113	0.106058077437	0.0574712643678	0.134020618557
2	aa_F	10	0.0131957778526	0.0115703584805	0.0108994266603	0.0121951219512	0.00934579439252	0.0229885057471
2	aa_G	10	0.0521627575164	0.0474029475198	0.0389332772638	0.0508549157657	0.0337078651685	0.119565217391
2	aa_H	10	0.0140351381366	0.012049941928	0.0111153214601	0.0170674720766	0.0103092783505	0.0224719101124
2	aa_I	10	0.075616601978	0.0731707317073	0.0697653750444	0.0817307692308	0.0652173913043	0.0898876404494
2	aa_K	10	0.0428833709819	0.0426829268293	0.0330772113943	0.0558710951969	0.0119047619048	0.0673076923077
2	aa_L	10	0.0776776091422	0.0731707317073	0.0666919287609	0.081191588785	0.0576923076923	0.113402061856
2	aa_M	10	0.0151619826611	0.012049941928	0.0113005295105	0.0190959741193	0.0108695652174	0.0243902439024
2	aa_N	10	0.00917926690635	0.0103021978022	0	0.0121951219512	0	0.0238095238095
2	aa_P	10	0.0277677122079	0.0243902439024	0.0141740927289	0.0304074147502	0.0108695652174	0.0654205607477
2	aa_Q	10	0.0291354302167	0.0255129444623	0.0219223253542	0.0363675958188	0	0.0769230769231
2	aa_R	10	0.0683305187119	0.070197044335	0.0620360551432	0.0759849906191	0.0337078651685	0.0934579439252
2	aa_S	10	0.0817086727576	0.0829037800687	0.0773552290406	0.0862453095685	0.0652173913043	0.0934579439252
2	aa_T	10	0.0450374736428	0.0461641162576	0.0347906403941	0.0597766511373	0.0192307692308	0.0652173913043
2	aa_V	10	0.131872471103	0.142080745342	0.115950422796	0.145470383275	0.0934579439252	0.172413793103
2	aa_W	10	0.0109190763344	0.0113651039649	0.0108994266603	0.0121225319396	0	0.018691588785
2	aa_Y	10	0.0120463525652	0.0113651039649	0.0108994266603	0.0121225319396	0.00934579439252	0.020618556701
3	constraint_score	13	0.650063051715	0.7540983607	0.4836065574	0.893442623	0.06557377049	0.9836065574
3	conservation_score	13	0.979933110362	1	0.9565217391	1	0.8695652174	1
3	novelty_score	13	0.245792117906	0.26213592233	0.202127659574	0.28431372549	0.129032258065	0.306930693069
3	uniqueness_score	13	0.364967227805	0.369018679857	0.328601641831	0.40587543547	0.295790340028	0.424579883828
3	length	13	92.5384615385	91	88	100	81	103
3	shannon_entropy_bits	13	3.74817235015	3.76929854705	3.67706644245	3.8110137386	3.61325829131	3.82915768325
3	max_residue_fraction	13	0.144343455629	0.148514851485	0.135922330097	0.154761904762	0.10752688172	0.172839506173
3	charged_fraction	13	0.301833871192	0.296703296703	0.287128712871	0.313725490196	0.271739130435	0.34
3	gly_pro_fraction	13	0.0817718031974	0.0869565217391	0.0714285714286	0.0888888888889	0.0617283950617	0.1
3	longest_homopolymer	13	3.07692307692	3	3	3	3	4
3	aa_A	13	0.111212466008	0.102272727273	0.0980392156863	0.123456790123	0.0873786407767	0.152173913043
3	aa_C	13	0.00250986637125	0	0	0	0	0.0113636363636
3	aa_D	13	0.0748814349027	0.0740740740741	0.0666666666667	0.08	0.0588235294118	0.0967741935484
3	aa_E	13	0.13006369432	0.133333333333	0.117647058824	0.152173913043	0.0792079207921	0.16
3	aa_F	13	0.0114381969126	0.0111111111111	0.010752688172	0.0123456790123	0	0.02
3	aa_G	13	0.0418578494606	0.043956043956	0.0322580645161	0.0490196078431	0.0227272727273	0.0679611650485
3	aa_H	13	0.0114977647212	0.0111111111111	0.010752688172	0.0119047619048	0	0.019801980198
3	aa_I	13	0.0709406442015	0.0714285714286	0.0617283950617	0.078431372549	0.029702970297	0.108695652174
3	aa_K	13	0.0315864059755	0.03	0.0222222222222	0.037037037037	0.019801980198	0.0490196078431
3	aa_L	13	0.0791629767171	0.0777777777778	0.0693069306931	0.0833333333333	0.0555555555556	0.120879120879
3	aa_M	13	0.0126402474586	0.0111111111111	0.01	0.0113636363636	0.00970873786408	0.0246913580247
3	aa_N	13	0.00238554624693	0	0	0	0	0.0111111111111
3	aa_P	13	0.0399139537369	0.037037037037	0.0326086956522	0.0537634408602	0.0194174757282	0.0594059405941
3	aa_Q	13	0.0325788148543	0.0340909090909	0.0123456790123	0.0434782608696	0.010989010989	0.0588235294118
3	aa_R	13	0.0653023359942	0.0617283950617	0.0555555555556	0.0752688172043	0.0326086956522	0.108910891089
3	aa_S	13	0.0979026787518	0.0989010989011	0.08	0.111111111111	0.054347826087	0.159090909091
3	aa_T	13	0.0342919620518	0.0326086956522	0.0227272727273	0.043956043956	0.0113636363636	0.0776699029126
3	aa_V	13	0.128006744272	0.133333333333	0.10752688172	0.144444444444	0.0978260869565	0.172839506173
3	aa_W	13	0.00839801993052	0.0108695652174	0.00970873786408	0.0111111111111	0	0.0119047619048
3	aa_Y	13	0.013428397113	0.0111111111111	0.01	0.0123456790123	0.00970873786408	0.0227272727273
4	constraint_score	15	0.736065573773	0.868852459	0.5450819672	0.91393442625	0.2540983607	0.9836065574
4	conservation_score	15	0.99130434782	1	1	1	0.9565217391	1
4	novelty_score	15	0.187335557154	0.191489361702	0.15780141844	0.227187426694	0.0851063829787	0.268518518519
4	uniqueness_score	15	0.332742770816	0.332993738511	0.313830641033	0.34851117246	0.27537767825	0.39877749537
4	length	15	95.2666666667	93	89.5	102.5	86	108
4	shannon_entropy_bits	15	3.76075867172	3.74742930019	3.73185736092	3.78606472199	3.69782909158	3.8693590876
4	max_residue_fraction	15	0.140895934868	0.140186915888	0.132260596546	0.1469348659	0.122641509434	0.166666666667
4	charged_fraction	15	0.293341271786	0.302325581395	0.277289985762	0.311827956989	0.245283018868	0.322222222222
4	gly_pro_fraction	15	0.0810310843705	0.0786516853933	0.0652250974832	0.0832691567193	0.0537634408602	0.148148148148
4	longest_homopolymer	15	3.46666666667	3	3	3	3	9
4	aa_A	15	0.117083888327	0.116279069767	0.105650233313	0.126741315465	0.1	0.149425287356
4	aa_C	15	0.00062893081761	0	0	0	0	0.00943396226415
4	aa_D	15	0.0705458360613	0.0769230769231	0.0593478770819	0.0811017148226	0.0467289719626	0.093023255814
4	aa_E	15	0.131929809327	0.138888888889	0.114261983863	0.141461787688	0.101123595506	0.166666666667
4	aa_F	15	0.0127981605075	0.010989010989	0.00976748618258	0.0115610799252	0.00925925925926	0.0232558139535
4	aa_G	15	0.0460299758465	0.040404040404	0.0327956989247	0.0487660180351	0.0232558139535	0.12037037037
4	aa_H	15	0.0119350516485	0.010989010989	0.0101525458668	0.0115610799252	0.00925925925926	0.0222222222222
4	aa_I	15	0.069540087333	0.0752688172043	0.0580808080808	0.0782147315855	0.0348837209302	0.0989010989011
4	aa_K	15	0.0289972099431	0.0283018867925	0.0222222222222	0.0333374490678	0.018691588785	0.0459770114943
4	aa_L	15	0.0914897793177	0.0925925925926	0.0873966504134	0.0978376462247	0.0747663551402	0.104651162791
4	aa_M	15	0.0146308544659	0.0114942528736	0.0108708495805	0.0187797566567	0.00943396226415	0.0232558139535
4	aa_N	15	0.0033888489275	0	0	0.00505050505051	0	0.0188679245283
4	aa_P	15	0.035001108524	0.0333333333333	0.0253831417625	0.0426739303144	0.0116279069767	0.0660377358491
4	aa_Q	15	0.0285908090813	0.0283018867925	0.0222249660452	0.0341085271318	0.0102040816327	0.0505050505051
4	aa_R	15	0.0618684164545	0.0645161290323	0.0488374309129	0.0705980066445	0.037037037037	0.0898876404494
4	aa_S	15	0.0866876614446	0.0898876404494	0.0795865633075	0.0936814392277	0.0549450549451	0.130841121495
4	aa_T	15	0.0417538144507	0.0408163265306	0.0335205992509	0.0488374309129	0.0229885057471	0.0581395348837
4	aa_V	15	0.126797653143	0.123595505618	0.121858774663	0.131590631591	0.114942528736	0.151162790698
4	aa_W	15	0.00910779347128	0.0102040816327	0.00938987832834	0.0111735330836	0	0.0116279069767
4	aa_Y	15	0.0111943109078	0.010989010989	0.0101525458668	0.0113651039649	0.00925925925926	0.0188679245283
5	constraint_score	13	0.660151324085	0.8032786885	0.5	0.868852459	0	0.9836065574
5	conservation_score	13	0.979933110377	1	1	1	0.9130434783	1
5	novelty_score	13	0.178301061893	0.202127659574	0.147058823529	0.218390804598	0.0736842105263	0.229166666667
5	uniqueness_score	13	0.326907360382	0.336044369652	0.310257622568	0.343390459658	0.267822037976	0.372119855486
5	length	13	94.8461538462	92	89	96	85	111
5	shannon_entropy_bits	13	3.7560302227	3.75765321202	3.7355535851	3.7785917323	3.69524908176	3.82269547124
5	max_residue_fraction	13	0.147778975229	0.147368421053	0.141304347826	0.155555555556	0.127272727273	0.166666666667
5	charged_fraction	13	0.308989510993	0.303921568627	0.297297297297	0.325842696629	0.263636363636	0.372340425532
5	gly_pro_fraction	13	0.0751309690943	0.0681818181818	0.0652173913043	0.078431372549	0.0588235294118	0.136363636364
5	longest_homopolymer	13	3.46153846154	3	3	3	3	7
5	aa_A	13	0.110531988998	0.112359550562	0.1	0.118181818182	0.0869565217391	0.130434782609
5	aa_C	13	0.000693000693001	0	0	0	0	0.00900900900901
5	aa_D	13	0.0654358594906	0.063829787234	0.0545454545455	0.0705882352941	0.0520833333333	0.0869565217391
5	aa_E	13	0.146873997854	0.14606741573	0.141176470588	0.155555555556	0.127272727273	0.166666666667
5	aa_F	13	0.0123166912654	0.0108695652174	0.0105263157895	0.0112359550562	0.00900900900901	0.0235294117647
5	aa_G	13	0.0407843027802	0.0337078651685	0.0315789473684	0.0449438202247	0.0227272727273	0.0909090909091
5	aa_H	13	0.0106104318386	0.0108695652174	0.0104166666667	0.0112359550562	0.00900900900901	0.0117647058824
5	aa_I	13	0.0764469398722	0.0705882352941	0.0625	0.1	0.0392156862745	0.113636363636
5	aa_K	13	0.0381911908517	0.0352941176471	0.027027027027	0.0454545454545	0.0217391304348	0.063829787234
5	aa_L	13	0.0875981408157	0.0888888888889	0.0818181818182	0.09375	0.0652173913043	0.119565217391
5	aa_M	13	0.0122387055257	0.0108695652174	0.0105263157895	0.0112359550562	0.00900900900901	0.0227272727273
5	aa_N	13	0.0039205763277	0	0	0	0	0.0208333333333
5	aa_P	13	0.0343466663141	0.0333333333333	0.03125	0.0421052631579	0.0117647058824	0.0540540540541
5	aa_Q	13	0.0253447911033	0.027027027027	0.0212765957447	0.0326086956522	0	0.0416666666667
5	aa_R	13	0.0584884627964	0.0555555555556	0.0520833333333	0.0674157303371	0.0434782608696	0.0851063829787
5	aa_S	13	0.0851293190279	0.0882352941176	0.0652173913043	0.1	0.0531914893617	0.117117117117
5	aa_T	13	0.0463610757729	0.0449438202247	0.0333333333333	0.0545454545455	0.0227272727273	0.0760869565217
5	aa_V	13	0.121876726782	0.118181818182	0.108108108108	0.135416666667	0.0909090909091	0.152941176471
5	aa_W	13	0.0106104318386	0.0108695652174	0.0104166666667	0.0112359550562	0.00900900900901	0.0117647058824
5	aa_Y	13	0.0122007000529	0.0111111111111	0.0105263157895	0.0113636363636	0.00900900900901	0.0217391304348
6	constraint_score	11	0.829359165436	0.868852459	0.82786885245	0.94262295085	0.2786885246	0.9836065574
6	conservation_score	11	1	1	1	1	1	1
6	novelty_score	11	0.123024751999	0.117021276596	0.0736842105263	0.177020340847	0.0631578947368	0.197916666667
6	uniqueness_score	11	0.29850049191	0.28255740127	0.27510700575	0.332264307726	0.264566262818	0.338296160573
6	length	11	95.0909090909	94	92	96	89	107
6	shannon_entropy_bits	11	3.78054208975	3.78525851604	3.76213098163	3.80132464294	3.72588806896	3.82562472321
6	max_residue_fraction	11	0.147496561523	0.14606741573	0.140745631857	0.152173913043	0.126315789474	0.175824175824
6	charged_fraction	11	0.303044555055	0.305263157895	0.295675300648	0.311454849498	0.274509803922	0.319587628866
6	gly_pro_fraction	11	0.077665652527	0.0760869565217	0.0694508009153	0.081879034186	0.043956043956	0.11214953271
6	longest_homopolymer	11	3	3	3	3	3	3
6	aa_A	11	0.103473452971	0.105263157895	0.0984701572937	0.108695652174	0.0841121495327	0.119565217391
6	aa_C	11	0.00198714329149	0	0	0	0	0.010989010989
6	aa_D	11	0.0702973897036	0.0652173913043	0.0645235892692	0.0761679479598	0.043956043956	0.102803738318
6	aa_E	11	0.144906060582	0.14606741573	0.134377664109	0.152173913043	0.121495327103	0.175824175824
6	aa_F	11	0.0125535550667	0.0106382978723	0.01041779707	0.0109292881032	0.00934579439252	0.0224719101124
6	aa_G	11	0.0349599765546	0.031914893617	0.0267784846732	0.0385930630191	0.020618556701	0.0686274509804
6	aa_H	11	0.0123724350345	0.0108695652174	0.0105823068309	0.0111124830226	0.00934579439252	0.020618556701
6	aa_I	11	0.0720465071459	0.0736842105263	0.0652173913043	0.0773693209575	0.0560747663551	0.0879120879121
6	aa_K	11	0.0266942437611	0.021978021978	0.0215078630897	0.029808165273	0.0196078431373	0.0515463917526
6	aa_L	11	0.0909729879351	0.0879120879121	0.0846092662557	0.0979302188054	0.0760869565217	0.108695652174
6	aa_M	11	0.0125644137732	0.0106382978723	0.01041779707	0.0108695652174	0.00934579439252	0.0224719101124
6	aa_N	11	0.00285738458454	0	0	0.00490196078431	0	0.010989010989
6	aa_P	11	0.0427056759723	0.0421052631579	0.0402263998383	0.0442110405471	0.021978021978	0.0654205607477
6	aa_Q	11	0.034372252236	0.0326086956522	0.03125339121	0.039744220364	0.0224719101124	0.0434782608696
6	aa_R	11	0.0611468610083	0.0631578947368	0.0575016523463	0.0652173913043	0.0526315789474	0.0659340659341
6	aa_S	11	0.0848368895516	0.0851063829787	0.0792805916629	0.0908466190214	0.0652173913043	0.105263157895
6	aa_T	11	0.0432192169668	0.0434782608696	0.0423292273236	0.0464878258996	0.0280373831776	0.0561797752809
6	aa_V	11	0.126945629233	0.123711340206	0.118950198737	0.133844842285	0.115789473684	0.141304347826
6	aa_W	11	0.0105439623146	0.0106382978723	0.01041779707	0.0108695652174	0.00934579439252	0.0112359550562
6	aa_Y	11	0.0105439623146	0.0106382978723	0.01041779707	0.0108695652174	0.00934579439252	0.0112359550562
7	constraint_score	12	0.76775956285	0.8114754098	0.760245901675	0.8668032787	0	0.9836065574
7	conservation_score	12	0.996376811592	1	1	1	0.9565217391	1
7	novelty_score	12	0.10791907675	0.106395019807	0.0923200859294	0.122419422794	0.0526315789474	0.170212765957
7	uniqueness_score	12	0.291196568581	0.287795121027	0.278398711587	0.299326606841	0.257351464613	0.334580840169
7	length	12	93.9166666667	93.5	91.75	95.75	88	101
7	shannon_entropy_bits	12	3.77344779928	3.76920666645	3.7499615457	3.79794724144	3.72475791596	3.82376664382
7	max_residue_fraction	12	0.141058947499	0.137727983325	0.131747860434	0.152395740905	0.113636363636	0.164835164835
7	charged_fraction	12	0.30342115854	0.305692803437	0.294422196796	0.312522653135	0.284090909091	0.318681318681
7	gly_pro_fraction	12	0.077308402741	0.0748684511553	0.0731203007519	0.0807278944797	0.0594059405941	0.102040816327
7	longest_homopolymer	12	3	3	3	3	3	3
7	aa_A	12	0.103056176702	0.105263157895	0.100036245016	0.108994266603	0.0851063829787	0.113636363636
7	aa_C	12	0	0	0	0	0	0
7	aa_D	12	0.071883313687	0.0736842105263	0.0655795817086	0.078790744243	0.054347826087	0.0851063829787
7	aa_E	12	0.140181754516	0.137727983325	0.128689087165	0.152395740905	0.113636363636	0.164835164835
7	aa_F	12	0.0140759231685	0.0111124830226	0.010752688172	0.0199535259648	0.0105263157895	0.0212765957447
7	aa_G	12	0.0329476161472	0.0317469204927	0.030612244898	0.0331522410174	0.0215053763441	0.0454545454545
7	aa_H	12	0.0116106052625	0.0106954930222	0.0104457572503	0.0108994266603	0.00990099009901	0.0227272727273
7	aa_I	12	0.0710661061146	0.0695493022192	0.0590762620838	0.0864941510103	0.0434782608696	0.0990099009901
7	aa_K	12	0.0273939705119	0.0266697588126	0.0216806919121	0.0317487266553	0.0204081632653	0.039603960396
7	aa_L	12	0.0940704658983	0.0957555178268	0.0918367346939	0.0989282994233	0.0645161290323	0.113636363636
7	aa_M	12	0.0132351155575	0.0109292881032	0.0106103023516	0.0134732223222	0.0102040816327	0.0215053763441
7	aa_N	12	0	0	0	0	0	0
7	aa_P	12	0.0443607865938	0.0427819720888	0.0417830290011	0.0450715015322	0.029702970297	0.0714285714286
7	aa_Q	12	0.0382211253258	0.0372620958496	0.0296880538816	0.0450727883539	0.019801980198	0.0631578947368
7	aa_R	12	0.0639621198249	0.0634938409854	0.0612244897959	0.0657669760625	0.0549450549451	0.0752688172043
7	aa_S	12	0.0884599206894	0.0860613071139	0.0802462289264	0.095246179966	0.0681818181818	0.118811881188
7	aa_T	12	0.0424889389678	0.04168475901	0.0331756357185	0.0505695730863	0.0227272727273	0.0645161290323
7	aa_V	12	0.12071062208	0.120364274742	0.109299302848	0.135334121821	0.0891089108911	0.152173913043
7	aa_W	12	0.00983855305724	0.0106954930222	0.0104457572503	0.0108994266603	0	0.0113636363636
7	aa_Y	12	0.0124368858956	0.0108111266947	0.0104457572503	0.011267875383	0.00990099009901	0.0215053763441
8	constraint_score	4	0.795081967225	0.79098360655	0.772540983625	0.81352459015	0.7540983607	0.8442622951
8	conservation_score	4	1	1	1	1	1	1
8	novelty_score	4	0.103197509904	0.0958687040179	0.0789473684211	0.120118845501	0.0631578947368	0.157894736842
8	uniqueness_score	4	0.291970525778	0.28602669496	0.275410351787	0.302586868951	0.269096599065	0.326732114127
8	length	4	93.25	94.5	92.75	95	89	95
8	shannon_entropy_bits	4	3.74969578966	3.75516025958	3.7356713277	3.76918472153	3.70050195823	3.78796068124
8	max_residue_fraction	4	0.144775532544	0.146717918391	0.144125029883	0.147368421053	0.13829787234	0.147368421053
8	charged_fraction	4	0.310743674271	0.310526315789	0.294086339444	0.327183650616	0.292134831461	0.329787234043
8	gly_pro_fraction	4	0.0805906111202	0.0793952967525	0.0736842105263	0.0863016973464	0.0736842105263	0.0898876404494
8	longest_homopolymer	4	3	3	3	3	3	3
8	aa_A	4	0.105217861771	0.100559910414	0.0894736842105	0.116304087975	0.0736842105263	0.14606741573
8	aa_C	4	0	0	0	0	0	0
8	aa_D	4	0.0724904689407	0.0740761478163	0.0710526315789	0.0755139851781	0.0631578947368	0.0786516853933
8	aa_E	4	0.139512374649	0.142182644035	0.135302351624	0.146392667061	0.126315789474	0.147368421053
8	aa_F	4	0.0133633000742	0.0109371264643	0.0106103023516	0.0136901241869	0.0105263157895	0.0210526315789
8	aa_G	4	0.0295635844332	0.0317469204927	0.0289473684211	0.0323631365049	0.0210526315789	0.0337078651685
8	aa_H	4	0.0081001421795	0.0105823068309	0.00789473684211	0.0107877121683	0	0.0112359550562
8	aa_I	4	0.0589497590498	0.0596688350089	0.0552927261975	0.0633258678611	0.0526315789474	0.063829787234
8	aa_K	4	0.0347053235527	0.0315789473684	0.0293021880544	0.0369820828667	0.0224719101124	0.0531914893617
8	aa_L	4	0.0939539111944	0.0984341381783	0.0902295632699	0.102158486103	0.0736842105263	0.105263157895
8	aa_M	4	0.0133633000742	0.0109371264643	0.0106103023516	0.0136901241869	0.0105263157895	0.0210526315789
8	aa_N	4	0	0	0	0	0	0
8	aa_P	4	0.051027026687	0.0529115341545	0.05	0.0539385608415	0.0421052631579	0.0561797752809
8	aa_Q	4	0.0267545956692	0.0270254287404	0.022117090479	0.0316629339306	0.0210526315789	0.031914893617
8	aa_R	4	0.0640355071278	0.0687569988802	0.0591082954817	0.0736842105263	0.0449438202247	0.0736842105263
8	aa_S	4	0.093216276407	0.0951847704367	0.0778747310543	0.110526315789	0.0561797752809	0.126315789474
8	aa_T	4	0.0428988889868	0.0435245416913	0.0395576707727	0.0468657599054	0.031914893617	0.0526315789474
8	aa_V	4	0.128752658002	0.125926368635	0.116713325868	0.137965700769	0.115789473684	0.147368421053
8	aa_W	4	0.0133633000742	0.0109371264643	0.0106103023516	0.0136901241869	0.0105263157895	0.0210526315789
8	aa_Y	4	0.0107317211269	0.0105823068309	0.0105263157895	0.0107877121683	0.0105263157895	0.0112359550562
9	constraint_score	5	0.5868852459	0.7213114754	0.7213114754	0.737704918	0	0.7540983607
9	conservation_score	5	1	1	1	1	1	1
9	novelty_score	5	0.137482480223	0.145833333333	0.126315789474	0.148936170213	0.115789473684	0.150537634409
9	uniqueness_score	5	0.302104312564	0.299802980413	0.297974569474	0.305333713323	0.288953892905	0.318456406707
9	length	5	93.4	95	93	95	88	96
9	shannon_entropy_bits	5	3.74124163623	3.75811579625	3.70176461465	3.77166025444	3.68791716246	3.78675035334
9	max_residue_fraction	5	0.149827005196	0.147368421053	0.145833333333	0.147727272727	0.139784946237	0.168421052632
9	charged_fraction	5	0.297761485826	0.294736842105	0.291666666667	0.305263157895	0.290322580645	0.306818181818
9	gly_pro_fraction	5	0.0769357411123	0.0752688172043	0.0736842105263	0.0833333333333	0.0681818181818	0.0842105263158
9	longest_homopolymer	5	2.8	3	3	3	2	3
9	aa_A	5	0.109422043011	0.114583333333	0.10752688172	0.115789473684	0.0842105263158	0.125
9	aa_C	5	0	0	0	0	0	0
9	aa_D	5	0.072981813037	0.0736842105263	0.0631578947368	0.0795454545455	0.0625	0.0860215053763
9	aa_E	5	0.149827005196	0.147368421053	0.145833333333	0.147727272727	0.139784946237	0.168421052632
9	aa_F	5	0.0128004578896	0.010752688172	0.0105263157895	0.0113636363636	0.0105263157895	0.0208333333333
9	aa_G	5	0.0342566368267	0.0322580645161	0.0315789473684	0.0340909090909	0.03125	0.0421052631579
9	aa_H	5	0.0107171245563	0.0105263157895	0.0105263157895	0.010752688172	0.0104166666667	0.0113636363636
9	aa_I	5	0.0817172789011	0.09375	0.0631578947368	0.0967741935484	0.0526315789474	0.102272727273
9	aa_K	5	0.0235175824459	0.0215053763441	0.0210526315789	0.0227272727273	0.0210526315789	0.03125
9	aa_L	5	0.0940358594433	0.0947368421053	0.0833333333333	0.0967741935484	0.0795454545455	0.115789473684
9	aa_M	5	0.0107171245563	0.0105263157895	0.0105263157895	0.010752688172	0.0104166666667	0.0113636363636
9	aa_N	5	0	0	0	0	0	0
9	aa_P	5	0.0426791042856	0.0421052631579	0.0421052631579	0.0430107526882	0.0340909090909	0.0520833333333
9	aa_Q	5	0.0299239208726	0.03125	0.0227272727273	0.0315789473684	0.0210526315789	0.0430107526882
9	aa_R	5	0.0514350851469	0.0526315789474	0.0520833333333	0.0526315789474	0.0430107526882	0.0568181818182
9	aa_S	5	0.081079063127	0.0842105263158	0.0681818181818	0.09375	0.0645161290323	0.0947368421053
9	aa_T	5	0.0555906261254	0.0526315789474	0.0454545454545	0.0645161290323	0.0416666666667	0.0736842105263
9	aa_V	5	0.117865025467	0.115789473684	0.10752688172	0.125	0.104166666667	0.136842105263
9	aa_W	5	0.00844439728353	0.0105263157895	0.0104166666667	0.0105263157895	0	0.010752688172
9	aa_Y	5	0.012989851829	0.0105263157895	0.0105263157895	0.010752688172	0.0104166666667	0.0227272727273
10	constraint_score	4	0.67418032785	0.68032786885	0.62909836065	0.72540983605	0.5983606557	0.737704918
10	conservation_score	4	1	1	1	1	1	1
10	novelty_score	4	0.109694943921	0.101018675722	0.0953079178886	0.115405701755	0.0909090909091	0.145833333333
10	uniqueness_score	4	0.299021126318	0.295720033926	0.293312750979	0.301428409265	0.28969962302	0.314944814398
10	length	4	95.5	95	93.75	96.75	93	99
10	shannon_entropy_bits	4	3.74190321386	3.73688231505	3.72730915048	3.75147637844	3.72463790247	3.76921032288
10	max_residue_fraction	4	0.148963738708	0.144360558225	0.138692876344	0.154631420589	0.135416666667	0.171717171717
10	charged_fraction	4	0.301070719203	0.302052785924	0.29872311828	0.304400386847	0.291666666667	0.308510638298
10	gly_pro_fraction	4	0.0836830036813	0.0846774193548	0.0811170212766	0.0872434017595	0.0744680851064	0.0909090909091
10	longest_homopolymer	4	3	3	3	3	3	3
10	aa_A	4	0.102246404505	0.105274822695	0.100852272727	0.106668954473	0.0909090909091	0.10752688172
10	aa_C	4	0	0	0	0	0	0
10	aa_D	4	0.0629419083595	0.0641729581332	0.0604986030518	0.0666162634409	0.0505050505051	0.0729166666667
10	aa_E	4	0.148963738708	0.144360558225	0.138692876344	0.154631420589	0.135416666667	0.171717171717
10	aa_F	4	0.010477165703	0.0105274822695	0.0103377525253	0.0106668954473	0.010101010101	0.010752688172
10	aa_G	4	0.0392994049105	0.0374056280027	0.0317693059629	0.0449357269504	0.030303030303	0.0520833333333
10	aa_H	4	0.0131367401711	0.0105846774194	0.0103377525253	0.0133836650652	0.010101010101	0.0212765957447
10	aa_I	4	0.0703833439924	0.0687163978495	0.0616849691146	0.0774147727273	0.0531914893617	0.0909090909091
10	aa_K	4	0.0209257338311	0.0205176767677	0.0178396871945	0.0236037234043	0.010752688172	0.031914893617
10	aa_L	4	0.0891650721352	0.0895390070922	0.082702020202	0.0960020590254	0.0808080808081	0.0967741935484
10	aa_M	4	0.010477165703	0.0105274822695	0.0103377525253	0.0106668954473	0.010101010101	0.010752688172
10	aa_N	4	0.00265957446809	0	0	0.00265957446809	0	0.0106382978723
10	aa_P	4	0.0443835987708	0.0428391672386	0.0317486702128	0.0554740957967	0.03125	0.0606060606061
10	aa_Q	4	0.0234241761299	0.0259042033236	0.0187886067261	0.0305397727273	0.0106382978723	0.03125
10	aa_R	4	0.0682393383041	0.063164893617	0.0620265151515	0.0693777167696	0.0606060606061	0.0860215053763
10	aa_S	4	0.0965728189583	0.0999556737589	0.0906257149394	0.105902777778	0.0752688172043	0.111111111111
10	aa_T	4	0.0498102594233	0.0465291209972	0.0423315602837	0.0540078201369	0.0416666666667	0.0645161290323
10	aa_V	4	0.12593922452	0.132224462366	0.122026718801	0.136136968085	0.10101010101	0.13829787234
10	aa_W	4	0.010477165703	0.0105274822695	0.0103377525253	0.0106668954473	0.010101010101	0.010752688172
10	aa_Y	4	0.010477165703	0.0105274822695	0.0103377525253	0.0106668954473	0.010101010101	0.010752688172
11	constraint_score	3	0.532786885233	0.5983606557	0.4795081967	0.618852459	0.3606557377	0.6393442623
11	conservation_score	3	1	1	1	1	1	1
11	novelty_score	3	0.0999559911681	0.114583333333	0.0836074561402	0.123618197278	0.0526315789474	0.132653061224
11	uniqueness_score	3	0.287625933678	0.298946636174	0.279843211367	0.301069007236	0.26073978656	0.303191378299
11	length	3	95.6666666667	96	94.5	97	93	98
11	shannon_entropy_bits	3	3.73219100157	3.72294100939	3.70170958156	3.75804742549	3.68047815373	3.79315384159
11	max_residue_fraction	3	0.139606649111	0.145833333333	0.134141156463	0.148185483871	0.122448979592	0.150537634409
11	charged_fraction	3	0.29640296979	0.291666666667	0.28869047619	0.301747311828	0.285714285714	0.311827956989
11	gly_pro_fraction	3	0.083662497257	0.0833333333333	0.0824829931973	0.0846774193548	0.0816326530612	0.0860215053763
11	longest_homopolymer	3	3	3	3	3	3	3
11	aa_A	3	0.115106795406	0.118279569892	0.11016019311	0.121639784946	0.102040816327	0.125
11	aa_C	3	0	0	0	0	0	0
11	aa_D	3	0.0765649001536	0.0714285714286	0.0679723502304	0.0825892857143	0.0645161290323	0.09375
11	aa_E	3	0.1257886219	0.114583333333	0.113414115646	0.132560483871	0.112244897959	0.150537634409
11	aa_F	3	0.0104578121571	0.0104166666667	0.0103103741497	0.0105846774194	0.0102040816327	0.010752688172
11	aa_G	3	0.0382470192378	0.0408163265306	0.0365371955234	0.0412414965986	0.0322580645161	0.0416666666667
11	aa_H	3	0.0104578121571	0.0104166666667	0.0103103741497	0.0105846774194	0.0102040816327	0.010752688172
11	aa_I	3	0.0555784141614	0.0612244897959	0.052117621242	0.061862244898	0.0430107526882	0.0625
11	aa_K	3	0.0347747970156	0.0322580645161	0.0317540322581	0.0365371955234	0.03125	0.0408163265306
11	aa_L	3	0.0906480871919	0.0918367346939	0.0875850340136	0.0943054641211	0.0833333333333	0.0967741935484
11	aa_M	3	0.0104578121571	0.0104166666667	0.0103103741497	0.0105846774194	0.0102040816327	0.010752688172
11	aa_N	3	0	0	0	0	0	0
11	aa_P	3	0.0454154780192	0.0416666666667	0.0412414965986	0.0477150537634	0.0408163265306	0.0537634408602
11	aa_Q	3	0.0311905676249	0.03125	0.026377688172	0.0360331632653	0.0215053763441	0.0408163265306
11	aa_R	3	0.0592746507205	0.0612244897959	0.0566539115646	0.0628703094141	0.0520833333333	0.0645161290323
11	aa_S	3	0.107796613269	0.104166666667	0.100470430108	0.113307823129	0.0967741935484	0.122448979592
11	aa_T	3	0.0277183454027	0.0215053763441	0.0211693548387	0.0311608514373	0.0208333333333	0.0408163265306
11	aa_V	3	0.139606649111	0.145833333333	0.134141156463	0.148185483871	0.122448979592	0.150537634409
11	aa_W	3	0.0104578121571	0.0104166666667	0.0103103741497	0.0105846774194	0.0102040816327	0.010752688172
11	aa_Y	3	0.0104578121571	0.0104166666667	0.0103103741497	0.0105846774194	0.0102040816327	0.010752688172
12	constraint_score	2	0.38524590165	0.38524590165	0.331967213125	0.438524590175	0.2786885246	0.4918032787
12	conservation_score	2	0.97826086955	0.97826086955	0.967391304325	0.989130434775	0.9565217391	1
12	novelty_score	2	0.0984213917525	0.0984213917525	0.0960856958763	0.100757087629	0.09375	0.103092783505
12	uniqueness_score	2	0.295248938927	0.295248938927	0.293853407624	0.296644470231	0.29245787632	0.298040001535
12	length	2	96.5	96.5	96.25	96.75	96	97
12	shannon_entropy_bits	2	3.73730529781	3.73730529781	3.71954045552	3.75507014009	3.70177561324	3.77283498237
12	max_residue_fraction	2	0.150236254296	0.150236254296	0.148034793814	0.152437714777	0.145833333333	0.154639175258
12	charged_fraction	2	0.305627147766	0.305627147766	0.298646907216	0.312607388316	0.291666666667	0.319587628866
12	gly_pro_fraction	2	0.088058419244	0.088058419244	0.0856958762887	0.0904209621993	0.0833333333333	0.0927835051546
12	longest_homopolymer	2	3	3	3	3	3	3
12	aa_A	2	0.103576030928	0.103576030928	0.0986630154639	0.108489046392	0.09375	0.113402061856
12	aa_C	2	0	0	0	0	0	0
12	aa_D	2	0.0673324742268	0.0673324742268	0.0649162371134	0.0697487113402	0.0625	0.0721649484536
12	aa_E	2	0.150236254296	0.150236254296	0.148034793814	0.152437714777	0.145833333333	0.154639175258
12	aa_F	2	0.0155713058419	0.0155713058419	0.0129402920962	0.0182023195876	0.0103092783505	0.0208333333333
12	aa_G	2	0.0414518900344	0.0414518900344	0.0413445017182	0.0415592783505	0.0412371134021	0.0416666666667
12	aa_H	2	0.0155713058419	0.0155713058419	0.0129402920962	0.0182023195876	0.0103092783505	0.0208333333333
12	aa_I	2	0.0570231958763	0.0570231958763	0.0542847938144	0.0597615979381	0.0515463917526	0.0625
12	aa_K	2	0.0258805841924	0.0258805841924	0.0233569587629	0.028404209622	0.0208333333333	0.0309278350515
12	aa_L	2	0.113992697595	0.113992697595	0.113697379725	0.114288015464	0.113402061856	0.114583333333
12	aa_M	2	0.0103629725086	0.0103629725086	0.0103361254296	0.0103898195876	0.0103092783505	0.0104166666667
12	aa_N	2	0	0	0	0	0	0
12	aa_P	2	0.0466065292096	0.0466065292096	0.0441365979381	0.0490764604811	0.0416666666667	0.0515463917526
12	aa_Q	2	0.0207259450172	0.0207259450172	0.0206722508591	0.0207796391753	0.020618556701	0.0208333333333
12	aa_R	2	0.0621778350515	0.0621778350515	0.0620167525773	0.0623389175258	0.0618556701031	0.0625
12	aa_S	2	0.0984213917526	0.0984213917526	0.0960856958763	0.100757087629	0.09375	0.103092783505
12	aa_T	2	0.0311426116838	0.0311426116838	0.0258805841924	0.0364046391753	0.020618556701	0.0416666666667
12	aa_V	2	0.119201030928	0.119201030928	0.116301546392	0.122100515464	0.113402061856	0.125
12	aa_W	2	0.0103629725086	0.0103629725086	0.0103361254296	0.0103898195876	0.0103092783505	0.0104166666667
12	aa_Y	2	0.0103629725086	0.0103629725086	0.0103361254296	0.0103898195876	0.0103092783505	0.0104166666667
