front_id	control_id	feature	front_value	control_value	difference
vae_candidate_000061	vae_candidate_000264	constraint_score	0.2786885246	0.8606557377	-0.5819672131
vae_candidate_000061	vae_candidate_000264	conservation_score	0.8695652174	1	-0.1304347826
vae_candidate_000061	vae_candidate_000264	novelty_score	0.581818181818	0.2	0.381818181818
vae_candidate_000061	vae_candidate_000264	uniqueness_score	0.624763575354	0.33928209645	0.285481478904
vae_candidate_000061	vae_candidate_000264	length	110	110	0
vae_candidate_000061	vae_candidate_000264	shannon_entropy_bits	3.83946138498	3.7447127725	0.0947486124832
vae_candidate_000061	vae_candidate_000264	max_residue_fraction	0.127272727273	0.127272727273	0
vae_candidate_000061	vae_candidate_000264	charged_fraction	0.327272727273	0.263636363636	0.0636363636364
vae_candidate_000061	vae_candidate_000264	gly_pro_fraction	0.1	0.136363636364	-0.0363636363636
vae_candidate_000061	vae_candidate_000264	longest_homopolymer	3	7	-4
vae_candidate_000061	vae_candidate_000264	aa_A	0.0818181818182	0.118181818182	-0.0363636363636
vae_candidate_000061	vae_candidate_000264	aa_C	0.00909090909091	0	0.00909090909091
vae_candidate_000061	vae_candidate_000264	aa_D	0.127272727273	0.0545454545455	0.0727272727273
vae_candidate_000061	vae_candidate_000264	aa_E	0.0909090909091	0.127272727273	-0.0363636363636
vae_candidate_000061	vae_candidate_000264	aa_F	0.0272727272727	0.00909090909091	0.0181818181818
vae_candidate_000061	vae_candidate_000264	aa_G	0.0454545454545	0.0909090909091	-0.0454545454545
vae_candidate_000061	vae_candidate_000264	aa_H	0	0.00909090909091	-0.00909090909091
vae_candidate_000061	vae_candidate_000264	aa_I	0.0727272727273	0.0545454545455	0.0181818181818
vae_candidate_000061	vae_candidate_000264	aa_K	0.00909090909091	0.0363636363636	-0.0272727272727
vae_candidate_000061	vae_candidate_000264	aa_L	0.0727272727273	0.0818181818182	-0.00909090909091
vae_candidate_000061	vae_candidate_000264	aa_M	0.0181818181818	0.00909090909091	0.00909090909091
vae_candidate_000061	vae_candidate_000264	aa_N	0.00909090909091	0	0.00909090909091
vae_candidate_000061	vae_candidate_000264	aa_P	0.0545454545455	0.0454545454545	0.00909090909091
vae_candidate_000061	vae_candidate_000264	aa_Q	0.0181818181818	0.0181818181818	0
vae_candidate_000061	vae_candidate_000264	aa_R	0.1	0.0454545454545	0.0545454545455
vae_candidate_000061	vae_candidate_000264	aa_S	0.0727272727273	0.109090909091	-0.0363636363636
vae_candidate_000061	vae_candidate_000264	aa_T	0.0454545454545	0.0545454545455	-0.00909090909091
vae_candidate_000061	vae_candidate_000264	aa_V	0.109090909091	0.118181818182	-0.00909090909091
vae_candidate_000061	vae_candidate_000264	aa_W	0	0.00909090909091	-0.00909090909091
vae_candidate_000061	vae_candidate_000264	aa_Y	0.0363636363636	0.00909090909091	0.0272727272727
vae_candidate_000108	vae_candidate_000140	constraint_score	0.3606557377	0.2540983607	0.106557377
vae_candidate_000108	vae_candidate_000140	conservation_score	1	1	0
vae_candidate_000108	vae_candidate_000140	novelty_score	0.37962962963	0.268518518519	0.111111111111
vae_candidate_000108	vae_candidate_000140	uniqueness_score	0.46561152698	0.384588855719	0.081022671261
vae_candidate_000108	vae_candidate_000140	length	108	108	0
vae_candidate_000108	vae_candidate_000140	shannon_entropy_bits	3.73831689469	3.72488454003	0.0134323546646
vae_candidate_000108	vae_candidate_000140	max_residue_fraction	0.138888888889	0.138888888889	0
vae_candidate_000108	vae_candidate_000140	charged_fraction	0.314814814815	0.268518518519	0.0462962962963
vae_candidate_000108	vae_candidate_000140	gly_pro_fraction	0.101851851852	0.148148148148	-0.0462962962963
vae_candidate_000108	vae_candidate_000140	longest_homopolymer	3	9	-6
vae_candidate_000108	vae_candidate_000140	aa_A	0.101851851852	0.101851851852	0
vae_candidate_000108	vae_candidate_000140	aa_C	0	0	0
vae_candidate_000108	vae_candidate_000140	aa_D	0.0740740740741	0.0648148148148	0.00925925925926
vae_candidate_000108	vae_candidate_000140	aa_E	0.138888888889	0.138888888889	0
vae_candidate_000108	vae_candidate_000140	aa_F	0.00925925925926	0.00925925925926	0
vae_candidate_000108	vae_candidate_000140	aa_G	0.0555555555556	0.12037037037	-0.0648148148148
vae_candidate_000108	vae_candidate_000140	aa_H	0.00925925925926	0.00925925925926	0
vae_candidate_000108	vae_candidate_000140	aa_I	0.0555555555556	0.0555555555556	0
vae_candidate_000108	vae_candidate_000140	aa_K	0.037037037037	0.0277777777778	0.00925925925926
vae_candidate_000108	vae_candidate_000140	aa_L	0.111111111111	0.0925925925926	0.0185185185185
vae_candidate_000108	vae_candidate_000140	aa_M	0.00925925925926	0.0185185185185	-0.00925925925926
vae_candidate_000108	vae_candidate_000140	aa_N	0.0185185185185	0	0.0185185185185
vae_candidate_000108	vae_candidate_000140	aa_P	0.0462962962963	0.0277777777778	0.0185185185185
vae_candidate_000108	vae_candidate_000140	aa_Q	0.00925925925926	0.0277777777778	-0.0185185185185
vae_candidate_000108	vae_candidate_000140	aa_R	0.0648148148148	0.037037037037	0.0277777777778
vae_candidate_000108	vae_candidate_000140	aa_S	0.0833333333333	0.0833333333333	0
vae_candidate_000108	vae_candidate_000140	aa_T	0.037037037037	0.037037037037	0
vae_candidate_000108	vae_candidate_000140	aa_V	0.12962962963	0.12962962963	0
vae_candidate_000108	vae_candidate_000140	aa_W	0	0.00925925925926	-0.00925925925926
vae_candidate_000108	vae_candidate_000140	aa_Y	0.00925925925926	0.00925925925926	0
vae_candidate_000212	vae_candidate_000356	constraint_score	0.8606557377	0.1803278689	0.6803278688
vae_candidate_000212	vae_candidate_000356	conservation_score	1	1	0
vae_candidate_000212	vae_candidate_000356	novelty_score	0.36036036036	0.225225225225	0.135135135135
vae_candidate_000212	vae_candidate_000356	uniqueness_score	0.447498651083	0.358256151884	0.089242499199
vae_candidate_000212	vae_candidate_000356	length	111	111	0
vae_candidate_000212	vae_candidate_000356	shannon_entropy_bits	3.92890523695	3.78090663021	0.147998606737
vae_candidate_000212	vae_candidate_000356	max_residue_fraction	0.126126126126	0.144144144144	-0.018018018018
vae_candidate_000212	vae_candidate_000356	charged_fraction	0.315315315315	0.297297297297	0.018018018018
vae_candidate_000212	vae_candidate_000356	gly_pro_fraction	0.0720720720721	0.0810810810811	-0.00900900900901
vae_candidate_000212	vae_candidate_000356	longest_homopolymer	3	4	-1
vae_candidate_000212	vae_candidate_000356	aa_A	0.0990990990991	0.0900900900901	0.00900900900901
vae_candidate_000212	vae_candidate_000356	aa_C	0	0.00900900900901	-0.00900900900901
vae_candidate_000212	vae_candidate_000356	aa_D	0.0720720720721	0.0540540540541	0.018018018018
vae_candidate_000212	vae_candidate_000356	aa_E	0.0900900900901	0.144144144144	-0.0540540540541
vae_candidate_000212	vae_candidate_000356	aa_F	0.00900900900901	0.00900900900901	0
vae_candidate_000212	vae_candidate_000356	aa_G	0.027027027027	0.027027027027	0
vae_candidate_000212	vae_candidate_000356	aa_H	0.027027027027	0.00900900900901	0.018018018018
vae_candidate_000212	vae_candidate_000356	aa_I	0.0540540540541	0.0630630630631	-0.00900900900901
vae_candidate_000212	vae_candidate_000356	aa_K	0.0540540540541	0.027027027027	0.027027027027
vae_candidate_000212	vae_candidate_000356	aa_L	0.0630630630631	0.0900900900901	-0.027027027027
vae_candidate_000212	vae_candidate_000356	aa_M	0.036036036036	0.00900900900901	0.027027027027
vae_candidate_000212	vae_candidate_000356	aa_N	0.00900900900901	0	0.00900900900901
vae_candidate_000212	vae_candidate_000356	aa_P	0.045045045045	0.0540540540541	-0.00900900900901
vae_candidate_000212	vae_candidate_000356	aa_Q	0.036036036036	0.027027027027	0.00900900900901
vae_candidate_000212	vae_candidate_000356	aa_R	0.0990990990991	0.0720720720721	0.027027027027
vae_candidate_000212	vae_candidate_000356	aa_S	0.0720720720721	0.117117117117	-0.045045045045
vae_candidate_000212	vae_candidate_000356	aa_T	0.0630630630631	0.0720720720721	-0.00900900900901
vae_candidate_000212	vae_candidate_000356	aa_V	0.126126126126	0.108108108108	0.018018018018
vae_candidate_000212	vae_candidate_000356	aa_W	0.00900900900901	0.00900900900901	0
vae_candidate_000212	vae_candidate_000356	aa_Y	0.00900900900901	0.00900900900901	0
vae_candidate_000216	vae_candidate_000547	constraint_score	0.4918032787	0.7540983607	-0.262295082
vae_candidate_000216	vae_candidate_000547	conservation_score	0.9130434783	0.9565217391	-0.0434782608
vae_candidate_000216	vae_candidate_000547	novelty_score	0.42	0.28	0.14
vae_candidate_000216	vae_candidate_000547	uniqueness_score	0.483634004626	0.386023298512	0.097610706114
vae_candidate_000216	vae_candidate_000547	length	100	100	0
vae_candidate_000216	vae_candidate_000547	shannon_entropy_bits	3.82234609311	3.82915768325	-0.00681159013915
vae_candidate_000216	vae_candidate_000547	max_residue_fraction	0.14	0.16	-0.02
vae_candidate_000216	vae_candidate_000547	charged_fraction	0.27	0.34	-0.07
vae_candidate_000216	vae_candidate_000547	gly_pro_fraction	0.09	0.09	0
vae_candidate_000216	vae_candidate_000547	longest_homopolymer	4	4	0
vae_candidate_000216	vae_candidate_000547	aa_A	0.1	0.11	-0.01
vae_candidate_000216	vae_candidate_000547	aa_C	0.01	0	0.01
vae_candidate_000216	vae_candidate_000547	aa_D	0.08	0.08	0
vae_candidate_000216	vae_candidate_000547	aa_E	0.06	0.16	-0.1
vae_candidate_000216	vae_candidate_000547	aa_F	0.05	0.02	0.03
vae_candidate_000216	vae_candidate_000547	aa_G	0.06	0.06	0
vae_candidate_000216	vae_candidate_000547	aa_H	0	0.01	-0.01
vae_candidate_000216	vae_candidate_000547	aa_I	0.06	0.07	-0.01
vae_candidate_000216	vae_candidate_000547	aa_K	0.05	0.03	0.02
vae_candidate_000216	vae_candidate_000547	aa_L	0.06	0.06	0
vae_candidate_000216	vae_candidate_000547	aa_M	0.01	0.01	0
vae_candidate_000216	vae_candidate_000547	aa_N	0.01	0.01	0
vae_candidate_000216	vae_candidate_000547	aa_P	0.03	0.03	0
vae_candidate_000216	vae_candidate_000547	aa_Q	0.03	0.05	-0.02
vae_candidate_000216	vae_candidate_000547	aa_R	0.08	0.07	0.01
vae_candidate_000216	vae_candidate_000547	aa_S	0.14	0.08	0.06
vae_candidate_000216	vae_candidate_000547	aa_T	0.03	0.03	0
vae_candidate_000216	vae_candidate_000547	aa_V	0.13	0.1	0.03
vae_candidate_000216	vae_candidate_000547	aa_W	0.01	0.01	0
vae_candidate_000216	vae_candidate_000547	aa_Y	0	0.01	-0.01
vae_candidate_000293	vae_candidate_000090	constraint_score	0.9918032787	0.893442623	0.0983606557
vae_candidate_000293	vae_candidate_000090	conservation_score	1	1	0
vae_candidate_000293	vae_candidate_000090	novelty_score	0.340425531915	0.166666666667	0.173758865248
vae_candidate_000293	vae_candidate_000090	uniqueness_score	0.442429243082	0.326553896137	0.115875346945
vae_candidate_000293	vae_candidate_000090	length	93	93	0
vae_candidate_000293	vae_candidate_000090	shannon_entropy_bits	3.79209180852	3.74742930019	0.0446625083346
vae_candidate_000293	vae_candidate_000090	max_residue_fraction	0.139784946237	0.139784946237	0
vae_candidate_000293	vae_candidate_000090	charged_fraction	0.311827956989	0.311827956989	0
vae_candidate_000293	vae_candidate_000090	gly_pro_fraction	0.0967741935484	0.0645161290323	0.0322580645161
vae_candidate_000293	vae_candidate_000090	longest_homopolymer	3	3	0
vae_candidate_000293	vae_candidate_000090	aa_A	0.10752688172	0.10752688172	0
vae_candidate_000293	vae_candidate_000090	aa_C	0	0	0
vae_candidate_000293	vae_candidate_000090	aa_D	0.0967741935484	0.0645161290323	0.0322580645161
vae_candidate_000293	vae_candidate_000090	aa_E	0.0645161290323	0.139784946237	-0.0752688172043
vae_candidate_000293	vae_candidate_000090	aa_F	0.010752688172	0.0215053763441	-0.010752688172
vae_candidate_000293	vae_candidate_000090	aa_G	0.0537634408602	0.0322580645161	0.0215053763441
vae_candidate_000293	vae_candidate_000090	aa_H	0	0.010752688172	-0.010752688172
vae_candidate_000293	vae_candidate_000090	aa_I	0.0430107526882	0.0537634408602	-0.010752688172
vae_candidate_000293	vae_candidate_000090	aa_K	0.0430107526882	0.0430107526882	0
vae_candidate_000293	vae_candidate_000090	aa_L	0.0860215053763	0.0967741935484	-0.010752688172
vae_candidate_000293	vae_candidate_000090	aa_M	0.010752688172	0.010752688172	0
vae_candidate_000293	vae_candidate_000090	aa_N	0.0215053763441	0	0.0215053763441
vae_candidate_000293	vae_candidate_000090	aa_P	0.0430107526882	0.0322580645161	0.010752688172
vae_candidate_000293	vae_candidate_000090	aa_Q	0.0215053763441	0.0322580645161	-0.010752688172
vae_candidate_000293	vae_candidate_000090	aa_R	0.10752688172	0.0645161290323	0.0430107526882
vae_candidate_000293	vae_candidate_000090	aa_S	0.0967741935484	0.10752688172	-0.010752688172
vae_candidate_000293	vae_candidate_000090	aa_T	0.0322580645161	0.0537634408602	-0.0215053763441
vae_candidate_000293	vae_candidate_000090	aa_V	0.139784946237	0.118279569892	0.0215053763441
vae_candidate_000293	vae_candidate_000090	aa_W	0.010752688172	0	0.010752688172
vae_candidate_000293	vae_candidate_000090	aa_Y	0.010752688172	0.010752688172	0
vae_candidate_000523	vae_candidate_000273	constraint_score	0.131147541	0.2540983607	-0.1229508197
vae_candidate_000523	vae_candidate_000273	conservation_score	1	1	0
vae_candidate_000523	vae_candidate_000273	novelty_score	0.440366972477	0.388888888889	0.051478083588
vae_candidate_000523	vae_candidate_000273	uniqueness_score	0.50848145927	0.459417647557	0.049063811713
vae_candidate_000523	vae_candidate_000273	length	109	108	1
vae_candidate_000523	vae_candidate_000273	shannon_entropy_bits	3.86647912709	3.7531398629	0.11333926419
vae_candidate_000523	vae_candidate_000273	max_residue_fraction	0.119266055046	0.148148148148	-0.0288820931023
vae_candidate_000523	vae_candidate_000273	charged_fraction	0.256880733945	0.314814814815	-0.0579340808699
vae_candidate_000523	vae_candidate_000273	gly_pro_fraction	0.165137614679	0.0925925925926	0.0725450220863
vae_candidate_000523	vae_candidate_000273	longest_homopolymer	5	3	2
vae_candidate_000523	vae_candidate_000273	aa_A	0.0733944954128	0.111111111111	-0.0377166156983
vae_candidate_000523	vae_candidate_000273	aa_C	0	0.00925925925926	-0.00925925925926
vae_candidate_000523	vae_candidate_000273	aa_D	0.0550458715596	0.0740740740741	-0.0190282025144
vae_candidate_000523	vae_candidate_000273	aa_E	0.110091743119	0.12037037037	-0.0102786272511
vae_candidate_000523	vae_candidate_000273	aa_F	0.00917431192661	0.00925925925926	-8.49473326538e-05
vae_candidate_000523	vae_candidate_000273	aa_G	0.119266055046	0.0462962962963	0.0729697587496
vae_candidate_000523	vae_candidate_000273	aa_H	0.00917431192661	0	0.00917431192661
vae_candidate_000523	vae_candidate_000273	aa_I	0.0825688073394	0.037037037037	0.0455317703024
vae_candidate_000523	vae_candidate_000273	aa_K	0.045871559633	0.037037037037	0.00883452259599
vae_candidate_000523	vae_candidate_000273	aa_L	0.0917431192661	0.0648148148148	0.0269283044512
vae_candidate_000523	vae_candidate_000273	aa_M	0.00917431192661	0.00925925925926	-8.49473326538e-05
vae_candidate_000523	vae_candidate_000273	aa_N	0.0183486238532	0	0.0183486238532
vae_candidate_000523	vae_candidate_000273	aa_P	0.045871559633	0.0462962962963	-0.000424736663269
vae_candidate_000523	vae_candidate_000273	aa_Q	0.0275229357798	0.037037037037	-0.00951410125722
vae_candidate_000523	vae_candidate_000273	aa_R	0.045871559633	0.0833333333333	-0.0374617737003
vae_candidate_000523	vae_candidate_000273	aa_S	0.0733944954128	0.101851851852	-0.028457356439
vae_candidate_000523	vae_candidate_000273	aa_T	0.0550458715596	0.0462962962963	0.00874957526334
vae_candidate_000523	vae_candidate_000273	aa_V	0.100917431193	0.148148148148	-0.0472307169555
vae_candidate_000523	vae_candidate_000273	aa_W	0	0.00925925925926	-0.00925925925926
vae_candidate_000523	vae_candidate_000273	aa_Y	0.0275229357798	0.00925925925926	0.0182636765206
vae_candidate_000588	vae_candidate_000157	constraint_score	0.5163934426	0.737704918	-0.2213114754
vae_candidate_000588	vae_candidate_000157	conservation_score	0.8695652174	1	-0.1304347826
vae_candidate_000588	vae_candidate_000157	novelty_score	0.353535353535	0.0909090909091	0.262626262626
vae_candidate_000588	vae_candidate_000157	uniqueness_score	0.476368138669	0.294517126965	0.181851011704
vae_candidate_000588	vae_candidate_000157	length	99	99	0
vae_candidate_000588	vae_candidate_000157	shannon_entropy_bits	3.64477284049	3.72463790247	-0.0798650619808
vae_candidate_000588	vae_candidate_000157	max_residue_fraction	0.141414141414	0.171717171717	-0.030303030303
vae_candidate_000588	vae_candidate_000157	charged_fraction	0.272727272727	0.30303030303	-0.030303030303
vae_candidate_000588	vae_candidate_000157	gly_pro_fraction	0.0909090909091	0.0909090909091	0
vae_candidate_000588	vae_candidate_000157	longest_homopolymer	3	3	0
vae_candidate_000588	vae_candidate_000157	aa_A	0.121212121212	0.0909090909091	0.030303030303
vae_candidate_000588	vae_candidate_000157	aa_C	0	0	0
vae_candidate_000588	vae_candidate_000157	aa_D	0.0505050505051	0.0505050505051	0
vae_candidate_000588	vae_candidate_000157	aa_E	0.141414141414	0.171717171717	-0.030303030303
vae_candidate_000588	vae_candidate_000157	aa_F	0	0.010101010101	-0.010101010101
vae_candidate_000588	vae_candidate_000157	aa_G	0.0707070707071	0.030303030303	0.040404040404
vae_candidate_000588	vae_candidate_000157	aa_H	0	0.010101010101	-0.010101010101
vae_candidate_000588	vae_candidate_000157	aa_I	0.141414141414	0.0909090909091	0.0505050505051
vae_candidate_000588	vae_candidate_000157	aa_K	0.040404040404	0.020202020202	0.020202020202
vae_candidate_000588	vae_candidate_000157	aa_L	0.0707070707071	0.0808080808081	-0.010101010101
vae_candidate_000588	vae_candidate_000157	aa_M	0.010101010101	0.010101010101	0
vae_candidate_000588	vae_candidate_000157	aa_N	0	0	0
vae_candidate_000588	vae_candidate_000157	aa_P	0.020202020202	0.0606060606061	-0.040404040404
vae_candidate_000588	vae_candidate_000157	aa_Q	0.010101010101	0.030303030303	-0.020202020202
vae_candidate_000588	vae_candidate_000157	aa_R	0.040404040404	0.0606060606061	-0.020202020202
vae_candidate_000588	vae_candidate_000157	aa_S	0.0808080808081	0.111111111111	-0.030303030303
vae_candidate_000588	vae_candidate_000157	aa_T	0.0707070707071	0.0505050505051	0.020202020202
vae_candidate_000588	vae_candidate_000157	aa_V	0.0909090909091	0.10101010101	-0.010101010101
vae_candidate_000588	vae_candidate_000157	aa_W	0.010101010101	0.010101010101	0
vae_candidate_000588	vae_candidate_000157	aa_Y	0.030303030303	0.010101010101	0.020202020202
vae_candidate_000633	vae_candidate_000666	constraint_score	0.8524590164	0.9590163934	-0.106557377
vae_candidate_000633	vae_candidate_000666	conservation_score	1	1	0
vae_candidate_000633	vae_candidate_000666	novelty_score	0.373737373737	0.313131313131	0.060606060606
vae_candidate_000633	vae_candidate_000666	uniqueness_score	0.46080210717	0.408006361769	0.052795745401
vae_candidate_000633	vae_candidate_000666	length	99	99	0
vae_candidate_000633	vae_candidate_000666	shannon_entropy_bits	3.85498654436	3.814985632	0.0400009123636
vae_candidate_000633	vae_candidate_000666	max_residue_fraction	0.121212121212	0.121212121212	0
vae_candidate_000633	vae_candidate_000666	charged_fraction	0.282828282828	0.333333333333	-0.0505050505051
vae_candidate_000633	vae_candidate_000666	gly_pro_fraction	0.0707070707071	0.0909090909091	-0.020202020202
vae_candidate_000633	vae_candidate_000666	longest_homopolymer	4	3	1
vae_candidate_000633	vae_candidate_000666	aa_A	0.121212121212	0.121212121212	0
vae_candidate_000633	vae_candidate_000666	aa_C	0.010101010101	0	0.010101010101
vae_candidate_000633	vae_candidate_000666	aa_D	0.0707070707071	0.0707070707071	0
vae_candidate_000633	vae_candidate_000666	aa_E	0.0909090909091	0.0808080808081	0.010101010101
vae_candidate_000633	vae_candidate_000666	aa_F	0.020202020202	0.020202020202	0
vae_candidate_000633	vae_candidate_000666	aa_G	0.0505050505051	0.0606060606061	-0.010101010101
vae_candidate_000633	vae_candidate_000666	aa_H	0.010101010101	0.010101010101	0
vae_candidate_000633	vae_candidate_000666	aa_I	0.040404040404	0.0505050505051	-0.010101010101
vae_candidate_000633	vae_candidate_000666	aa_K	0.030303030303	0.111111111111	-0.0808080808081
vae_candidate_000633	vae_candidate_000666	aa_L	0.0909090909091	0.0606060606061	0.030303030303
vae_candidate_000633	vae_candidate_000666	aa_M	0.010101010101	0.010101010101	0
vae_candidate_000633	vae_candidate_000666	aa_N	0.010101010101	0	0.010101010101
vae_candidate_000633	vae_candidate_000666	aa_P	0.020202020202	0.030303030303	-0.010101010101
vae_candidate_000633	vae_candidate_000666	aa_Q	0.020202020202	0.020202020202	0
vae_candidate_000633	vae_candidate_000666	aa_R	0.0909090909091	0.0707070707071	0.020202020202
vae_candidate_000633	vae_candidate_000666	aa_S	0.121212121212	0.111111111111	0.010101010101
vae_candidate_000633	vae_candidate_000666	aa_T	0.040404040404	0.030303030303	0.010101010101
vae_candidate_000633	vae_candidate_000666	aa_V	0.121212121212	0.111111111111	0.010101010101
vae_candidate_000633	vae_candidate_000666	aa_W	0.010101010101	0.010101010101	0
vae_candidate_000633	vae_candidate_000666	aa_Y	0.020202020202	0.020202020202	0
vae_candidate_000818	vae_candidate_000399	constraint_score	0.2786885246	0.8442622951	-0.5655737705
vae_candidate_000818	vae_candidate_000399	conservation_score	1	1	0
vae_candidate_000818	vae_candidate_000399	novelty_score	0.421052631579	0.0631578947368	0.357894736842
vae_candidate_000818	vae_candidate_000399	uniqueness_score	0.471714206591	0.269096599065	0.202617607526
vae_candidate_000818	vae_candidate_000399	length	94	94	0
vae_candidate_000818	vae_candidate_000399	shannon_entropy_bits	3.80239559393	3.78796068124	0.0144349126914
vae_candidate_000818	vae_candidate_000399	max_residue_fraction	0.13829787234	0.13829787234	0
vae_candidate_000818	vae_candidate_000399	charged_fraction	0.234042553191	0.329787234043	-0.0957446808511
vae_candidate_000818	vae_candidate_000399	gly_pro_fraction	0.106382978723	0.0851063829787	0.0212765957447
vae_candidate_000818	vae_candidate_000399	longest_homopolymer	3	3	0
vae_candidate_000818	vae_candidate_000399	aa_A	0.13829787234	0.106382978723	0.031914893617
vae_candidate_000818	vae_candidate_000399	aa_C	0	0	0
vae_candidate_000818	vae_candidate_000399	aa_D	0.0744680851064	0.0744680851064	0
vae_candidate_000818	vae_candidate_000399	aa_E	0.0957446808511	0.13829787234	-0.0425531914894
vae_candidate_000818	vae_candidate_000399	aa_F	0.0212765957447	0.0106382978723	0.0106382978723
vae_candidate_000818	vae_candidate_000399	aa_G	0.0851063829787	0.031914893617	0.0531914893617
vae_candidate_000818	vae_candidate_000399	aa_H	0.0106382978723	0.0106382978723	0
vae_candidate_000818	vae_candidate_000399	aa_I	0.0957446808511	0.063829787234	0.031914893617
vae_candidate_000818	vae_candidate_000399	aa_K	0.031914893617	0.0531914893617	-0.0212765957447
vae_candidate_000818	vae_candidate_000399	aa_L	0.0744680851064	0.0957446808511	-0.0212765957447
vae_candidate_000818	vae_candidate_000399	aa_M	0.0212765957447	0.0106382978723	0.0106382978723
vae_candidate_000818	vae_candidate_000399	aa_N	0	0	0
vae_candidate_000818	vae_candidate_000399	aa_P	0.0212765957447	0.0531914893617	-0.031914893617
vae_candidate_000818	vae_candidate_000399	aa_Q	0.0212765957447	0.031914893617	-0.0106382978723
vae_candidate_000818	vae_candidate_000399	aa_R	0.031914893617	0.063829787234	-0.031914893617
vae_candidate_000818	vae_candidate_000399	aa_S	0.0851063829787	0.0851063829787	0
vae_candidate_000818	vae_candidate_000399	aa_T	0.063829787234	0.031914893617	0.031914893617
vae_candidate_000818	vae_candidate_000399	aa_V	0.106382978723	0.117021276596	-0.0106382978723
vae_candidate_000818	vae_candidate_000399	aa_W	0.0106382978723	0.0106382978723	0
vae_candidate_000818	vae_candidate_000399	aa_Y	0.0106382978723	0.0106382978723	0
vae_candidate_000959	vae_candidate_000020	constraint_score	1	0.2786885246	0.7213114754
vae_candidate_000959	vae_candidate_000020	conservation_score	0.9565217391	1	-0.0434782609
vae_candidate_000959	vae_candidate_000020	novelty_score	0.388888888889	0.177570093458	0.211318795431
vae_candidate_000959	vae_candidate_000020	uniqueness_score	0.465818454355	0.338296160573	0.127522293782
vae_candidate_000959	vae_candidate_000020	length	108	107	1
vae_candidate_000959	vae_candidate_000020	shannon_entropy_bits	3.87228167821	3.76041172059	0.111869957616
vae_candidate_000959	vae_candidate_000020	max_residue_fraction	0.12037037037	0.140186915888	-0.0198165455175
vae_candidate_000959	vae_candidate_000020	charged_fraction	0.287037037037	0.317757009346	-0.0307199723088
vae_candidate_000959	vae_candidate_000020	gly_pro_fraction	0.0925925925926	0.11214953271	-0.0195569401177
vae_candidate_000959	vae_candidate_000020	longest_homopolymer	3	3	0
vae_candidate_000959	vae_candidate_000020	aa_A	0.0925925925926	0.0841121495327	0.00848044305988
vae_candidate_000959	vae_candidate_000020	aa_C	0.00925925925926	0	0.00925925925926
vae_candidate_000959	vae_candidate_000020	aa_D	0.101851851852	0.102803738318	-0.000951886465905
vae_candidate_000959	vae_candidate_000020	aa_E	0.0925925925926	0.121495327103	-0.0289027345102
vae_candidate_000959	vae_candidate_000020	aa_F	0.00925925925926	0.00934579439252	-8.65351332641e-05
vae_candidate_000959	vae_candidate_000020	aa_G	0.0462962962963	0.0467289719626	-0.000432675666321
vae_candidate_000959	vae_candidate_000020	aa_H	0.00925925925926	0.00934579439252	-8.65351332641e-05
vae_candidate_000959	vae_candidate_000020	aa_I	0.0833333333333	0.0560747663551	0.0272585669782
vae_candidate_000959	vae_candidate_000020	aa_K	0.0277777777778	0.0280373831776	-0.000259605399792
vae_candidate_000959	vae_candidate_000020	aa_L	0.0833333333333	0.0841121495327	-0.000778816199377
vae_candidate_000959	vae_candidate_000020	aa_M	0.00925925925926	0.00934579439252	-8.65351332641e-05
vae_candidate_000959	vae_candidate_000020	aa_N	0.0185185185185	0	0.0185185185185
vae_candidate_000959	vae_candidate_000020	aa_P	0.0462962962963	0.0654205607477	-0.0191242644514
vae_candidate_000959	vae_candidate_000020	aa_Q	0.0555555555556	0.0373831775701	0.0181723779855
vae_candidate_000959	vae_candidate_000020	aa_R	0.0648148148148	0.0654205607477	-0.000605745932849
vae_candidate_000959	vae_candidate_000020	aa_S	0.0833333333333	0.0934579439252	-0.0101246105919
vae_candidate_000959	vae_candidate_000020	aa_T	0.037037037037	0.0280373831776	0.00899965385947
vae_candidate_000959	vae_candidate_000020	aa_V	0.12037037037	0.140186915888	-0.0198165455175
vae_candidate_000959	vae_candidate_000020	aa_W	0.00925925925926	0.00934579439252	-8.65351332641e-05
vae_candidate_000959	vae_candidate_000020	aa_Y	0	0.00934579439252	-0.00934579439252
