run	front_id	control_id	front_length	control_length	length_gap
1	vae_candidate_000061	vae_candidate_000264	110	110	0
1	vae_candidate_000108	vae_candidate_000249	108	107	1
1	vae_candidate_000212	vae_candidate_000356	111	111	0
1	vae_candidate_000216	vae_candidate_000547	100	100	0
1	vae_candidate_000293	vae_candidate_000527	93	93	0
1	vae_candidate_000523	vae_candidate_000273	109	108	1
1	vae_candidate_000588	vae_candidate_000157	99	99	0
1	vae_candidate_000633	vae_candidate_000839	99	99	0
1	vae_candidate_000818	vae_candidate_000843	94	94	0
1	vae_candidate_000959	vae_candidate_000140	108	108	0
2	vae_candidate_000061	vae_candidate_000264	110	110	0
2	vae_candidate_000108	vae_candidate_000249	108	107	1
2	vae_candidate_000212	vae_candidate_000356	111	111	0
2	vae_candidate_000216	vae_candidate_000547	100	100	0
2	vae_candidate_000293	vae_candidate_000752	93	93	0
2	vae_candidate_000523	vae_candidate_000140	109	108	1
2	vae_candidate_000588	vae_candidate_000839	99	99	0
2	vae_candidate_000633	vae_candidate_000666	99	99	0
2	vae_candidate_000818	vae_candidate_000843	94	94	0
2	vae_candidate_000959	vae_candidate_000273	108	108	0
3	vae_candidate_000061	vae_candidate_000264	110	110	0
3	vae_candidate_000108	vae_candidate_000812	108	107	1
3	vae_candidate_000212	vae_candidate_000356	111	111	0
3	vae_candidate_000216	vae_candidate_000547	100	100	0
3	vae_candidate_000293	vae_candidate_000258	93	93	0
3	vae_candidate_000523	vae_candidate_000273	109	108	1
3	vae_candidate_000588	vae_candidate_000157	99	99	0
3	vae_candidate_000633	vae_candidate_000666	99	99	0
3	vae_candidate_000818	vae_candidate_000843	94	94	0
3	vae_candidate_000959	vae_candidate_000140	108	108	0
4	vae_candidate_000061	vae_candidate_000264	110	110	0
4	vae_candidate_000108	vae_candidate_000812	108	107	1
4	vae_candidate_000212	vae_candidate_000356	111	111	0
4	vae_candidate_000216	vae_candidate_000547	100	100	0
4	vae_candidate_000293	vae_candidate_000623	93	93	0
4	vae_candidate_000523	vae_candidate_000140	109	108	1
4	vae_candidate_000588	vae_candidate_000839	99	99	0
4	vae_candidate_000633	vae_candidate_000666	99	99	0
4	vae_candidate_000818	vae_candidate_000399	94	94	0
4	vae_candidate_000959	vae_candidate_000273	108	108	0
5	vae_candidate_000061	vae_candidate_000264	110	110	0
5	vae_candidate_000108	vae_candidate_000273	108	108	0
5	vae_candidate_000212	vae_candidate_000356	111	111	0
5	vae_candidate_000216	vae_candidate_000547	100	100	0
5	vae_candidate_000293	vae_candidate_000623	93	93	0
5	vae_candidate_000523	vae_candidate_000140	109	108	1
5	vae_candidate_000588	vae_candidate_000839	99	99	0
5	vae_candidate_000633	vae_candidate_000666	99	99	0
5	vae_candidate_000818	vae_candidate_000843	94	94	0
5	vae_candidate_000959	vae_candidate_000812	108	107	1
6	vae_candidate_000061	vae_candidate_000264	110	110	0
6	vae_candidate_000108	vae_candidate_000140	108	108	0
6	vae_candidate_000212	vae_candidate_000356	111	111	0
6	vae_candidate_000216	vae_candidate_000547	100	100	0
6	vae_candidate_000293	vae_candidate_000995	93	93	0
6	vae_candidate_000523	vae_candidate_000020	109	107	2
6	vae_candidate_000588	vae_candidate_000666	99	99	0
6	vae_candidate_000633	vae_candidate_000157	99	99	0
6	vae_candidate_000818	vae_candidate_000426	94	94	0
6	vae_candidate_000959	vae_candidate_000273	108	108	0
7	vae_candidate_000061	vae_candidate_000264	110	110	0
7	vae_candidate_000108	vae_candidate_000273	108	108	0
7	vae_candidate_000212	vae_candidate_000356	111	111	0
7	vae_candidate_000216	vae_candidate_000547	100	100	0
7	vae_candidate_000293	vae_candidate_000752	93	93	0
7	vae_candidate_000523	vae_candidate_000249	109	107	2
7	vae_candidate_000588	vae_candidate_000157	99	99	0
7	vae_candidate_000633	vae_candidate_000839	99	99	0
7	vae_candidate_000818	vae_candidate_000426	94	94	0
7	vae_candidate_000959	vae_candidate_000140	108	108	0
8	vae_candidate_000061	vae_candidate_000264	110	110	0
8	vae_candidate_000108	vae_candidate_000812	108	107	1
8	vae_candidate_000212	vae_candidate_000356	111	111	0
8	vae_candidate_000216	vae_candidate_000547	100	100	0
8	vae_candidate_000293	vae_candidate_000338	93	93	0
8	vae_candidate_000523	vae_candidate_000273	109	108	1
8	vae_candidate_000588	vae_candidate_000157	99	99	0
8	vae_candidate_000633	vae_candidate_000839	99	99	0
8	vae_candidate_000818	vae_candidate_000574	94	94	0
8	vae_candidate_000959	vae_candidate_000140	108	108	0
9	vae_candidate_000061	vae_candidate_000264	110	110	0
9	vae_candidate_000108	vae_candidate_000140	108	108	0
9	vae_candidate_000212	vae_candidate_000356	111	111	0
9	vae_candidate_000216	vae_candidate_000547	100	100	0
9	vae_candidate_000293	vae_candidate_000338	93	93	0
9	vae_candidate_000523	vae_candidate_000020	109	107	2
9	vae_candidate_000588	vae_candidate_000666	99	99	0
9	vae_candidate_000633	vae_candidate_000157	99	99	0
9	vae_candidate_000818	vae_candidate_000574	94	94	0
9	vae_candidate_000959	vae_candidate_000273	108	108	0
10	vae_candidate_000061	vae_candidate_000264	110	110	0
10	vae_candidate_000108	vae_candidate_000020	108	107	1
10	vae_candidate_000212	vae_candidate_000356	111	111	0
10	vae_candidate_000216	vae_candidate_000547	100	100	0
10	vae_candidate_000293	vae_candidate_000258	93	93	0
10	vae_candidate_000523	vae_candidate_000273	109	108	1
10	vae_candidate_000588	vae_candidate_000666	99	99	0
10	vae_candidate_000633	vae_candidate_000839	99	99	0
10	vae_candidate_000818	vae_candidate_000426	94	94	0
10	vae_candidate_000959	vae_candidate_000140	108	108	0
11	vae_candidate_000061	vae_candidate_000264	110	110	0
11	vae_candidate_000108	vae_candidate_000273	108	108	0
11	vae_candidate_000212	vae_candidate_000356	111	111	0
11	vae_candidate_000216	vae_candidate_000547	100	100	0
11	vae_candidate_000293	vae_candidate_000995	93	93	0
11	vae_candidate_000523	vae_candidate_000140	109	108	1
11	vae_candidate_000588	vae_candidate_000666	99	99	0
11	vae_candidate_000633	vae_candidate_000157	99	99	0
11	vae_candidate_000818	vae_candidate_000843	94	94	0
11	vae_candidate_000959	vae_candidate_000249	108	107	1
12	vae_candidate_000061	vae_candidate_000264	110	110	0
12	vae_candidate_000108	vae_candidate_000812	108	107	1
12	vae_candidate_000212	vae_candidate_000356	111	111	0
12	vae_candidate_000216	vae_candidate_000547	100	100	0
12	vae_candidate_000293	vae_candidate_000338	93	93	0
12	vae_candidate_000523	vae_candidate_000140	109	108	1
12	vae_candidate_000588	vae_candidate_000666	99	99	0
12	vae_candidate_000633	vae_candidate_000839	99	99	0
12	vae_candidate_000818	vae_candidate_000574	94	94	0
12	vae_candidate_000959	vae_candidate_000273	108	108	0
13	vae_candidate_000061	vae_candidate_000264	110	110	0
13	vae_candidate_000108	vae_candidate_000273	108	108	0
13	vae_candidate_000212	vae_candidate_000356	111	111	0
13	vae_candidate_000216	vae_candidate_000547	100	100	0
13	vae_candidate_000293	vae_candidate_000135	93	93	0
13	vae_candidate_000523	vae_candidate_000140	109	108	1
13	vae_candidate_000588	vae_candidate_000839	99	99	0
13	vae_candidate_000633	vae_candidate_000666	99	99	0
13	vae_candidate_000818	vae_candidate_000426	94	94	0
13	vae_candidate_000959	vae_candidate_000249	108	107	1
14	vae_candidate_000061	vae_candidate_000264	110	110	0
14	vae_candidate_000108	vae_candidate_000273	108	108	0
14	vae_candidate_000212	vae_candidate_000356	111	111	0
14	vae_candidate_000216	vae_candidate_000547	100	100	0
14	vae_candidate_000293	vae_candidate_000347	93	93	0
14	vae_candidate_000523	vae_candidate_000812	109	107	2
14	vae_candidate_000588	vae_candidate_000839	99	99	0
14	vae_candidate_000633	vae_candidate_000666	99	99	0
14	vae_candidate_000818	vae_candidate_000574	94	94	0
14	vae_candidate_000959	vae_candidate_000140	108	108	0
15	vae_candidate_000061	vae_candidate_000264	110	110	0
15	vae_candidate_000108	vae_candidate_000273	108	108	0
15	vae_candidate_000212	vae_candidate_000356	111	111	0
15	vae_candidate_000216	vae_candidate_000547	100	100	0
15	vae_candidate_000293	vae_candidate_000995	93	93	0
15	vae_candidate_000523	vae_candidate_000249	109	107	2
15	vae_candidate_000588	vae_candidate_000157	99	99	0
15	vae_candidate_000633	vae_candidate_000839	99	99	0
15	vae_candidate_000818	vae_candidate_000574	94	94	0
15	vae_candidate_000959	vae_candidate_000140	108	108	0
16	vae_candidate_000061	vae_candidate_000264	110	110	0
16	vae_candidate_000108	vae_candidate_000812	108	107	1
16	vae_candidate_000212	vae_candidate_000356	111	111	0
16	vae_candidate_000216	vae_candidate_000547	100	100	0
16	vae_candidate_000293	vae_candidate_000527	93	93	0
16	vae_candidate_000523	vae_candidate_000273	109	108	1
16	vae_candidate_000588	vae_candidate_000666	99	99	0
16	vae_candidate_000633	vae_candidate_000157	99	99	0
16	vae_candidate_000818	vae_candidate_000574	94	94	0
16	vae_candidate_000959	vae_candidate_000140	108	108	0
17	vae_candidate_000061	vae_candidate_000264	110	110	0
17	vae_candidate_000108	vae_candidate_000020	108	107	1
17	vae_candidate_000212	vae_candidate_000356	111	111	0
17	vae_candidate_000216	vae_candidate_000547	100	100	0
17	vae_candidate_000293	vae_candidate_000527	93	93	0
17	vae_candidate_000523	vae_candidate_000140	109	108	1
17	vae_candidate_000588	vae_candidate_000157	99	99	0
17	vae_candidate_000633	vae_candidate_000839	99	99	0
17	vae_candidate_000818	vae_candidate_000574	94	94	0
17	vae_candidate_000959	vae_candidate_000273	108	108	0
18	vae_candidate_000061	vae_candidate_000264	110	110	0
18	vae_candidate_000108	vae_candidate_000140	108	108	0
18	vae_candidate_000212	vae_candidate_000356	111	111	0
18	vae_candidate_000216	vae_candidate_000547	100	100	0
18	vae_candidate_000293	vae_candidate_000527	93	93	0
18	vae_candidate_000523	vae_candidate_000020	109	107	2
18	vae_candidate_000588	vae_candidate_000839	99	99	0
18	vae_candidate_000633	vae_candidate_000666	99	99	0
18	vae_candidate_000818	vae_candidate_000598	94	94	0
18	vae_candidate_000959	vae_candidate_000273	108	108	0
19	vae_candidate_000061	vae_candidate_000264	110	110	0
19	vae_candidate_000108	vae_candidate_000273	108	108	0
19	vae_candidate_000212	vae_candidate_000356	111	111	0
19	vae_candidate_000216	vae_candidate_000547	100	100	0
19	vae_candidate_000293	vae_candidate_000135	93	93	0
19	vae_candidate_000523	vae_candidate_000140	109	108	1
19	vae_candidate_000588	vae_candidate_000666	99	99	0
19	vae_candidate_000633	vae_candidate_000157	99	99	0
19	vae_candidate_000818	vae_candidate_000574	94	94	0
19	vae_candidate_000959	vae_candidate_000249	108	107	1
20	vae_candidate_000061	vae_candidate_000264	110	110	0
20	vae_candidate_000108	vae_candidate_000140	108	108	0
20	vae_candidate_000212	vae_candidate_000356	111	111	0
20	vae_candidate_000216	vae_candidate_000547	100	100	0
20	vae_candidate_000293	vae_candidate_000752	93	93	0
20	vae_candidate_000523	vae_candidate_000273	109	108	1
20	vae_candidate_000588	vae_candidate_000157	99	99	0
20	vae_candidate_000633	vae_candidate_000839	99	99	0
20	vae_candidate_000818	vae_candidate_000399	94	94	0
20	vae_candidate_000959	vae_candidate_000249	108	107	1
21	vae_candidate_000061	vae_candidate_000264	110	110	0
21	vae_candidate_000108	vae_candidate_000140	108	108	0
21	vae_candidate_000212	vae_candidate_000356	111	111	0
21	vae_candidate_000216	vae_candidate_000547	100	100	0
21	vae_candidate_000293	vae_candidate_000258	93	93	0
21	vae_candidate_000523	vae_candidate_000249	109	107	2
21	vae_candidate_000588	vae_candidate_000157	99	99	0
21	vae_candidate_000633	vae_candidate_000839	99	99	0
21	vae_candidate_000818	vae_candidate_000399	94	94	0
21	vae_candidate_000959	vae_candidate_000273	108	108	0
22	vae_candidate_000061	vae_candidate_000264	110	110	0
22	vae_candidate_000108	vae_candidate_000273	108	108	0
22	vae_candidate_000212	vae_candidate_000356	111	111	0
22	vae_candidate_000216	vae_candidate_000547	100	100	0
22	vae_candidate_000293	vae_candidate_000623	93	93	0
22	vae_candidate_000523	vae_candidate_000140	109	108	1
22	vae_candidate_000588	vae_candidate_000839	99	99	0
22	vae_candidate_000633	vae_candidate_000157	99	99	0
22	vae_candidate_000818	vae_candidate_000598	94	94	0
22	vae_candidate_000959	vae_candidate_000020	108	107	1
23	vae_candidate_000061	vae_candidate_000264	110	110	0
23	vae_candidate_000108	vae_candidate_000273	108	108	0
23	vae_candidate_000212	vae_candidate_000356	111	111	0
23	vae_candidate_000216	vae_candidate_000547	100	100	0
23	vae_candidate_000293	vae_candidate_000527	93	93	0
23	vae_candidate_000523	vae_candidate_000140	109	108	1
23	vae_candidate_000588	vae_candidate_000666	99	99	0
23	vae_candidate_000633	vae_candidate_000157	99	99	0
23	vae_candidate_000818	vae_candidate_000574	94	94	0
23	vae_candidate_000959	vae_candidate_000249	108	107	1
24	vae_candidate_000061	vae_candidate_000264	110	110	0
24	vae_candidate_000108	vae_candidate_000140	108	108	0
24	vae_candidate_000212	vae_candidate_000356	111	111	0
24	vae_candidate_000216	vae_candidate_000547	100	100	0
24	vae_candidate_000293	vae_candidate_000527	93	93	0
24	vae_candidate_000523	vae_candidate_000249	109	107	2
24	vae_candidate_000588	vae_candidate_000839	99	99	0
24	vae_candidate_000633	vae_candidate_000666	99	99	0
24	vae_candidate_000818	vae_candidate_000399	94	94	0
24	vae_candidate_000959	vae_candidate_000273	108	108	0
25	vae_candidate_000061	vae_candidate_000264	110	110	0
25	vae_candidate_000108	vae_candidate_000273	108	108	0
25	vae_candidate_000212	vae_candidate_000356	111	111	0
25	vae_candidate_000216	vae_candidate_000547	100	100	0
25	vae_candidate_000293	vae_candidate_000752	93	93	0
25	vae_candidate_000523	vae_candidate_000140	109	108	1
25	vae_candidate_000588	vae_candidate_000666	99	99	0
25	vae_candidate_000633	vae_candidate_000157	99	99	0
25	vae_candidate_000818	vae_candidate_000598	94	94	0
25	vae_candidate_000959	vae_candidate_000020	108	107	1
26	vae_candidate_000061	vae_candidate_000264	110	110	0
26	vae_candidate_000108	vae_candidate_000812	108	107	1
26	vae_candidate_000212	vae_candidate_000356	111	111	0
26	vae_candidate_000216	vae_candidate_000547	100	100	0
26	vae_candidate_000293	vae_candidate_000258	93	93	0
26	vae_candidate_000523	vae_candidate_000140	109	108	1
26	vae_candidate_000588	vae_candidate_000666	99	99	0
26	vae_candidate_000633	vae_candidate_000839	99	99	0
26	vae_candidate_000818	vae_candidate_000598	94	94	0
26	vae_candidate_000959	vae_candidate_000273	108	108	0
27	vae_candidate_000061	vae_candidate_000264	110	110	0
27	vae_candidate_000108	vae_candidate_000140	108	108	0
27	vae_candidate_000212	vae_candidate_000356	111	111	0
27	vae_candidate_000216	vae_candidate_000547	100	100	0
27	vae_candidate_000293	vae_candidate_000090	93	93	0
27	vae_candidate_000523	vae_candidate_000249	109	107	2
27	vae_candidate_000588	vae_candidate_000839	99	99	0
27	vae_candidate_000633	vae_candidate_000157	99	99	0
27	vae_candidate_000818	vae_candidate_000843	94	94	0
27	vae_candidate_000959	vae_candidate_000273	108	108	0
28	vae_candidate_000061	vae_candidate_000264	110	110	0
28	vae_candidate_000108	vae_candidate_000273	108	108	0
28	vae_candidate_000212	vae_candidate_000356	111	111	0
28	vae_candidate_000216	vae_candidate_000547	100	100	0
28	vae_candidate_000293	vae_candidate_000135	93	93	0
28	vae_candidate_000523	vae_candidate_000249	109	107	2
28	vae_candidate_000588	vae_candidate_000157	99	99	0
28	vae_candidate_000633	vae_candidate_000666	99	99	0
28	vae_candidate_000818	vae_candidate_000399	94	94	0
28	vae_candidate_000959	vae_candidate_000140	108	108	0
29	vae_candidate_000061	vae_candidate_000264	110	110	0
29	vae_candidate_000108	vae_candidate_000273	108	108	0
29	vae_candidate_000212	vae_candidate_000356	111	111	0
29	vae_candidate_000216	vae_candidate_000547	100	100	0
29	vae_candidate_000293	vae_candidate_000347	93	93	0
29	vae_candidate_000523	vae_candidate_000249	109	107	2
29	vae_candidate_000588	vae_candidate_000157	99	99	0
29	vae_candidate_000633	vae_candidate_000839	99	99	0
29	vae_candidate_000818	vae_candidate_000598	94	94	0
29	vae_candidate_000959	vae_candidate_000140	108	108	0
30	vae_candidate_000061	vae_candidate_000264	110	110	0
30	vae_candidate_000108	vae_candidate_000020	108	107	1
30	vae_candidate_000212	vae_candidate_000356	111	111	0
30	vae_candidate_000216	vae_candidate_000547	100	100	0
30	vae_candidate_000293	vae_candidate_000338	93	93	0
30	vae_candidate_000523	vae_candidate_000140	109	108	1
30	vae_candidate_000588	vae_candidate_000839	99	99	0
30	vae_candidate_000633	vae_candidate_000666	99	99	0
30	vae_candidate_000818	vae_candidate_000399	94	94	0
30	vae_candidate_000959	vae_candidate_000273	108	108	0
31	vae_candidate_000061	vae_candidate_000264	110	110	0
31	vae_candidate_000108	vae_candidate_000140	108	108	0
31	vae_candidate_000212	vae_candidate_000356	111	111	0
31	vae_candidate_000216	vae_candidate_000547	100	100	0
31	vae_candidate_000293	vae_candidate_000258	93	93	0
31	vae_candidate_000523	vae_candidate_000273	109	108	1
31	vae_candidate_000588	vae_candidate_000666	99	99	0
31	vae_candidate_000633	vae_candidate_000839	99	99	0
31	vae_candidate_000818	vae_candidate_000598	94	94	0
31	vae_candidate_000959	vae_candidate_000249	108	107	1
32	vae_candidate_000061	vae_candidate_000264	110	110	0
32	vae_candidate_000108	vae_candidate_000249	108	107	1
32	vae_candidate_000212	vae_candidate_000356	111	111	0
32	vae_candidate_000216	vae_candidate_000547	100	100	0
32	vae_candidate_000293	vae_candidate_000347	93	93	0
32	vae_candidate_000523	vae_candidate_000273	109	108	1
32	vae_candidate_000588	vae_candidate_000666	99	99	0
32	vae_candidate_000633	vae_candidate_000157	99	99	0
32	vae_candidate_000818	vae_candidate_000399	94	94	0
32	vae_candidate_000959	vae_candidate_000140	108	108	0
33	vae_candidate_000061	vae_candidate_000264	110	110	0
33	vae_candidate_000108	vae_candidate_000140	108	108	0
33	vae_candidate_000212	vae_candidate_000356	111	111	0
33	vae_candidate_000216	vae_candidate_000547	100	100	0
33	vae_candidate_000293	vae_candidate_000347	93	93	0
33	vae_candidate_000523	vae_candidate_000273	109	108	1
33	vae_candidate_000588	vae_candidate_000157	99	99	0
33	vae_candidate_000633	vae_candidate_000666	99	99	0
33	vae_candidate_000818	vae_candidate_000843	94	94	0
33	vae_candidate_000959	vae_candidate_000249	108	107	1
34	vae_candidate_000061	vae_candidate_000264	110	110	0
34	vae_candidate_000108	vae_candidate_000140	108	108	0
34	vae_candidate_000212	vae_candidate_000356	111	111	0
34	vae_candidate_000216	vae_candidate_000547	100	100	0
34	vae_candidate_000293	vae_candidate_000135	93	93	0
34	vae_candidate_000523	vae_candidate_000249	109	107	2
34	vae_candidate_000588	vae_candidate_000157	99	99	0
34	vae_candidate_000633	vae_candidate_000666	99	99	0
34	vae_candidate_000818	vae_candidate_000574	94	94	0
34	vae_candidate_000959	vae_candidate_000273	108	108	0
35	vae_candidate_000061	vae_candidate_000264	110	110	0
35	vae_candidate_000108	vae_candidate_000273	108	108	0
35	vae_candidate_000212	vae_candidate_000356	111	111	0
35	vae_candidate_000216	vae_candidate_000547	100	100	0
35	vae_candidate_000293	vae_candidate_000338	93	93	0
35	vae_candidate_000523	vae_candidate_000140	109	108	1
35	vae_candidate_000588	vae_candidate_000839	99	99	0
35	vae_candidate_000633	vae_candidate_000157	99	99	0
35	vae_candidate_000818	vae_candidate_000399	94	94	0
35	vae_candidate_000959	vae_candidate_000249	108	107	1
36	vae_candidate_000061	vae_candidate_000264	110	110	0
36	vae_candidate_000108	vae_candidate_000020	108	107	1
36	vae_candidate_000212	vae_candidate_000356	111	111	0
36	vae_candidate_000216	vae_candidate_000547	100	100	0
36	vae_candidate_000293	vae_candidate_000623	93	93	0
36	vae_candidate_000523	vae_candidate_000140	109	108	1
36	vae_candidate_000588	vae_candidate_000157	99	99	0
36	vae_candidate_000633	vae_candidate_000666	99	99	0
36	vae_candidate_000818	vae_candidate_000843	94	94	0
36	vae_candidate_000959	vae_candidate_000273	108	108	0
37	vae_candidate_000061	vae_candidate_000264	110	110	0
37	vae_candidate_000108	vae_candidate_000140	108	108	0
37	vae_candidate_000212	vae_candidate_000356	111	111	0
37	vae_candidate_000216	vae_candidate_000547	100	100	0
37	vae_candidate_000293	vae_candidate_000527	93	93	0
37	vae_candidate_000523	vae_candidate_000812	109	107	2
37	vae_candidate_000588	vae_candidate_000157	99	99	0
37	vae_candidate_000633	vae_candidate_000839	99	99	0
37	vae_candidate_000818	vae_candidate_000399	94	94	0
37	vae_candidate_000959	vae_candidate_000273	108	108	0
38	vae_candidate_000061	vae_candidate_000264	110	110	0
38	vae_candidate_000108	vae_candidate_000249	108	107	1
38	vae_candidate_000212	vae_candidate_000356	111	111	0
38	vae_candidate_000216	vae_candidate_000547	100	100	0
38	vae_candidate_000293	vae_candidate_000623	93	93	0
38	vae_candidate_000523	vae_candidate_000273	109	108	1
38	vae_candidate_000588	vae_candidate_000666	99	99	0
38	vae_candidate_000633	vae_candidate_000839	99	99	0
38	vae_candidate_000818	vae_candidate_000574	94	94	0
38	vae_candidate_000959	vae_candidate_000140	108	108	0
39	vae_candidate_000061	vae_candidate_000264	110	110	0
39	vae_candidate_000108	vae_candidate_000273	108	108	0
39	vae_candidate_000212	vae_candidate_000356	111	111	0
39	vae_candidate_000216	vae_candidate_000547	100	100	0
39	vae_candidate_000293	vae_candidate_000623	93	93	0
39	vae_candidate_000523	vae_candidate_000812	109	107	2
39	vae_candidate_000588	vae_candidate_000157	99	99	0
39	vae_candidate_000633	vae_candidate_000666	99	99	0
39	vae_candidate_000818	vae_candidate_000574	94	94	0
39	vae_candidate_000959	vae_candidate_000140	108	108	0
40	vae_candidate_000061	vae_candidate_000264	110	110	0
40	vae_candidate_000108	vae_candidate_000140	108	108	0
40	vae_candidate_000212	vae_candidate_000356	111	111	0
40	vae_candidate_000216	vae_candidate_000547	100	100	0
40	vae_candidate_000293	vae_candidate_000752	93	93	0
40	vae_candidate_000523	vae_candidate_000020	109	107	2
40	vae_candidate_000588	vae_candidate_000666	99	99	0
40	vae_candidate_000633	vae_candidate_000157	99	99	0
40	vae_candidate_000818	vae_candidate_000843	94	94	0
40	vae_candidate_000959	vae_candidate_000273	108	108	0
41	vae_candidate_000061	vae_candidate_000264	110	110	0
41	vae_candidate_000108	vae_candidate_000140	108	108	0
41	vae_candidate_000212	vae_candidate_000356	111	111	0
41	vae_candidate_000216	vae_candidate_000547	100	100	0
41	vae_candidate_000293	vae_candidate_000752	93	93	0
41	vae_candidate_000523	vae_candidate_000273	109	108	1
41	vae_candidate_000588	vae_candidate_000666	99	99	0
41	vae_candidate_000633	vae_candidate_000157	99	99	0
41	vae_candidate_000818	vae_candidate_000598	94	94	0
41	vae_candidate_000959	vae_candidate_000812	108	107	1
42	vae_candidate_000061	vae_candidate_000264	110	110	0
42	vae_candidate_000108	vae_candidate_000273	108	108	0
42	vae_candidate_000212	vae_candidate_000356	111	111	0
42	vae_candidate_000216	vae_candidate_000547	100	100	0
42	vae_candidate_000293	vae_candidate_000995	93	93	0
42	vae_candidate_000523	vae_candidate_000140	109	108	1
42	vae_candidate_000588	vae_candidate_000666	99	99	0
42	vae_candidate_000633	vae_candidate_000157	99	99	0
42	vae_candidate_000818	vae_candidate_000598	94	94	0
42	vae_candidate_000959	vae_candidate_000020	108	107	1
43	vae_candidate_000061	vae_candidate_000264	110	110	0
43	vae_candidate_000108	vae_candidate_000140	108	108	0
43	vae_candidate_000212	vae_candidate_000356	111	111	0
43	vae_candidate_000216	vae_candidate_000547	100	100	0
43	vae_candidate_000293	vae_candidate_000623	93	93	0
43	vae_candidate_000523	vae_candidate_000273	109	108	1
43	vae_candidate_000588	vae_candidate_000666	99	99	0
43	vae_candidate_000633	vae_candidate_000157	99	99	0
43	vae_candidate_000818	vae_candidate_000843	94	94	0
43	vae_candidate_000959	vae_candidate_000249	108	107	1
44	vae_candidate_000061	vae_candidate_000264	110	110	0
44	vae_candidate_000108	vae_candidate_000140	108	108	0
44	vae_candidate_000212	vae_candidate_000356	111	111	0
44	vae_candidate_000216	vae_candidate_000547	100	100	0
44	vae_candidate_000293	vae_candidate_000995	93	93	0
44	vae_candidate_000523	vae_candidate_000273	109	108	1
44	vae_candidate_000588	vae_candidate_000839	99	99	0
44	vae_candidate_000633	vae_candidate_000157	99	99	0
44	vae_candidate_000818	vae_candidate_000598	94	94	0
44	vae_candidate_000959	vae_candidate_000812	108	107	1
45	vae_candidate_000061	vae_candidate_000264	110	110	0
45	vae_candidate_000108	vae_candidate_000273	108	108	0
45	vae_candidate_000212	vae_candidate_000356	111	111	0
45	vae_candidate_000216	vae_candidate_000547	100	100	0
45	vae_candidate_000293	vae_candidate_000135	93	93	0
45	vae_candidate_000523	vae_candidate_000140	109	108	1
45	vae_candidate_000588	vae_candidate_000157	99	99	0
45	vae_candidate_000633	vae_candidate_000839	99	99	0
45	vae_candidate_000818	vae_candidate_000426	94	94	0
45	vae_candidate_000959	vae_candidate_000020	108	107	1
46	vae_candidate_000061	vae_candidate_000264	110	110	0
46	vae_candidate_000108	vae_candidate_000140	108	108	0
46	vae_candidate_000212	vae_candidate_000356	111	111	0
46	vae_candidate_000216	vae_candidate_000547	100	100	0
46	vae_candidate_000293	vae_candidate_000135	93	93	0
46	vae_candidate_000523	vae_candidate_000273	109	108	1
46	vae_candidate_000588	vae_candidate_000666	99	99	0
46	vae_candidate_000633	vae_candidate_000157	99	99	0
46	vae_candidate_000818	vae_candidate_000426	94	94	0
46	vae_candidate_000959	vae_candidate_000812	108	107	1
47	vae_candidate_000061	vae_candidate_000264	110	110	0
47	vae_candidate_000108	vae_candidate_000273	108	108	0
47	vae_candidate_000212	vae_candidate_000356	111	111	0
47	vae_candidate_000216	vae_candidate_000547	100	100	0
47	vae_candidate_000293	vae_candidate_000090	93	93	0
47	vae_candidate_000523	vae_candidate_000812	109	107	2
47	vae_candidate_000588	vae_candidate_000157	99	99	0
47	vae_candidate_000633	vae_candidate_000666	99	99	0
47	vae_candidate_000818	vae_candidate_000399	94	94	0
47	vae_candidate_000959	vae_candidate_000140	108	108	0
48	vae_candidate_000061	vae_candidate_000264	110	110	0
48	vae_candidate_000108	vae_candidate_000273	108	108	0
48	vae_candidate_000212	vae_candidate_000356	111	111	0
48	vae_candidate_000216	vae_candidate_000547	100	100	0
48	vae_candidate_000293	vae_candidate_000135	93	93	0
48	vae_candidate_000523	vae_candidate_000812	109	107	2
48	vae_candidate_000588	vae_candidate_000157	99	99	0
48	vae_candidate_000633	vae_candidate_000839	99	99	0
48	vae_candidate_000818	vae_candidate_000426	94	94	0
48	vae_candidate_000959	vae_candidate_000140	108	108	0
49	vae_candidate_000061	vae_candidate_000264	110	110	0
49	vae_candidate_000108	vae_candidate_000020	108	107	1
49	vae_candidate_000212	vae_candidate_000356	111	111	0
49	vae_candidate_000216	vae_candidate_000547	100	100	0
49	vae_candidate_000293	vae_candidate_000258	93	93	0
49	vae_candidate_000523	vae_candidate_000140	109	108	1
49	vae_candidate_000588	vae_candidate_000666	99	99	0
49	vae_candidate_000633	vae_candidate_000839	99	99	0
49	vae_candidate_000818	vae_candidate_000399	94	94	0
49	vae_candidate_000959	vae_candidate_000273	108	108	0
50	vae_candidate_000061	vae_candidate_000264	110	110	0
50	vae_candidate_000108	vae_candidate_000249	108	107	1
50	vae_candidate_000212	vae_candidate_000356	111	111	0
50	vae_candidate_000216	vae_candidate_000547	100	100	0
50	vae_candidate_000293	vae_candidate_000995	93	93	0
50	vae_candidate_000523	vae_candidate_000273	109	108	1
50	vae_candidate_000588	vae_candidate_000839	99	99	0
50	vae_candidate_000633	vae_candidate_000157	99	99	0
50	vae_candidate_000818	vae_candidate_000574	94	94	0
50	vae_candidate_000959	vae_candidate_000140	108	108	0
51	vae_candidate_000061	vae_candidate_000264	110	110	0
51	vae_candidate_000108	vae_candidate_000140	108	108	0
51	vae_candidate_000212	vae_candidate_000356	111	111	0
51	vae_candidate_000216	vae_candidate_000547	100	100	0
51	vae_candidate_000293	vae_candidate_000623	93	93	0
51	vae_candidate_000523	vae_candidate_000812	109	107	2
51	vae_candidate_000588	vae_candidate_000839	99	99	0
51	vae_candidate_000633	vae_candidate_000157	99	99	0
51	vae_candidate_000818	vae_candidate_000399	94	94	0
51	vae_candidate_000959	vae_candidate_000273	108	108	0
52	vae_candidate_000061	vae_candidate_000264	110	110	0
52	vae_candidate_000108	vae_candidate_000812	108	107	1
52	vae_candidate_000212	vae_candidate_000356	111	111	0
52	vae_candidate_000216	vae_candidate_000547	100	100	0
52	vae_candidate_000293	vae_candidate_000135	93	93	0
52	vae_candidate_000523	vae_candidate_000140	109	108	1
52	vae_candidate_000588	vae_candidate_000157	99	99	0
52	vae_candidate_000633	vae_candidate_000666	99	99	0
52	vae_candidate_000818	vae_candidate_000399	94	94	0
52	vae_candidate_000959	vae_candidate_000273	108	108	0
53	vae_candidate_000061	vae_candidate_000264	110	110	0
53	vae_candidate_000108	vae_candidate_000273	108	108	0
53	vae_candidate_000212	vae_candidate_000356	111	111	0
53	vae_candidate_000216	vae_candidate_000547	100	100	0
53	vae_candidate_000293	vae_candidate_000135	93	93	0
53	vae_candidate_000523	vae_candidate_000812	109	107	2
53	vae_candidate_000588	vae_candidate_000666	99	99	0
53	vae_candidate_000633	vae_candidate_000839	99	99	0
53	vae_candidate_000818	vae_candidate_000598	94	94	0
53	vae_candidate_000959	vae_candidate_000140	108	108	0
54	vae_candidate_000061	vae_candidate_000264	110	110	0
54	vae_candidate_000108	vae_candidate_000020	108	107	1
54	vae_candidate_000212	vae_candidate_000356	111	111	0
54	vae_candidate_000216	vae_candidate_000547	100	100	0
54	vae_candidate_000293	vae_candidate_000623	93	93	0
54	vae_candidate_000523	vae_candidate_000140	109	108	1
54	vae_candidate_000588	vae_candidate_000157	99	99	0
54	vae_candidate_000633	vae_candidate_000839	99	99	0
54	vae_candidate_000818	vae_candidate_000598	94	94	0
54	vae_candidate_000959	vae_candidate_000273	108	108	0
55	vae_candidate_000061	vae_candidate_000264	110	110	0
55	vae_candidate_000108	vae_candidate_000249	108	107	1
55	vae_candidate_000212	vae_candidate_000356	111	111	0
55	vae_candidate_000216	vae_candidate_000547	100	100	0
55	vae_candidate_000293	vae_candidate_000347	93	93	0
55	vae_candidate_000523	vae_candidate_000140	109	108	1
55	vae_candidate_000588	vae_candidate_000839	99	99	0
55	vae_candidate_000633	vae_candidate_000157	99	99	0
55	vae_candidate_000818	vae_candidate_000843	94	94	0
55	vae_candidate_000959	vae_candidate_000273	108	108	0
56	vae_candidate_000061	vae_candidate_000264	110	110	0
56	vae_candidate_000108	vae_candidate_000273	108	108	0
56	vae_candidate_000212	vae_candidate_000356	111	111	0
56	vae_candidate_000216	vae_candidate_000547	100	100	0
56	vae_candidate_000293	vae_candidate_000347	93	93	0
56	vae_candidate_000523	vae_candidate_000249	109	107	2
56	vae_candidate_000588	vae_candidate_000839	99	99	0
56	vae_candidate_000633	vae_candidate_000666	99	99	0
56	vae_candidate_000818	vae_candidate_000574	94	94	0
56	vae_candidate_000959	vae_candidate_000140	108	108	0
57	vae_candidate_000061	vae_candidate_000264	110	110	0
57	vae_candidate_000108	vae_candidate_000140	108	108	0
57	vae_candidate_000212	vae_candidate_000356	111	111	0
57	vae_candidate_000216	vae_candidate_000547	100	100	0
57	vae_candidate_000293	vae_candidate_000338	93	93	0
57	vae_candidate_000523	vae_candidate_000812	109	107	2
57	vae_candidate_000588	vae_candidate_000666	99	99	0
57	vae_candidate_000633	vae_candidate_000157	99	99	0
57	vae_candidate_000818	vae_candidate_000843	94	94	0
57	vae_candidate_000959	vae_candidate_000273	108	108	0
58	vae_candidate_000061	vae_candidate_000264	110	110	0
58	vae_candidate_000108	vae_candidate_000140	108	108	0
58	vae_candidate_000212	vae_candidate_000356	111	111	0
58	vae_candidate_000216	vae_candidate_000547	100	100	0
58	vae_candidate_000293	vae_candidate_000090	93	93	0
58	vae_candidate_000523	vae_candidate_000812	109	107	2
58	vae_candidate_000588	vae_candidate_000666	99	99	0
58	vae_candidate_000633	vae_candidate_000839	99	99	0
58	vae_candidate_000818	vae_candidate_000399	94	94	0
58	vae_candidate_000959	vae_candidate_000273	108	108	0
59	vae_candidate_000061	vae_candidate_000264	110	110	0
59	vae_candidate_000108	vae_candidate_000249	108	107	1
59	vae_candidate_000212	vae_candidate_000356	111	111	0
59	vae_candidate_000216	vae_candidate_000547	100	100	0
59	vae_candidate_000293	vae_candidate_000752	93	93	0
59	vae_candidate_000523	vae_candidate_000273	109	108	1
59	vae_candidate_000588	vae_candidate_000666	99	99	0
59	vae_candidate_000633	vae_candidate_000839	99	99	0
59	vae_candidate_000818	vae_candidate_000843	94	94	0
59	vae_candidate_000959	vae_candidate_000140	108	108	0
60	vae_candidate_000061	vae_candidate_000264	110	110	0
60	vae_candidate_000108	vae_candidate_000273	108	108	0
60	vae_candidate_000212	vae_candidate_000356	111	111	0
60	vae_candidate_000216	vae_candidate_000547	100	100	0
60	vae_candidate_000293	vae_candidate_000527	93	93	0
60	vae_candidate_000523	vae_candidate_000812	109	107	2
60	vae_candidate_000588	vae_candidate_000157	99	99	0
60	vae_candidate_000633	vae_candidate_000666	99	99	0
60	vae_candidate_000818	vae_candidate_000843	94	94	0
60	vae_candidate_000959	vae_candidate_000140	108	108	0
61	vae_candidate_000061	vae_candidate_000264	110	110	0
61	vae_candidate_000108	vae_candidate_000020	108	107	1
61	vae_candidate_000212	vae_candidate_000356	111	111	0
61	vae_candidate_000216	vae_candidate_000547	100	100	0
61	vae_candidate_000293	vae_candidate_000135	93	93	0
61	vae_candidate_000523	vae_candidate_000273	109	108	1
61	vae_candidate_000588	vae_candidate_000666	99	99	0
61	vae_candidate_000633	vae_candidate_000839	99	99	0
61	vae_candidate_000818	vae_candidate_000843	94	94	0
61	vae_candidate_000959	vae_candidate_000140	108	108	0
62	vae_candidate_000061	vae_candidate_000264	110	110	0
62	vae_candidate_000108	vae_candidate_000273	108	108	0
62	vae_candidate_000212	vae_candidate_000356	111	111	0
62	vae_candidate_000216	vae_candidate_000547	100	100	0
62	vae_candidate_000293	vae_candidate_000258	93	93	0
62	vae_candidate_000523	vae_candidate_000140	109	108	1
62	vae_candidate_000588	vae_candidate_000839	99	99	0
62	vae_candidate_000633	vae_candidate_000157	99	99	0
62	vae_candidate_000818	vae_candidate_000598	94	94	0
62	vae_candidate_000959	vae_candidate_000020	108	107	1
63	vae_candidate_000061	vae_candidate_000264	110	110	0
63	vae_candidate_000108	vae_candidate_000812	108	107	1
63	vae_candidate_000212	vae_candidate_000356	111	111	0
63	vae_candidate_000216	vae_candidate_000547	100	100	0
63	vae_candidate_000293	vae_candidate_000090	93	93	0
63	vae_candidate_000523	vae_candidate_000140	109	108	1
63	vae_candidate_000588	vae_candidate_000666	99	99	0
63	vae_candidate_000633	vae_candidate_000839	99	99	0
63	vae_candidate_000818	vae_candidate_000574	94	94	0
63	vae_candidate_000959	vae_candidate_000273	108	108	0
64	vae_candidate_000061	vae_candidate_000264	110	110	0
64	vae_candidate_000108	vae_candidate_000249	108	107	1
64	vae_candidate_000212	vae_candidate_000356	111	111	0
64	vae_candidate_000216	vae_candidate_000547	100	100	0
64	vae_candidate_000293	vae_candidate_000338	93	93	0
64	vae_candidate_000523	vae_candidate_000273	109	108	1
64	vae_candidate_000588	vae_candidate_000839	99	99	0
64	vae_candidate_000633	vae_candidate_000157	99	99	0
64	vae_candidate_000818	vae_candidate_000574	94	94	0
64	vae_candidate_000959	vae_candidate_000140	108	108	0
65	vae_candidate_000061	vae_candidate_000264	110	110	0
65	vae_candidate_000108	vae_candidate_000273	108	108	0
65	vae_candidate_000212	vae_candidate_000356	111	111	0
65	vae_candidate_000216	vae_candidate_000547	100	100	0
65	vae_candidate_000293	vae_candidate_000347	93	93	0
65	vae_candidate_000523	vae_candidate_000140	109	108	1
65	vae_candidate_000588	vae_candidate_000157	99	99	0
65	vae_candidate_000633	vae_candidate_000839	99	99	0
65	vae_candidate_000818	vae_candidate_000426	94	94	0
65	vae_candidate_000959	vae_candidate_000249	108	107	1
66	vae_candidate_000061	vae_candidate_000264	110	110	0
66	vae_candidate_000108	vae_candidate_000273	108	108	0
66	vae_candidate_000212	vae_candidate_000356	111	111	0
66	vae_candidate_000216	vae_candidate_000547	100	100	0
66	vae_candidate_000293	vae_candidate_000135	93	93	0
66	vae_candidate_000523	vae_candidate_000140	109	108	1
66	vae_candidate_000588	vae_candidate_000157	99	99	0
66	vae_candidate_000633	vae_candidate_000666	99	99	0
66	vae_candidate_000818	vae_candidate_000399	94	94	0
66	vae_candidate_000959	vae_candidate_000020	108	107	1
67	vae_candidate_000061	vae_candidate_000264	110	110	0
67	vae_candidate_000108	vae_candidate_000249	108	107	1
67	vae_candidate_000212	vae_candidate_000356	111	111	0
67	vae_candidate_000216	vae_candidate_000547	100	100	0
67	vae_candidate_000293	vae_candidate_000135	93	93	0
67	vae_candidate_000523	vae_candidate_000140	109	108	1
67	vae_candidate_000588	vae_candidate_000839	99	99	0
67	vae_candidate_000633	vae_candidate_000157	99	99	0
67	vae_candidate_000818	vae_candidate_000399	94	94	0
67	vae_candidate_000959	vae_candidate_000273	108	108	0
68	vae_candidate_000061	vae_candidate_000264	110	110	0
68	vae_candidate_000108	vae_candidate_000140	108	108	0
68	vae_candidate_000212	vae_candidate_000356	111	111	0
68	vae_candidate_000216	vae_candidate_000547	100	100	0
68	vae_candidate_000293	vae_candidate_000623	93	93	0
68	vae_candidate_000523	vae_candidate_000812	109	107	2
68	vae_candidate_000588	vae_candidate_000157	99	99	0
68	vae_candidate_000633	vae_candidate_000666	99	99	0
68	vae_candidate_000818	vae_candidate_000843	94	94	0
68	vae_candidate_000959	vae_candidate_000273	108	108	0
69	vae_candidate_000061	vae_candidate_000264	110	110	0
69	vae_candidate_000108	vae_candidate_000273	108	108	0
69	vae_candidate_000212	vae_candidate_000356	111	111	0
69	vae_candidate_000216	vae_candidate_000547	100	100	0
69	vae_candidate_000293	vae_candidate_000135	93	93	0
69	vae_candidate_000523	vae_candidate_000140	109	108	1
69	vae_candidate_000588	vae_candidate_000839	99	99	0
69	vae_candidate_000633	vae_candidate_000157	99	99	0
69	vae_candidate_000818	vae_candidate_000843	94	94	0
69	vae_candidate_000959	vae_candidate_000249	108	107	1
70	vae_candidate_000061	vae_candidate_000264	110	110	0
70	vae_candidate_000108	vae_candidate_000273	108	108	0
70	vae_candidate_000212	vae_candidate_000356	111	111	0
70	vae_candidate_000216	vae_candidate_000547	100	100	0
70	vae_candidate_000293	vae_candidate_000995	93	93	0
70	vae_candidate_000523	vae_candidate_000249	109	107	2
70	vae_candidate_000588	vae_candidate_000666	99	99	0
70	vae_candidate_000633	vae_candidate_000839	99	99	0
70	vae_candidate_000818	vae_candidate_000598	94	94	0
70	vae_candidate_000959	vae_candidate_000140	108	108	0
71	vae_candidate_000061	vae_candidate_000264	110	110	0
71	vae_candidate_000108	vae_candidate_000140	108	108	0
71	vae_candidate_000212	vae_candidate_000356	111	111	0
71	vae_candidate_000216	vae_candidate_000547	100	100	0
71	vae_candidate_000293	vae_candidate_000258	93	93	0
71	vae_candidate_000523	vae_candidate_000249	109	107	2
71	vae_candidate_000588	vae_candidate_000839	99	99	0
71	vae_candidate_000633	vae_candidate_000157	99	99	0
71	vae_candidate_000818	vae_candidate_000426	94	94	0
71	vae_candidate_000959	vae_candidate_000273	108	108	0
72	vae_candidate_000061	vae_candidate_000264	110	110	0
72	vae_candidate_000108	vae_candidate_000273	108	108	0
72	vae_candidate_000212	vae_candidate_000356	111	111	0
72	vae_candidate_000216	vae_candidate_000547	100	100	0
72	vae_candidate_000293	vae_candidate_000347	93	93	0
72	vae_candidate_000523	vae_candidate_000020	109	107	2
72	vae_candidate_000588	vae_candidate_000157	99	99	0
72	vae_candidate_000633	vae_candidate_000839	99	99	0
72	vae_candidate_000818	vae_candidate_000426	94	94	0
72	vae_candidate_000959	vae_candidate_000140	108	108	0
73	vae_candidate_000061	vae_candidate_000264	110	110	0
73	vae_candidate_000108	vae_candidate_000140	108	108	0
73	vae_candidate_000212	vae_candidate_000356	111	111	0
73	vae_candidate_000216	vae_candidate_000547	100	100	0
73	vae_candidate_000293	vae_candidate_000258	93	93	0
73	vae_candidate_000523	vae_candidate_000273	109	108	1
73	vae_candidate_000588	vae_candidate_000666	99	99	0
73	vae_candidate_000633	vae_candidate_000157	99	99	0
73	vae_candidate_000818	vae_candidate_000598	94	94	0
73	vae_candidate_000959	vae_candidate_000812	108	107	1
74	vae_candidate_000061	vae_candidate_000264	110	110	0
74	vae_candidate_000108	vae_candidate_000249	108	107	1
74	vae_candidate_000212	vae_candidate_000356	111	111	0
74	vae_candidate_000216	vae_candidate_000547	100	100	0
74	vae_candidate_000293	vae_candidate_000752	93	93	0
74	vae_candidate_000523	vae_candidate_000140	109	108	1
74	vae_candidate_000588	vae_candidate_000157	99	99	0
74	vae_candidate_000633	vae_candidate_000839	99	99	0
74	vae_candidate_000818	vae_candidate_000843	94	94	0
74	vae_candidate_000959	vae_candidate_000273	108	108	0
75	vae_candidate_000061	vae_candidate_000264	110	110	0
75	vae_candidate_000108	vae_candidate_000140	108	108	0
75	vae_candidate_000212	vae_candidate_000356	111	111	0
75	vae_candidate_000216	vae_candidate_000547	100	100	0
75	vae_candidate_000293	vae_candidate_000623	93	93	0
75	vae_candidate_000523	vae_candidate_000812	109	107	2
75	vae_candidate_000588	vae_candidate_000839	99	99	0
75	vae_candidate_000633	vae_candidate_000666	99	99	0
75	vae_candidate_000818	vae_candidate_000399	94	94	0
75	vae_candidate_000959	vae_candidate_000273	108	108	0
76	vae_candidate_000061	vae_candidate_000264	110	110	0
76	vae_candidate_000108	vae_candidate_000273	108	108	0
76	vae_candidate_000212	vae_candidate_000356	111	111	0
76	vae_candidate_000216	vae_candidate_000547	100	100	0
76	vae_candidate_000293	vae_candidate_000347	93	93	0
76	vae_candidate_000523	vae_candidate_000140	109	108	1
76	vae_candidate_000588	vae_candidate_000157	99	99	0
76	vae_candidate_000633	vae_candidate_000839	99	99	0
76	vae_candidate_000818	vae_candidate_000598	94	94	0
76	vae_candidate_000959	vae_candidate_000020	108	107	1
77	vae_candidate_000061	vae_candidate_000264	110	110	0
77	vae_candidate_000108	vae_candidate_000273	108	108	0
77	vae_candidate_000212	vae_candidate_000356	111	111	0
77	vae_candidate_000216	vae_candidate_000547	100	100	0
77	vae_candidate_000293	vae_candidate_000258	93	93	0
77	vae_candidate_000523	vae_candidate_000249	109	107	2
77	vae_candidate_000588	vae_candidate_000839	99	99	0
77	vae_candidate_000633	vae_candidate_000157	99	99	0
77	vae_candidate_000818	vae_candidate_000598	94	94	0
77	vae_candidate_000959	vae_candidate_000140	108	108	0
78	vae_candidate_000061	vae_candidate_000264	110	110	0
78	vae_candidate_000108	vae_candidate_000020	108	107	1
78	vae_candidate_000212	vae_candidate_000356	111	111	0
78	vae_candidate_000216	vae_candidate_000547	100	100	0
78	vae_candidate_000293	vae_candidate_000752	93	93	0
78	vae_candidate_000523	vae_candidate_000140	109	108	1
78	vae_candidate_000588	vae_candidate_000666	99	99	0
78	vae_candidate_000633	vae_candidate_000839	99	99	0
78	vae_candidate_000818	vae_candidate_000426	94	94	0
78	vae_candidate_000959	vae_candidate_000273	108	108	0
79	vae_candidate_000061	vae_candidate_000264	110	110	0
79	vae_candidate_000108	vae_candidate_000273	108	108	0
79	vae_candidate_000212	vae_candidate_000356	111	111	0
79	vae_candidate_000216	vae_candidate_000547	100	100	0
79	vae_candidate_000293	vae_candidate_000623	93	93	0
79	vae_candidate_000523	vae_candidate_000812	109	107	2
79	vae_candidate_000588	vae_candidate_000839	99	99	0
79	vae_candidate_000633	vae_candidate_000666	99	99	0
79	vae_candidate_000818	vae_candidate_000598	94	94	0
79	vae_candidate_000959	vae_candidate_000140	108	108	0
80	vae_candidate_000061	vae_candidate_000264	110	110	0
80	vae_candidate_000108	vae_candidate_000140	108	108	0
80	vae_candidate_000212	vae_candidate_000356	111	111	0
80	vae_candidate_000216	vae_candidate_000547	100	100	0
80	vae_candidate_000293	vae_candidate_000347	93	93	0
80	vae_candidate_000523	vae_candidate_000812	109	107	2
80	vae_candidate_000588	vae_candidate_000157	99	99	0
80	vae_candidate_000633	vae_candidate_000839	99	99	0
80	vae_candidate_000818	vae_candidate_000426	94	94	0
80	vae_candidate_000959	vae_candidate_000273	108	108	0
81	vae_candidate_000061	vae_candidate_000264	110	110	0
81	vae_candidate_000108	vae_candidate_000273	108	108	0
81	vae_candidate_000212	vae_candidate_000356	111	111	0
81	vae_candidate_000216	vae_candidate_000547	100	100	0
81	vae_candidate_000293	vae_candidate_000995	93	93	0
81	vae_candidate_000523	vae_candidate_000140	109	108	1
81	vae_candidate_000588	vae_candidate_000666	99	99	0
81	vae_candidate_000633	vae_candidate_000157	99	99	0
81	vae_candidate_000818	vae_candidate_000843	94	94	0
81	vae_candidate_000959	vae_candidate_000020	108	107	1
82	vae_candidate_000061	vae_candidate_000264	110	110	0
82	vae_candidate_000108	vae_candidate_000273	108	108	0
82	vae_candidate_000212	vae_candidate_000356	111	111	0
82	vae_candidate_000216	vae_candidate_000547	100	100	0
82	vae_candidate_000293	vae_candidate_000623	93	93	0
82	vae_candidate_000523	vae_candidate_000020	109	107	2
82	vae_candidate_000588	vae_candidate_000157	99	99	0
82	vae_candidate_000633	vae_candidate_000839	99	99	0
82	vae_candidate_000818	vae_candidate_000399	94	94	0
82	vae_candidate_000959	vae_candidate_000140	108	108	0
83	vae_candidate_000061	vae_candidate_000264	110	110	0
83	vae_candidate_000108	vae_candidate_000140	108	108	0
83	vae_candidate_000212	vae_candidate_000356	111	111	0
83	vae_candidate_000216	vae_candidate_000547	100	100	0
83	vae_candidate_000293	vae_candidate_000135	93	93	0
83	vae_candidate_000523	vae_candidate_000273	109	108	1
83	vae_candidate_000588	vae_candidate_000666	99	99	0
83	vae_candidate_000633	vae_candidate_000157	99	99	0
83	vae_candidate_000818	vae_candidate_000598	94	94	0
83	vae_candidate_000959	vae_candidate_000249	108	107	1
84	vae_candidate_000061	vae_candidate_000264	110	110	0
84	vae_candidate_000108	vae_candidate_000273	108	108	0
84	vae_candidate_000212	vae_candidate_000356	111	111	0
84	vae_candidate_000216	vae_candidate_000547	100	100	0
84	vae_candidate_000293	vae_candidate_000090	93	93	0
84	vae_candidate_000523	vae_candidate_000812	109	107	2
84	vae_candidate_000588	vae_candidate_000839	99	99	0
84	vae_candidate_000633	vae_candidate_000157	99	99	0
84	vae_candidate_000818	vae_candidate_000399	94	94	0
84	vae_candidate_000959	vae_candidate_000140	108	108	0
85	vae_candidate_000061	vae_candidate_000264	110	110	0
85	vae_candidate_000108	vae_candidate_000140	108	108	0
85	vae_candidate_000212	vae_candidate_000356	111	111	0
85	vae_candidate_000216	vae_candidate_000547	100	100	0
85	vae_candidate_000293	vae_candidate_000752	93	93	0
85	vae_candidate_000523	vae_candidate_000249	109	107	2
85	vae_candidate_000588	vae_candidate_000839	99	99	0
85	vae_candidate_000633	vae_candidate_000666	99	99	0
85	vae_candidate_000818	vae_candidate_000399	94	94	0
85	vae_candidate_000959	vae_candidate_000273	108	108	0
86	vae_candidate_000061	vae_candidate_000264	110	110	0
86	vae_candidate_000108	vae_candidate_000140	108	108	0
86	vae_candidate_000212	vae_candidate_000356	111	111	0
86	vae_candidate_000216	vae_candidate_000547	100	100	0
86	vae_candidate_000293	vae_candidate_000995	93	93	0
86	vae_candidate_000523	vae_candidate_000812	109	107	2
86	vae_candidate_000588	vae_candidate_000666	99	99	0
86	vae_candidate_000633	vae_candidate_000157	99	99	0
86	vae_candidate_000818	vae_candidate_000399	94	94	0
86	vae_candidate_000959	vae_candidate_000273	108	108	0
87	vae_candidate_000061	vae_candidate_000264	110	110	0
87	vae_candidate_000108	vae_candidate_000140	108	108	0
87	vae_candidate_000212	vae_candidate_000356	111	111	0
87	vae_candidate_000216	vae_candidate_000547	100	100	0
87	vae_candidate_000293	vae_candidate_000338	93	93	0
87	vae_candidate_000523	vae_candidate_000249	109	107	2
87	vae_candidate_000588	vae_candidate_000157	99	99	0
87	vae_candidate_000633	vae_candidate_000666	99	99	0
87	vae_candidate_000818	vae_candidate_000574	94	94	0
87	vae_candidate_000959	vae_candidate_000273	108	108	0
88	vae_candidate_000061	vae_candidate_000264	110	110	0
88	vae_candidate_000108	vae_candidate_000273	108	108	0
88	vae_candidate_000212	vae_candidate_000356	111	111	0
88	vae_candidate_000216	vae_candidate_000547	100	100	0
88	vae_candidate_000293	vae_candidate_000258	93	93	0
88	vae_candidate_000523	vae_candidate_000140	109	108	1
88	vae_candidate_000588	vae_candidate_000666	99	99	0
88	vae_candidate_000633	vae_candidate_000157	99	99	0
88	vae_candidate_000818	vae_candidate_000574	94	94	0
88	vae_candidate_000959	vae_candidate_000812	108	107	1
89	vae_candidate_000061	vae_candidate_000264	110	110	0
89	vae_candidate_000108	vae_candidate_000273	108	108	0
89	vae_candidate_000212	vae_candidate_000356	111	111	0
89	vae_candidate_000216	vae_candidate_000547	100	100	0
89	vae_candidate_000293	vae_candidate_000090	93	93	0
89	vae_candidate_000523	vae_candidate_000812	109	107	2
89	vae_candidate_000588	vae_candidate_000839	99	99	0
89	vae_candidate_000633	vae_candidate_000157	99	99	0
89	vae_candidate_000818	vae_candidate_000598	94	94	0
89	vae_candidate_000959	vae_candidate_000140	108	108	0
90	vae_candidate_000061	vae_candidate_000264	110	110	0
90	vae_candidate_000108	vae_candidate_000140	108	108	0
90	vae_candidate_000212	vae_candidate_000356	111	111	0
90	vae_candidate_000216	vae_candidate_000547	100	100	0
90	vae_candidate_000293	vae_candidate_000752	93	93	0
90	vae_candidate_000523	vae_candidate_000273	109	108	1
90	vae_candidate_000588	vae_candidate_000157	99	99	0
90	vae_candidate_000633	vae_candidate_000666	99	99	0
90	vae_candidate_000818	vae_candidate_000574	94	94	0
90	vae_candidate_000959	vae_candidate_000020	108	107	1
91	vae_candidate_000061	vae_candidate_000264	110	110	0
91	vae_candidate_000108	vae_candidate_000273	108	108	0
91	vae_candidate_000212	vae_candidate_000356	111	111	0
91	vae_candidate_000216	vae_candidate_000547	100	100	0
91	vae_candidate_000293	vae_candidate_000752	93	93	0
91	vae_candidate_000523	vae_candidate_000140	109	108	1
91	vae_candidate_000588	vae_candidate_000839	99	99	0
91	vae_candidate_000633	vae_candidate_000157	99	99	0
91	vae_candidate_000818	vae_candidate_000843	94	94	0
91	vae_candidate_000959	vae_candidate_000812	108	107	1
92	vae_candidate_000061	vae_candidate_000264	110	110	0
92	vae_candidate_000108	vae_candidate_000140	108	108	0
92	vae_candidate_000212	vae_candidate_000356	111	111	0
92	vae_candidate_000216	vae_candidate_000547	100	100	0
92	vae_candidate_000293	vae_candidate_000090	93	93	0
92	vae_candidate_000523	vae_candidate_000020	109	107	2
92	vae_candidate_000588	vae_candidate_000666	99	99	0
92	vae_candidate_000633	vae_candidate_000157	99	99	0
92	vae_candidate_000818	vae_candidate_000843	94	94	0
92	vae_candidate_000959	vae_candidate_000273	108	108	0
93	vae_candidate_000061	vae_candidate_000264	110	110	0
93	vae_candidate_000108	vae_candidate_000140	108	108	0
93	vae_candidate_000212	vae_candidate_000356	111	111	0
93	vae_candidate_000216	vae_candidate_000547	100	100	0
93	vae_candidate_000293	vae_candidate_000258	93	93	0
93	vae_candidate_000523	vae_candidate_000273	109	108	1
93	vae_candidate_000588	vae_candidate_000839	99	99	0
93	vae_candidate_000633	vae_candidate_000666	99	99	0
93	vae_candidate_000818	vae_candidate_000574	94	94	0
93	vae_candidate_000959	vae_candidate_000812	108	107	1
94	vae_candidate_000061	vae_candidate_000264	110	110	0
94	vae_candidate_000108	vae_candidate_000249	108	107	1
94	vae_candidate_000212	vae_candidate_000356	111	111	0
94	vae_candidate_000216	vae_candidate_000547	100	100	0
94	vae_candidate_000293	vae_candidate_000135	93	93	0
94	vae_candidate_000523	vae_candidate_000273	109	108	1
94	vae_candidate_000588	vae_candidate_000839	99	99	0
94	vae_candidate_000633	vae_candidate_000666	99	99	0
94	vae_candidate_000818	vae_candidate_000426	94	94	0
94	vae_candidate_000959	vae_candidate_000140	108	108	0
95	vae_candidate_000061	vae_candidate_000264	110	110	0
95	vae_candidate_000108	vae_candidate_000812	108	107	1
95	vae_candidate_000212	vae_candidate_000356	111	111	0
95	vae_candidate_000216	vae_candidate_000547	100	100	0
95	vae_candidate_000293	vae_candidate_000258	93	93	0
95	vae_candidate_000523	vae_candidate_000273	109	108	1
95	vae_candidate_000588	vae_candidate_000666	99	99	0
95	vae_candidate_000633	vae_candidate_000157	99	99	0
95	vae_candidate_000818	vae_candidate_000399	94	94	0
95	vae_candidate_000959	vae_candidate_000140	108	108	0
96	vae_candidate_000061	vae_candidate_000264	110	110	0
96	vae_candidate_000108	vae_candidate_000273	108	108	0
96	vae_candidate_000212	vae_candidate_000356	111	111	0
96	vae_candidate_000216	vae_candidate_000547	100	100	0
96	vae_candidate_000293	vae_candidate_000752	93	93	0
96	vae_candidate_000523	vae_candidate_000140	109	108	1
96	vae_candidate_000588	vae_candidate_000666	99	99	0
96	vae_candidate_000633	vae_candidate_000157	99	99	0
96	vae_candidate_000818	vae_candidate_000399	94	94	0
96	vae_candidate_000959	vae_candidate_000249	108	107	1
97	vae_candidate_000061	vae_candidate_000264	110	110	0
97	vae_candidate_000108	vae_candidate_000812	108	107	1
97	vae_candidate_000212	vae_candidate_000356	111	111	0
97	vae_candidate_000216	vae_candidate_000547	100	100	0
97	vae_candidate_000293	vae_candidate_000338	93	93	0
97	vae_candidate_000523	vae_candidate_000140	109	108	1
97	vae_candidate_000588	vae_candidate_000666	99	99	0
97	vae_candidate_000633	vae_candidate_000839	99	99	0
97	vae_candidate_000818	vae_candidate_000399	94	94	0
97	vae_candidate_000959	vae_candidate_000273	108	108	0
98	vae_candidate_000061	vae_candidate_000264	110	110	0
98	vae_candidate_000108	vae_candidate_000140	108	108	0
98	vae_candidate_000212	vae_candidate_000356	111	111	0
98	vae_candidate_000216	vae_candidate_000547	100	100	0
98	vae_candidate_000293	vae_candidate_000623	93	93	0
98	vae_candidate_000523	vae_candidate_000273	109	108	1
98	vae_candidate_000588	vae_candidate_000839	99	99	0
98	vae_candidate_000633	vae_candidate_000666	99	99	0
98	vae_candidate_000818	vae_candidate_000426	94	94	0
98	vae_candidate_000959	vae_candidate_000249	108	107	1
99	vae_candidate_000061	vae_candidate_000264	110	110	0
99	vae_candidate_000108	vae_candidate_000273	108	108	0
99	vae_candidate_000212	vae_candidate_000356	111	111	0
99	vae_candidate_000216	vae_candidate_000547	100	100	0
99	vae_candidate_000293	vae_candidate_000623	93	93	0
99	vae_candidate_000523	vae_candidate_000249	109	107	2
99	vae_candidate_000588	vae_candidate_000839	99	99	0
99	vae_candidate_000633	vae_candidate_000157	99	99	0
99	vae_candidate_000818	vae_candidate_000426	94	94	0
99	vae_candidate_000959	vae_candidate_000140	108	108	0
100	vae_candidate_000061	vae_candidate_000264	110	110	0
100	vae_candidate_000108	vae_candidate_000273	108	108	0
100	vae_candidate_000212	vae_candidate_000356	111	111	0
100	vae_candidate_000216	vae_candidate_000547	100	100	0
100	vae_candidate_000293	vae_candidate_000623	93	93	0
100	vae_candidate_000523	vae_candidate_000020	109	107	2
100	vae_candidate_000588	vae_candidate_000666	99	99	0
100	vae_candidate_000633	vae_candidate_000157	99	99	0
100	vae_candidate_000818	vae_candidate_000426	94	94	0
100	vae_candidate_000959	vae_candidate_000140	108	108	0
