sequence_id	length	standard_aa_only	duplicate_candidate	generation_cap_warning	low_complexity_warning	composition_outlier_checked	composition_js_divergence	composition_js_threshold	composition_outlier_warning	training_match_checked	exact_training_match	training_match_ids	reference_match_checked	exact_reference_match	reference_match_ids	qc_pass	qc_reasons	domain_status	domain_score	domain_evalue	model_coverage	domain_pass	constraint_score	conserved_sites_total	conserved_sites_covered	conserved_sites_matched	conservation_coverage	conservation_score	closest_reference_id	closest_reference_pident	closest_reference_effective_identity	closest_reference_query_coverage	closest_reference_target_coverage	closest_reference_evalue	novelty_score	uniqueness_score	nearest_candidate_id	nearest_candidate_identity	nearest_candidate_distance	sequence_evalue	sequence_score	hmm_from	hmm_to	alignment_from	alignment_to
gen_0	99	True	False	False	False	True	0.1003069999	0.06061925601	True	True	False	[]	True	False	[]	True	composition_outlier_warning	not_detected	0	1000	0	False	0	23	18	3	0.7826086957	0.1304347826	ref_001143	0.43478	0.0813003252	0.2323232323	0.1869918699	92	0.9186996748	0.5942687787	gen_36	0.7800008	0.2199992						
gen_1	104	True	False	False	False	True	0.141515412	0.06061925601	True	True	False	[]	True	False	[]	True	composition_outlier_warning	not_detected	0	1000	0	False	0	23	18	5	0.7826086957	0.2173913043	ref_000940	0.26744	0.1631194326	0.8269230769	0.609929078	265	0.8368805674	0.5947876787	gen_36	0.7596125962	0.2403874038						
gen_3	105	True	False	False	False	True	0.1494766374	0.06061925601	True	True	False	[]	True	False	[]	True	composition_outlier_warning	not_detected	0	1000	0	False	0	23	18	5	0.7826086957	0.2173913043	ref_001138	0.29268	0.09835967213	0.3904761905	0.3360655738	574	0.9016403279	0.585942259	gen_86	0.7714285714	0.2285714286						
gen_4	95	True	False	False	False	True	0.1557315832	0.06061925601	True	True	False	[]	True	False	[]	True	composition_outlier_warning	not_detected	0	1000	0	False	0	23	18	6	0.7826086957	0.2608695652	ref_000523	0.47368	0.094736	0.2	0.2209302326	175	0.905264	0.6016231566	gen_140	0.83505	0.16495						
gen_5	101	True	False	False	False	True	0.1398842229	0.06061925601	True	True	False	[]	True	False	[]	True	composition_outlier_warning	not_detected	0	1000	0	False	0	23	18	6	0.7826086957	0.2608695652	ref_000939	0.27419	0.1164368493	0.6138613861	0.4246575342	314	0.8835631507	0.5776084339	gen_36	0.8118831683	0.1881168317						
gen_6	86	True	False	False	False	True	0.01380984537	0.06061925601	False	True	False	[]	True	False	[]	True		detected	59.2	3e-18	1	True	0.8875598086	23	23	23	1	1	ref_001077	0.93023	0.93023	1	1	3.65e-55	0.06977	0.9019189686	gen_173	0.88372	0.11628	2.3e-18	59.5	1	39	11	49
gen_7	93	True	False	False	False	True	0.1359315205	0.06061925601	True	True	False	[]	True	False	[]	True	composition_outlier_warning	not_detected	0	1000	0	False	0	23	17	5	0.7391304348	0.2173913043	ref_001145	0.37838	0.1505382796	0.3978494624	0.4352941176	15	0.8494617204	0.582014227	gen_156	0.7957	0.2043						
gen_8	114	True	False	False	False	True	0.0565155348	0.06061925601	False	True	False	[]	True	False	[]	True		not_detected	0	1000	0	False	0	23	18	5	0.7826086957	0.2173913043	ref_000303	0.3	0.2368421053	0.7894736842	0.9278350515	5.1	0.7631578947	0.7843135054	gen_61	0.7806986842	0.2193013158						
gen_9	84	True	False	False	False	True	0.103342254	0.06061925601	True	True	False	[]	True	False	[]	True	composition_outlier_warning	not_detected	0	1000	0	False	0	23	19	5	0.8260869565	0.2173913043	ref_000735	0.22581	0.1590934091	0.7380952381	0.7045454545	638	0.8409065909	0.9369738797	gen_65	0.89286	0.10714						
gen_10	111	True	False	False	False	True	0.1805628832	0.06061925601	True	True	False	[]	True	False	[]	True	composition_outlier_warning	not_detected	0	1000	0	False	0	23	18	5	0.7826086957	0.2173913043	ref_001143	0.33333	0.11382	0.3783783784	0.3414634146	1.1	0.88618	0.6137513801	gen_170	0.6756718018	0.3243281982						
gen_11	113	True	False	False	False	True	0.1256404069	0.06061925601	True	True	False	[]	True	False	[]	True	composition_outlier_warning	not_detected	0	1000	0	False	0	23	18	8	0.7826086957	0.347826087	ref_001093	0.31461	0.1931054483	0.7876106195	0.6137931034	240	0.8068945517	0.6046241884	gen_70	0.6902663717	0.3097336283						
gen_12	97	True	False	False	False	True	0.1376144687	0.06061925601	True	True	False	[]	True	False	[]	True	composition_outlier_warning	not_detected	0	1000	0	False	0	23	18	3	0.7826086957	0.1304347826	ref_000018	0.31746	0.2061853608	0.6494845361	0.6494845361	62	0.7938146392	0.6960083518	gen_110	0.5463904124	0.4536095876						
gen_13	89	True	False	False	False	True	0.1343356679	0.06061925601	True	True	False	[]	True	False	[]	True	composition_outlier_warning	detected	44.5	1.2e-13	0.9487179487	False	0.1576816535	23	20	7	0.8695652174	0.3043478261	ref_000219	0.31818	0.2359537079	0.7415730337	0.7764705882	0.59	0.7640462921	0.9168419174	gen_139	0.4725274725	0.5274725275	8.4e-14	45	2	38	24	60
gen_15	102	True	False	False	False	True	0.1110982315	0.06061925601	True	True	False	[]	True	False	[]	True	composition_outlier_warning	not_detected	0	1000	0	False	0	23	18	5	0.7826086957	0.2173913043	ref_001213	0.32075	0.1287859848	0.5196078431	0.4015151515	361	0.8712140152	0.5729583701	gen_36	0.85294	0.14706						
gen_16	95	True	False	False	False	True	0.1569440901	0.06061925601	True	True	False	[]	True	False	[]	True	composition_outlier_warning	not_detected	0	1000	0	False	0	23	18	6	0.7826086957	0.2608695652	ref_000373	0.31111	0.1372544118	0.4736842105	0.4411764706	15	0.8627455882	0.5962874273	gen_156	0.8210498947	0.1789501053						
gen_17	115	True	False	False	False	True	0.100230442	0.06061925601	True	True	False	[]	True	False	[]	True	composition_outlier_warning	not_detected	0	1000	0	False	0	23	17	6	0.7391304348	0.2608695652	ref_000138	0.46667	0.12174	0.2608695652	0.3260869565	175	0.87826	0.5982276425	gen_57	0.75652	0.24348						
gen_18	126	True	False	False	False	True	0.1058285233	0.06061925601	True	True	False	[]	True	False	[]	True	composition_outlier_warning	not_detected	0	1000	0	False	0	23	20	6	0.8695652174	0.2608695652	ref_000977	0.36	0.1333333333	0.3968253968	0.3703703704	776	0.8666666667	0.6830038445	gen_159	0.62698	0.37302						
gen_19	98	True	False	False	False	True	0.1287676816	0.06061925601	True	True	False	[]	True	False	[]	True	composition_outlier_warning	not_detected	0	1000	0	False	0	23	18	7	0.7826086957	0.3043478261	ref_000240	0.30769	0.204080102	0.6632653061	0.7738095238	251	0.795919898	0.5842558553	gen_156	0.7857183673	0.2142816327						
gen_20	81	True	False	False	False	True	0.1165662109	0.06061925601	True	True	False	[]	True	False	[]	True	composition_outlier_warning	not_detected	0	1000	0	False	0	23	18	5	0.7826086957	0.2173913043	ref_000296	0.35938	0.2839545679	0.7901234568	0.8767123288	3.3	0.7160454321	0.8689112841	gen_99	0.3508785088	0.6491214912						
gen_21	109	True	False	False	False	True	0.1220818066	0.06061925601	True	True	False	[]	True	False	[]	True	composition_outlier_warning	not_detected	0	1000	0	False	0	23	18	8	0.7826086957	0.347826087	ref_000649	0.29688	0.1743148624	0.5871559633	0.7356321839	161	0.8256851376	0.599247665	gen_111	0.6636342727	0.3363657273						
gen_22	112	True	False	False	False	True	0.1085819535	0.06061925601	True	True	False	[]	True	False	[]	True	composition_outlier_warning	not_detected	0	1000	0	False	0	23	18	6	0.7826086957	0.2608695652	ref_000138	0.41379	0.1071420536	0.2589285714	0.3152173913	773	0.8928579464	0.6287885841	gen_52	0.6964271429	0.3035728571						
gen_23	99	True	False	False	False	True	0.07532163823	0.06061925601	True	True	False	[]	True	False	[]	True	composition_outlier_warning	not_detected	0	1000	0	False	0	23	18	5	0.7826086957	0.2173913043	ref_000566	0.31818	0.21212	0.6666666667	0.8461538462	650	0.78788	0.7517956338	gen_69	0.6893196117	0.3106803883						
gen_24	105	True	False	False	False	True	0.1505671167	0.06061925601	True	True	False	[]	True	False	[]	True	composition_outlier_warning	not_detected	0	1000	0	False	0	23	18	6	0.7826086957	0.2608695652	ref_000812	0.35897	0.1333317143	0.3714285714	0.4382022472	67	0.8666682857	0.5905273452	gen_36	0.78095	0.21905						
gen_25	84	True	False	False	False	True	0.06432679015	0.06061925601	True	True	False	[]	True	False	[]	True	composition_outlier_warning	not_detected	0	1000	0	False	0	23	19	6	0.8260869565	0.2608695652	ref_000380	0.41667	0.1630447826	0.4285714286	0.3913043478	228	0.8369552174	0.9395136409	gen_9	0.8690495238	0.1309504762						
gen_26	102	True	False	False	False	True	0.1254397985	0.06061925601	True	True	False	[]	True	False	[]	True	composition_outlier_warning	not_detected	0	1000	0	False	0	23	17	7	0.7391304348	0.3043478261	ref_000319	0.35294	0.1176466667	0.3333333333	0.3736263736	61	0.8823533333	0.665624115	gen_86	0.6078417647	0.3921582353						
gen_27	104	True	False	False	False	True	0.05461300563	0.06061925601	False	True	False	[]	True	False	[]	True		not_detected	0	1000	0	False	0	23	17	3	0.7391304348	0.1304347826	ref_001141	0.21622	0.1290345161	0.7115384615	0.5967741935	891	0.8709654839	0.7988590753	gen_98	0.70192	0.29808						
gen_28	66	True	False	False	False	True	0.1148000269	0.06061925601	True	True	False	[]	True	False	[]	True	composition_outlier_warning	detected	20	5.3e-06	0.5128205128	False	0	23	17	8	0.7391304348	0.347826087	ref_000493	0.44118	0.2272745455	0.5151515152	0.5396825397	9.7	0.7727254545	0.9221771524	gen_148	0.2631552632	0.7368447368	2.7e-06	20.9	2	21	17	36
gen_32	104	True	False	False	False	True	0.05896956444	0.06061925601	False	True	False	[]	True	False	[]	True		detected	33.1	4.2e-10	0.8974358974	False	0.004519949118	23	19	6	0.8260869565	0.2608695652	ref_000279	0.29885	0.2499995192	0.8365384615	1.011627907	7.7	0.7500004808	0.9436828921	gen_102	0.2436957983	0.7563042017	2.4e-10	33.9	3	37	19	50
gen_34	115	True	False	False	False	True	0.1200347713	0.06061925601	True	True	False	[]	True	False	[]	True	composition_outlier_warning	not_detected	0	1000	0	False	0	23	18	6	0.7826086957	0.2608695652	ref_001222	0.28767	0.182607913	0.6347826087	0.9605263158	12	0.817392087	0.6239062892	gen_100	0.7130386957	0.2869613043						
gen_35	155	True	False	False	False	True	0.0437533612	0.06061925601	False	True	False	[]	True	False	[]	True		detected	43.5	2.3e-13	1	True	0.1244019139	23	23	22	1	0.9565217391	ref_001033	0.81046	0.8000024516	0.9870967742	0.9935064935	1.63e-74	0.1999975484	0.9334880223	gen_118	0.717945	0.282055	1.7e-13	44	1	39	19	57
gen_36	100	True	False	False	False	True	0.1236395757	0.06061925601	True	True	False	[]	True	False	[]	True	composition_outlier_warning	not_detected	0	1000	0	False	0	23	18	4	0.7826086957	0.1739130435	ref_001143	0.38889	0.1138214634	0.36	0.2926829268	28	0.8861785366	0.5521695123	gen_15	0.85294	0.14706						
gen_37	114	True	False	False	False	True	0.05993804667	0.06061925601	False	True	False	[]	True	False	[]	True		not_detected	0	1000	0	False	0	23	18	5	0.7826086957	0.2173913043	ref_000105	0.26027	0.1666641228	0.6403508772	0.8295454545	710	0.8333358772	0.7945640408	gen_99	0.8947403509	0.1052596491						
gen_38	106	True	False	False	False	True	0.10596718	0.06061925601	True	True	False	[]	True	False	[]	True	composition_outlier_warning	not_detected	0	1000	0	False	0	23	18	4	0.7826086957	0.1739130435	ref_000573	0.28	0.1320754717	0.4716981132	0.6756756757	40	0.8679245283	0.5923739197	gen_170	0.7075457547	0.2924542453						
gen_39	71	True	False	False	False	True	0.03153631034	0.06061925601	False	True	False	[]	True	False	[]	True		detected	55.6	3.9e-17	1	True	0.6220095694	23	23	20	1	0.8695652174	ref_000626	0.74242	0.6805516667	0.9295774648	0.9166666667	7.37e-30	0.3194483333	0.9202091071	gen_101	0.6338049296	0.3661950704	3.1e-17	55.9	1	39	11	49
gen_40	136	True	False	False	False	True	0.04156627791	0.06061925601	False	True	False	[]	True	False	[]	True		detected	46.8	2.3e-14	0.9743589744	True	0.2344497608	23	23	23	1	1	ref_001168	0.73913	0.728571	1.014705882	0.9857142857	1.81e-53	0.271429	0.9319367888	gen_68	0.5103468276	0.4896531724	1.6e-14	47.3	2	39	19	56
gen_42	84	True	False	False	False	True	0.02131395013	0.06061925601	False	True	False	[]	True	False	[]	True		detected	60.9	8.8e-19	1	True	0.980861244	23	23	23	1	1	ref_000741	0.85714	0.85714	1	1	1.04e-48	0.14286	0.9076798901	gen_173	0.8488395349	0.1511604651	6.8e-19	61.3	1	39	11	49
gen_43	98	True	False	False	False	True	0.1593583986	0.06061925601	True	True	False	[]	True	False	[]	True	composition_outlier_warning	not_detected	0	1000	0	False	0	23	14	6	0.6086956522	0.2608695652	ref_000482	0.26316	0.2551040816	0.9693877551	1.055555556	6.6	0.7448959184	0.6943284745	gen_192	0.5816363265	0.4183636735						
gen_44	70	True	False	False	False	True	0.02071532008	0.06061925601	False	True	False	[]	True	False	[]	True		detected	56.6	1.9e-17	1	True	0.7057416268	23	23	22	1	0.9565217391	ref_000685	0.88571	0.88571	1	1	6.86e-41	0.11429	0.9217792812	gen_161	0.7857185714	0.2142814286	1.5e-17	56.9	1	39	11	49
gen_46	96	True	False	False	False	True	0.05315175493	0.06061925601	False	True	False	[]	True	False	[]	True		not_detected	0	1000	0	False	0	23	17	4	0.7391304348	0.1739130435	ref_000986	0.28205	0.1401267516	0.8125	0.4968152866	43	0.8598732484	0.8235333189	gen_117	0.3883495146	0.6116504854						
gen_47	100	True	False	False	False	True	0.1638509017	0.06061925601	True	True	False	[]	True	False	[]	True	composition_outlier_warning	not_detected	0	1000	0	False	0	23	18	5	0.7826086957	0.2173913043	ref_001168	0.25806	0.05714185714	0.31	0.2214285714	384	0.9428581429	0.578927053	gen_36	0.7900024	0.2099976						
gen_49	112	True	False	False	False	True	0.1063076782	0.06061925601	True	True	False	[]	True	False	[]	True	composition_outlier_warning	not_detected	0	1000	0	False	0	23	18	5	0.7826086957	0.2173913043	ref_001186	0.35616	0.216664	0.6517857143	0.6083333333	101	0.783336	0.6231148059	gen_86	0.6875033929	0.3124966071						
gen_51	101	True	False	False	False	True	0.1181295691	0.06061925601	True	True	False	[]	True	False	[]	True	composition_outlier_warning	not_detected	0	1000	0	False	0	23	21	8	0.9130434783	0.347826087	ref_000171	0.30233	0.1287147525	0.4257425743	0.4479166667	866	0.8712852475	0.6313134672	gen_11	0.62832	0.37168						
gen_52	103	True	False	False	False	True	0.1044781909	0.06061925601	True	True	False	[]	True	False	[]	True	composition_outlier_warning	not_detected	0	1000	0	False	0	23	17	5	0.7391304348	0.2173913043	ref_000812	0.33333	0.1262123301	0.3786407767	0.4382022472	159	0.8737876699	0.5732062702	gen_73	0.7767	0.2233						
gen_53	109	True	False	False	False	True	0.122282264	0.06061925601	True	True	False	[]	True	False	[]	True	composition_outlier_warning	not_detected	0	1000	0	False	0	23	18	5	0.7826086957	0.2173913043	ref_000267	0.52941	0.08256853211	0.1559633028	0.1789473684	41	0.9174314679	0.5994015948	gen_153	0.76147	0.23853						
gen_54	109	True	False	False	False	True	0.1280095989	0.06061925601	True	True	False	[]	True	False	[]	True	composition_outlier_warning	not_detected	0	1000	0	False	0	23	17	6	0.7391304348	0.2608695652	ref_001099	0.36667	0.08333409091	0.2752293578	0.2272727273	181	0.9166659091	0.6884621868	gen_100	0.6181823636	0.3818176364						
gen_55	94	True	False	False	False	True	0.0368950792	0.06061925601	False	True	False	[]	True	False	[]	True		not_detected	0	1000	0	False	0	23	23	11	1	0.4782608696	ref_000170	0.31707	0.2765929787	0.8723404255	0.9425287356	474	0.7234070213	0.9849906458	gen_195	0.1382985106	0.8617014894						
gen_56	103	True	False	False	False	True	0.0507905843	0.06061925601	False	True	False	[]	True	False	[]	True		detected	58.2	6.1e-18	1	True	0.8062200957	23	21	11	0.9130434783	0.4782608696	ref_000864	0.6875	0.3963963964	0.6213592233	0.5765765766	2.4e-30	0.6036036036	0.9410311002	gen_199	0.4500026667	0.5499973333	4.9e-18	58.5	1	39	11	49
gen_57	111	True	False	False	False	True	0.1291506473	0.06061925601	True	True	False	[]	True	False	[]	True	composition_outlier_warning	not_detected	0	1000	0	False	0	23	18	8	0.7826086957	0.347826087	ref_000977	0.32653	0.1185182963	0.4414414414	0.362962963	85	0.8814817037	0.5972446116	gen_17	0.75652	0.24348						
gen_58	104	True	False	False	False	True	0.05216972195	0.06061925601	False	True	False	[]	True	False	[]	True		detected	32.1	8.5e-10	0.9230769231	False	0.004649090522	23	21	13	0.9130434783	0.5652173913	ref_000864	0.5	0.3423423423	0.7307692308	0.6846846847	4.45e-17	0.6576576577	0.9472006409	gen_199	0.3499986667	0.6500013333	3.1e-10	33.5	2	37	14	49
gen_60	106	True	False	False	False	True	0.1654093738	0.06061925601	True	True	False	[]	True	False	[]	True	composition_outlier_warning	not_detected	0	1000	0	False	0	23	18	7	0.7826086957	0.3043478261	ref_000147	0.32075	0.160375	0.5	0.6385542169	198	0.839625	0.6057068516	gen_86	0.7169856604	0.2830143396						
gen_61	114	True	False	False	False	True	0.04552730201	0.06061925601	False	True	False	[]	True	False	[]	True		not_detected	0	1000	0	False	0	23	18	5	0.7826086957	0.2173913043	ref_000882	0.24468	0.1654670504	0.8245614035	0.6762589928	11	0.8345329496	0.7773795244	gen_127	0.87719	0.12281						
gen_62	84	True	False	False	False	True	0.08789804953	0.06061925601	True	True	False	[]	True	False	[]	True	composition_outlier_warning	not_detected	0	1000	0	False	0	23	19	7	0.8260869565	0.3043478261	ref_000527	0.28333	0.197672093	0.7142857143	0.6976744186	47	0.802327907	0.9401412809	gen_83	0.90476	0.09524						
gen_63	97	True	False	False	False	True	0.09814445251	0.06061925601	True	True	False	[]	True	False	[]	True	composition_outlier_warning	not_detected	0	1000	0	False	0	23	18	6	0.7826086957	0.2608695652	ref_000345	0.3125	0.1030927835	0.3298969072	0.3555555556	152	0.8969072165	0.5772150325	gen_7	0.793811134	0.206188866						
gen_65	84	True	False	False	False	True	0.09666009599	0.06061925601	True	True	False	[]	True	False	[]	True	composition_outlier_warning	not_detected	0	1000	0	False	0	23	19	5	0.8260869565	0.2173913043	ref_000627	0.39394	0.1547621429	0.3928571429	0.4459459459	59	0.8452378571	0.9345570769	gen_9	0.89286	0.10714						
gen_66	94	True	False	False	False	True	0.09801632041	0.06061925601	True	True	False	[]	True	False	[]	True	composition_outlier_warning	not_detected	0	1000	0	False	0	23	18	7	0.7826086957	0.3043478261	ref_000616	0.3913	0.09090808081	0.2446808511	0.2323232323	309	0.9090919192	0.6515092466	gen_145	0.6063856383	0.3936143617						
gen_67	92	True	False	False	False	True	0.03001899713	0.06061925601	False	True	False	[]	True	False	[]	True		detected	53.1	2.4e-16	1	True	0.4377990431	23	23	23	1	1	ref_000778	0.89888	0.8695686957	0.9673913043	1	2.08e-51	0.1304313043	0.9130963001	gen_179	0.8043494565	0.1956505435	1.8e-16	53.5	1	39	11	49
gen_68	145	True	False	False	False	True	0.03687893392	0.06061925601	False	True	False	[]	True	False	[]	True		detected	46.2	3.4e-14	0.9743589744	True	0.1961722488	23	23	23	1	1	ref_001168	0.73913	0.7034478621	0.9517241379	0.9857142857	7.55e-58	0.2965521379	0.931808763	gen_40	0.5103468276	0.4896531724	2.5e-14	46.7	2	39	18	55
gen_69	103	True	False	False	False	True	0.07490895018	0.06061925601	True	True	False	[]	True	False	[]	True	composition_outlier_warning	not_detected	0	1000	0	False	0	23	18	5	0.7826086957	0.2173913043	ref_001064	0.28358	0.1557365574	0.6504854369	0.5491803279	673	0.8442634426	0.7642027849	gen_99	0.7105276316	0.2894723684						
gen_70	107	True	False	False	False	True	0.1709710156	0.06061925601	True	True	False	[]	True	False	[]	True	composition_outlier_warning	not_detected	0	1000	0	False	0	23	18	5	0.7826086957	0.2173913043	ref_000662	0.30612	0.1401857944	0.4579439252	0.6805555556	554	0.8598142056	0.585304476	gen_153	0.78505	0.21495						
gen_71	84	True	False	False	False	True	0.1271474532	0.06061925601	True	True	False	[]	True	False	[]	True	composition_outlier_warning	detected	53.4	1.9e-16	1	True	0.4593301435	23	21	9	0.9130434783	0.3913043478	ref_001221	0.48936	0.2738085714	0.5595238095	0.5662650602	2.17e-12	0.7261914286	0.9261223993	gen_139	0.4725237363	0.5274762637	1.6e-16	53.7	1	39	29	67
gen_73	103	True	False	False	False	True	0.1316416818	0.06061925601	True	True	False	[]	True	False	[]	True	composition_outlier_warning	not_detected	0	1000	0	False	0	23	18	6	0.7826086957	0.2608695652	ref_000812	0.45	0.08737864078	0.1941747573	0.2247191011	21	0.9126213592	0.5712533645	gen_86	0.8349541748	0.1650458252						
gen_74	103	True	False	False	False	True	0.1089864509	0.06061925601	True	True	False	[]	True	False	[]	True	composition_outlier_warning	not_detected	0	1000	0	False	0	23	18	4	0.7826086957	0.1739130435	ref_001050	0.28	0.1296296296	0.4854368932	0.462962963	825	0.8703703704	0.5928156558	gen_36	0.7961184466	0.2038815534						
gen_76	155	True	False	False	False	True	0.05258141448	0.06061925601	False	True	False	[]	True	False	[]	True		detected	43.2	3e-13	1	True	0.1028708134	23	23	22	1	0.9565217391	ref_001038	0.83117	0.8258076129	0.9935483871	0.9935483871	1.52e-76	0.1741923871	0.9341761476	gen_118	0.7435875	0.2564125	2.3e-13	43.6	1	39	19	57
gen_77	100	True	False	False	False	True	0.1449375469	0.06061925601	True	True	False	[]	True	False	[]	True	composition_outlier_warning	not_detected	0	1000	0	False	0	23	18	5	0.7826086957	0.2173913043	ref_000321	0.32075	0.1699975	0.53	0.5760869565	359	0.8300025	0.5815081177	gen_36	0.84	0.16						
gen_78	105	True	False	False	False	True	0.1840149511	0.06061925601	True	True	False	[]	True	False	[]	True	composition_outlier_warning	not_detected	0	1000	0	False	0	23	15	8	0.652173913	0.347826087	ref_000478	0.43243	0.1523800952	0.3523809524	0.4111111111	715	0.8476199048	0.9613107764	gen_111	0.1909096364	0.8090903636						
gen_79	112	True	False	False	False	True	0.09595616372	0.06061925601	True	True	False	[]	True	False	[]	True	composition_outlier_warning	not_detected	0	1000	0	False	0	23	18	6	0.7826086957	0.2608695652	ref_000939	0.38095	0.1095883562	0.375	0.2876712329	88	0.8904116438	0.6276672287	gen_86	0.65179	0.34821						
gen_80	91	True	False	False	False	True	0.1249226207	0.06061925601	True	True	False	[]	True	False	[]	True	composition_outlier_warning	not_detected	0	1000	0	False	0	23	17	6	0.7391304348	0.2608695652	ref_000823	0.29545	0.1428549451	0.4835164835	0.6197183099	7.4	0.8571450549	0.5872852059	gen_196	0.75824	0.24176						
gen_81	93	True	False	False	False	True	0.1333839707	0.06061925601	True	True	False	[]	True	False	[]	True	composition_outlier_warning	not_detected	0	1000	0	False	0	23	18	5	0.7826086957	0.2173913043	ref_000178	0.33333	0.1182783871	0.3548387097	0.3666666667	895	0.8817216129	0.5768857207	gen_156	0.8494605376	0.1505394624						
gen_82	103	True	False	False	False	True	0.1115376964	0.06061925601	True	True	False	[]	True	False	[]	True	composition_outlier_warning	not_detected	0	1000	0	False	0	23	18	6	0.7826086957	0.2608695652	ref_000237	0.19048	0.07767145631	0.4077669903	0.5526315789	37	0.9223285437	0.5904850418	gen_0	0.7475708738	0.2524291262						
gen_83	84	True	False	False	False	True	0.1090431803	0.06061925601	True	True	False	[]	True	False	[]	True	composition_outlier_warning	not_detected	0	1000	0	False	0	23	19	6	0.8260869565	0.2608695652	ref_001116	0.34146	0.121737913	0.4880952381	0.3565217391	977	0.878262087	0.9384165064	gen_62	0.90476	0.09524						
gen_84	92	True	False	False	False	True	0.1535353165	0.06061925601	True	True	False	[]	True	False	[]	True	composition_outlier_warning	not_detected	0	1000	0	False	0	23	18	5	0.7826086957	0.2173913043	ref_000265	0.34211	0.1413063043	0.4130434783	0.4130434783	17	0.8586936957	0.5899454394	gen_151	0.8913054348	0.1086945652						
gen_85	104	True	False	False	False	True	0.1224161869	0.06061925601	True	True	False	[]	True	False	[]	True	composition_outlier_warning	not_detected	0	1000	0	False	0	23	18	6	0.7826086957	0.2608695652	ref_000713	0.3	0.1442307692	0.4807692308	0.7142857143	7.3	0.8557692308	0.6365523417	gen_152	0.6250020192	0.3749979808						
gen_86	102	True	False	False	False	True	0.1142979337	0.06061925601	True	True	False	[]	True	False	[]	True	composition_outlier_warning	not_detected	0	1000	0	False	0	23	18	6	0.7826086957	0.2608695652	ref_000734	0.26882	0.2451005882	0.9117647059	1	625	0.7548994118	0.5370439251	gen_106	0.8529427451	0.1470572549						
gen_87	104	True	False	False	False	True	0.100310696	0.06061925601	True	True	False	[]	True	False	[]	True	composition_outlier_warning	not_detected	0	1000	0	False	0	23	18	6	0.7826086957	0.2608695652	ref_000790	0.33846	0.2115375	0.625	0.7558139535	294	0.7884625	0.5765462379	gen_73	0.7980732692	0.2019267308						
gen_88	98	True	False	False	False	True	0.1373577329	0.06061925601	True	True	False	[]	True	False	[]	True	composition_outlier_warning	not_detected	0	1000	0	False	0	23	18	7	0.7826086957	0.3043478261	ref_000147	0.32075	0.1734668367	0.5408163265	0.6385542169	277	0.8265331633	0.5392486195	gen_156	0.8571468367	0.1428531633						
gen_89	96	True	False	False	False	True	0.1315700751	0.06061925601	True	True	False	[]	True	False	[]	True	composition_outlier_warning	not_detected	0	1000	0	False	0	23	18	5	0.7826086957	0.2173913043	ref_000885	0.275	0.07692307692	0.4166666667	0.2797202797	349	0.9230769231	0.5913549702	gen_156	0.7708341667	0.2291658333						
gen_90	97	True	False	False	False	True	0.1329553452	0.06061925601	True	True	False	[]	True	False	[]	True	composition_outlier_warning	not_detected	0	1000	0	False	0	23	18	4	0.7826086957	0.1739130435	ref_000008	0.29825	0.1752603093	0.587628866	0.7702702703	82	0.8247396907	0.5877431769	gen_36	0.820001	0.179999						
gen_91	83	True	False	False	False	True	0.1333770099	0.06061925601	True	True	False	[]	True	False	[]	True	composition_outlier_warning	detected	39.2	5.5e-12	0.9230769231	False	0.0116227263	23	19	10	0.8260869565	0.4347826087	ref_001221	0.39062	0.3012009639	0.7710843373	0.7710843373	9.22e-08	0.6987990361	0.9355605814	gen_71	0.34524	0.65476	4.2e-12	39.5	1	36	37	70
gen_92	89	True	False	False	False	True	0.02420720274	0.06061925601	False	True	False	[]	True	False	[]	True		detected	56.3	2.4e-17	1	True	0.6889952153	23	23	23	1	1	ref_000029	0.89888	0.89888	1	1.022988506	1.17e-49	0.10112	0.9053633827	gen_173	0.8651710112	0.1348289888	1.8e-17	56.7	1	39	11	49
gen_94	74	True	False	False	False	True	0.0483753911	0.06061925601	False	True	False	[]	True	False	[]	True		detected	34.2	1.9e-10	0.8974358974	False	0.004519949118	23	21	10	0.9130434783	0.4347826087	ref_000717	0.40351	0.3108117568	0.7702702703	0.7916666667	1.05e-06	0.6891882432	0.9417376357	gen_129	0.3378405405	0.6621594595	1.3e-10	34.8	1	35	20	54
gen_95	104	True	False	False	False	True	0.07131533659	0.06061925601	True	True	False	[]	True	False	[]	True	composition_outlier_warning	detected	62.1	3.7e-19	0.9743589744	True	0.9928229665	23	21	12	0.9130434783	0.5217391304	ref_000436	0.43333	0.3749971154	0.8653846154	1.046511628	7.01e-13	0.6250028846	0.7889362189	gen_51	0.4038461538	0.5961538462	2.5e-19	62.6	1	38	11	48
gen_97	136	True	False	False	False	True	0.03508155743	0.06061925601	False	True	False	[]	True	False	[]	True		detected	54.4	9.6e-17	1	True	0.5358851675	23	23	23	1	1	ref_001111	0.73723	0.7426508088	1.007352941	1.007352941	3.81e-55	0.2573491912	0.9098482425	gen_40	0.4852958824	0.5147041176	6.7e-17	54.9	1	39	24	62
gen_98	104	True	False	False	False	True	0.05700641998	0.06061925601	False	True	False	[]	True	False	[]	True		not_detected	0	1000	0	False	0	23	17	3	0.7391304348	0.1304347826	ref_001171	0.29412	0.1459865693	0.6538461538	0.496350365	319	0.8540134307	0.7993388375	gen_157	0.7403882692	0.2596117308						
gen_99	114	True	False	False	False	True	0.05464635696	0.06061925601	False	True	False	[]	True	False	[]	True		not_detected	0	1000	0	False	0	23	18	5	0.7826086957	0.2173913043	ref_001122	0.44	0.1679389313	0.4385964912	0.3816793893	74	0.8320610687	0.7929328954	gen_37	0.8947403509	0.1052596491						
gen_100	110	True	False	False	False	True	0.1296224722	0.06061925601	True	True	False	[]	True	False	[]	True	composition_outlier_warning	not_detected	0	1000	0	False	0	23	20	6	0.8695652174	0.2608695652	ref_000522	0.28571	0.1090892727	0.3818181818	0.6	993	0.8909107273	0.6051304648	gen_34	0.7130386957	0.2869613043						
gen_101	71	True	False	False	False	True	0.03998976006	0.06061925601	False	True	False	[]	True	False	[]	True		detected	59.3	2.7e-18	1	True	0.8971291866	23	23	22	1	0.9565217391	ref_000861	0.90141	0.90141	1	1	4.32e-42	0.09859	0.9168199344	gen_161	0.7887338028	0.2112661972	2e-18	59.8	1	39	11	49
gen_102	119	True	False	False	False	True	0.08153439227	0.06061925601	True	True	False	[]	True	False	[]	True	composition_outlier_warning	detected	45	8.1e-14	0.9487179487	False	0.1720163493	23	21	12	0.9130434783	0.5217391304	ref_001160	0.40496	0.3602952941	1.016806723	0.8897058824	2.8e-18	0.6397047059	0.938771355	gen_95	0.3697478992	0.6302521008	6e-14	45.4	2	38	28	64
gen_103	98	True	False	False	False	True	0.09238953266	0.06061925601	True	True	False	[]	True	False	[]	True	composition_outlier_warning	not_detected	0	1000	0	False	0	23	18	4	0.7826086957	0.1739130435	ref_000347	0.28571	0.2040785714	0.7142857143	0.7608695652	15	0.7959214286	0.6104267949	gen_166	0.6734710204	0.3265289796						
gen_104	74	True	False	False	False	True	0.1119934611	0.06061925601	True	True	False	[]	True	False	[]	True	composition_outlier_warning	detected	35.6	7.1e-11	0.6923076923	False	0.003486817891	23	14	6	0.6086956522	0.2608695652	ref_000163	0.47222	0.2297286486	0.4864864865	0.5142857143	0.078	0.7702713514	0.9356968037	gen_94	0.3108105405	0.6891894595	4.8e-11	36.1	1	27	2	28
gen_106	101	True	False	False	False	True	0.1498036701	0.06061925601	True	True	False	[]	True	False	[]	True	composition_outlier_warning	not_detected	0	1000	0	False	0	23	18	7	0.7826086957	0.3043478261	ref_000345	0.26316	0.1980213861	0.7524752475	0.8444444444	19	0.8019786139	0.5690212633	gen_86	0.8529427451	0.1470572549						
gen_107	98	True	False	False	False	True	0.1619457571	0.06061925601	True	True	False	[]	True	False	[]	True	composition_outlier_warning	not_detected	0	1000	0	False	0	23	18	5	0.7826086957	0.2173913043	ref_000009	0.33333	0.1379296552	0.4897959184	0.4137931034	909	0.8620703448	0.5945487094	gen_36	0.79	0.21						
gen_108	103	True	False	False	False	True	0.1550281119	0.06061925601	True	True	False	[]	True	False	[]	True	composition_outlier_warning	not_detected	0	1000	0	False	0	23	18	5	0.7826086957	0.2173913043	ref_000347	0.35714	0.1456299029	0.4077669903	0.4565217391	0.88	0.8543700971	0.5732592754	gen_111	0.7363634545	0.2636365455						
gen_109	86	True	False	False	False	True	0.0286204414	0.06061925601	False	True	False	[]	True	False	[]	True		detected	53.1	2.5e-16	1	True	0.4377990431	23	23	23	1	1	ref_000435	0.8046	0.8046	1.011627907	1	2.07e-45	0.1954	0.9011919465	gen_6	0.7907	0.2093	1.9e-16	53.5	1	39	11	49
gen_110	93	True	False	False	False	True	0.1309349837	0.06061925601	True	True	False	[]	True	False	[]	True	composition_outlier_warning	not_detected	0	1000	0	False	0	23	17	5	0.7391304348	0.2173913043	ref_000347	0.32075	0.1827930108	0.5698924731	0.5760869565	7.6	0.8172069892	0.5647843305	gen_198	0.82796	0.17204						
gen_111	110	True	False	False	False	True	0.1541049182	0.06061925601	True	True	False	[]	True	False	[]	True	composition_outlier_warning	not_detected	0	1000	0	False	0	23	18	7	0.7826086957	0.3043478261	ref_000305	0.35	0.1272727273	0.3636363636	0.4166666667	94	0.8727272727	0.5963238108	gen_158	0.756522	0.243478						
gen_112	106	True	False	False	False	True	0.1687076715	0.06061925601	True	True	False	[]	True	False	[]	True	composition_outlier_warning	not_detected	0	1000	0	False	0	23	18	7	0.7826086957	0.3043478261	ref_000240	0.38298	0.1698118868	0.4433962264	0.5595238095	4.8	0.8301881132	0.5985377351	gen_153	0.7196234579	0.2803765421						
gen_115	127	True	False	False	False	True	0.06493435772	0.06061925601	True	True	False	[]	True	False	[]	True	composition_outlier_warning	detected	45.5	5.6e-14	0.9743589744	True	0.1818181818	23	23	18	1	0.7826086957	ref_001050	0.62651	0.4094514173	0.6535433071	0.7685185185	1.79e-26	0.5905485827	0.9476795489	gen_123	0.3464567717	0.6535432283	4e-14	46	2	39	12	49
gen_116	100	True	False	False	False	True	0.1305159661	0.06061925601	True	True	False	[]	True	False	[]	True	composition_outlier_warning	not_detected	0	1000	0	False	0	23	18	5	0.7826086957	0.2173913043	ref_000272	0.27027	0.1999998	0.74	0.8043478261	256	0.8000002	0.6647602597	gen_63	0.6199986	0.3800014						
gen_117	103	True	False	False	False	True	0.07794038691	0.06061925601	True	True	False	[]	True	False	[]	True	composition_outlier_warning	not_detected	0	1000	0	False	0	23	17	3	0.7391304348	0.1304347826	ref_001015	0.27586	0.1777764444	0.8446601942	0.6444444444	809	0.8222235556	0.79877751	gen_157	0.788465	0.211535						
gen_118	156	True	False	False	False	True	0.04828658133	0.06061925601	False	True	False	[]	True	False	[]	True		detected	43.1	3.1e-13	1	True	0.0980861244	23	23	22	1	0.9565217391	ref_000954	0.87742	0.8717955128	0.9935897436	1	7.35e-79	0.1282044872	0.9378319018	gen_76	0.7435875	0.2564125	2.3e-13	43.5	1	39	19	57
gen_121	114	True	False	False	False	True	0.1014289899	0.06061925601	True	True	False	[]	True	False	[]	True	composition_outlier_warning	not_detected	0	1000	0	False	0	23	19	5	0.8260869565	0.2173913043	ref_000172	0.38462	0.08772035088	0.2280701754	0.2680412371	288	0.9122796491	0.6205321412	gen_111	0.6666702632	0.3333297368						
gen_122	92	True	False	False	False	True	0.1488348969	0.06061925601	True	True	False	[]	True	False	[]	True	composition_outlier_warning	not_detected	0	1000	0	False	0	23	18	6	0.7826086957	0.2608695652	ref_000238	0.28571	0.2365555914	0.8369565217	0.8279569892	225	0.7634444086	0.5552647493	gen_171	0.83696	0.16304						
gen_123	120	True	False	False	False	True	0.03522013689	0.06061925601	False	True	False	[]	True	False	[]	True		detected	50.5	1.5e-15	1	True	0.3301435407	23	23	23	1	1	ref_001104	0.64545	0.5819631148	0.9166666667	0.9016393443	9.62e-37	0.4180368852	0.9090081246	gen_97	0.4632352941	0.5367647059	1e-15	51.1	1	39	18	56
gen_125	114	True	False	False	False	True	0.05740601774	0.06061925601	False	True	False	[]	True	False	[]	True		not_detected	0	1000	0	False	0	23	18	5	0.7826086957	0.2173913043	ref_000675	0.29688	0.1666694737	0.5614035088	0.7619047619	35	0.8333305263	0.7799031179	gen_127	0.83333	0.16667						
gen_126	92	True	False	False	False	True	0.1816672623	0.06061925601	True	True	False	[]	True	False	[]	True	composition_outlier_warning	not_detected	0	1000	0	False	0	23	18	6	0.7826086957	0.2608695652	ref_000138	0.41379	0.1304338043	0.3152173913	0.3152173913	506	0.8695661957	0.5744128842	gen_141	0.82979	0.17021						
gen_127	114	True	False	False	False	True	0.04568120422	0.06061925601	False	True	False	[]	True	False	[]	True		not_detected	0	1000	0	False	0	23	18	5	0.7826086957	0.2173913043	ref_000303	0.26582	0.1842085965	0.6929824561	0.8144329897	404	0.8157914035	0.7924426259	gen_99	0.88596	0.11404						
gen_128	93	True	False	False	False	True	0.1325835771	0.06061925601	True	True	False	[]	True	False	[]	True	composition_outlier_warning	not_detected	0	1000	0	False	0	23	17	6	0.7391304348	0.2608695652	ref_000426	0.27119	0.1720452688	0.6344086022	0.6781609195	65	0.8279547312	0.6852723008	gen_110	0.6344043011	0.3655956989						
gen_129	73	True	False	False	False	True	0.1269155534	0.06061925601	True	True	False	[]	True	False	[]	True	composition_outlier_warning	detected	54.8	7.3e-17	0.9743589744	True	0.5693779904	23	21	8	0.9130434783	0.347826087	ref_000722	0.45161	0.3835591781	0.8493150685	0.8857142857	3.56e-08	0.6164408219	0.9458534737	gen_139	0.4285730769	0.5714269231	5.6e-17	55.1	2	39	22	59
gen_130	120	True	False	False	False	True	0.08245324202	0.06061925601	True	True	False	[]	True	False	[]	True	composition_outlier_warning	not_detected	0	1000	0	False	0	23	21	7	0.9130434783	0.3043478261	ref_000512	0.27778	0.125001	0.45	0.75	995	0.874999	0.736571888	gen_121	0.5000020833	0.4999979167						
gen_131	94	True	False	False	False	True	0.1087542697	0.06061925601	True	True	False	[]	True	False	[]	True	composition_outlier_warning	not_detected	0	1000	0	False	0	23	18	7	0.7826086957	0.3043478261	ref_001145	0.35135	0.1382973404	0.3936170213	0.4352941176	395	0.8617026596	0.5691094727	gen_7	0.7765912766	0.2234087234						
gen_132	107	True	False	False	False	True	0.05705510102	0.06061925601	False	True	False	[]	True	False	[]	True		not_detected	0	1000	0	False	0	23	17	3	0.7391304348	0.1304347826	ref_000938	0.31944	0.171639403	0.6728971963	0.5373134328	16	0.828360597	0.8027286603	gen_157	0.738322243	0.261677757						
gen_133	106	True	False	False	False	True	0.1176270602	0.06061925601	True	True	False	[]	True	False	[]	True	composition_outlier_warning	not_detected	0	1000	0	False	0	23	18	5	0.7826086957	0.2173913043	ref_000436	0.26761	0.1792482075	0.6698113208	0.8255813953	783	0.8207517925	0.5964578948	gen_126	0.6886830189	0.3113169811						
gen_134	107	True	False	False	False	True	0.1189302395	0.06061925601	True	True	False	[]	True	False	[]	True	composition_outlier_warning	not_detected	0	1000	0	False	0	23	18	7	0.7826086957	0.3043478261	ref_000922	0.38462	0.1369879452	0.4859813084	0.3561643836	194	0.8630120548	0.6336821004	gen_164	0.7383207477	0.2616792523						
gen_135	98	True	False	False	False	True	0.1178345104	0.06061925601	True	True	False	[]	True	False	[]	True	composition_outlier_warning	not_detected	0	1000	0	False	0	23	19	7	0.8260869565	0.3043478261	ref_000573	0.34043	0.163267449	0.4795918367	0.6351351351	24	0.836732551	0.6055962974	gen_106	0.6831686139	0.3168313861						
gen_136	95	True	False	False	False	True	0.1349382886	0.06061925601	True	True	False	[]	True	False	[]	True	composition_outlier_warning	not_detected	0	1000	0	False	0	23	18	7	0.7826086957	0.3043478261	ref_000573	0.34043	0.1684232632	0.4947368421	0.6351351351	325	0.8315767368	0.5650529077	gen_131	0.757896	0.242104						
gen_137	93	True	False	False	False	True	0.1618344876	0.06061925601	True	True	False	[]	True	False	[]	True	composition_outlier_warning	not_detected	0	1000	0	False	0	23	18	6	0.7826086957	0.2608695652	ref_001205	0.375	0.1111111111	0.4301075269	0.2962962963	869	0.8888888889	0.573212308	gen_156	0.88172	0.11828						
gen_138	94	True	False	False	False	True	0.1735697227	0.06061925601	True	True	False	[]	True	False	[]	True	composition_outlier_warning	not_detected	0	1000	0	False	0	23	18	5	0.7826086957	0.2173913043	ref_000267	0.57143	0.08421073684	0.1489361702	0.1473684211	10	0.9157892632	0.5703155473	gen_156	0.851067234	0.148932766						
gen_139	91	True	False	False	False	True	0.09449113997	0.06061925601	True	True	False	[]	True	False	[]	True	composition_outlier_warning	detected	47.3	1.6e-14	0.9743589744	True	0.2464114833	23	21	9	0.9130434783	0.3913043478	ref_000257	0.35052	0.3434387879	1.065934066	0.9797979798	5.74e-05	0.6565612121	0.916727299	gen_13	0.4725274725	0.5274725275	1.1e-14	47.8	1	38	23	60
gen_140	97	True	False	False	False	True	0.1421424015	0.06061925601	True	True	False	[]	True	False	[]	True	composition_outlier_warning	not_detected	0	1000	0	False	0	23	18	6	0.7826086957	0.2608695652	ref_000169	0.47368	0.09278268041	0.1958762887	0.2209302326	144	0.9072173196	0.6336037665	gen_147	0.8762845361	0.1237154639						
gen_141	94	True	False	False	False	True	0.1145091525	0.06061925601	True	True	False	[]	True	False	[]	True	composition_outlier_warning	not_detected	0	1000	0	False	0	23	18	5	0.7826086957	0.2173913043	ref_000834	0.34483	0.1000007	0.3085106383	0.29	260	0.8999993	0.5592141497	gen_126	0.82979	0.17021						
gen_142	87	True	False	False	False	True	0.03050265491	0.06061925601	False	True	False	[]	True	False	[]	True		detected	54.1	1.1e-16	1	True	0.509569378	23	23	22	1	0.9565217391	ref_000225	0.82927	0.7391319565	0.9425287356	0.8913043478	1.32e-44	0.2608680435	0.9191405384	gen_194	0.6565687879	0.3434312121	8.4e-17	54.6	1	39	10	48
gen_143	112	True	False	False	False	True	0.1926389386	0.06061925601	True	True	False	[]	True	False	[]	True	composition_outlier_warning	not_detected	0	1000	0	False	0	23	18	6	0.7826086957	0.2608695652	ref_001011	0.31579	0.1333335556	0.5089285714	0.4222222222	55	0.8666664444	0.6229760076	gen_153	0.6785710714	0.3214289286						
gen_144	99	True	False	False	False	True	0.1208275332	0.06061925601	True	True	False	[]	True	False	[]	True	composition_outlier_warning	not_detected	0	1000	0	False	0	23	18	7	0.7826086957	0.3043478261	ref_000737	0.24138	0.1414145455	0.5858585859	0.7837837838	188	0.8585854545	0.6097215295	gen_88	0.6868707071	0.3131292929						
gen_145	91	True	False	False	False	True	0.1330419795	0.06061925601	True	True	False	[]	True	False	[]	True	composition_outlier_warning	not_detected	0	1000	0	False	0	23	18	7	0.7826086957	0.3043478261	ref_000102	0.4	0.1758241758	0.4395604396	0.4761904762	55	0.8241758242	0.5736007421	gen_156	0.7849483871	0.2150516129						
gen_147	97	True	False	False	False	True	0.1474719684	0.06061925601	True	True	False	[]	True	False	[]	True	composition_outlier_warning	not_detected	0	1000	0	False	0	23	18	6	0.7826086957	0.2608695652	ref_000169	0.47368	0.09278268041	0.1958762887	0.2209302326	123	0.9072173196	0.6330807131	gen_140	0.8762845361	0.1237154639						
gen_148	76	True	False	False	False	True	0.09642292546	0.06061925601	True	True	False	[]	True	False	[]	True	composition_outlier_warning	detected	11.1	0.0031	0.7948717949	False	0	23	21	6	0.9130434783	0.2608695652	ref_000510	0.32051	0.3289444737	1.026315789	1.083333333	2.5	0.6710555263	0.9247020519	gen_139	0.4505515385	0.5494484615	0.0032	11.1	4	34	22	49
gen_149	87	True	False	False	False	True	0.1586689959	0.06061925601	True	True	False	[]	True	False	[]	True	composition_outlier_warning	not_detected	0	1000	0	False	0	23	17	4	0.7391304348	0.1739130435	ref_001068	0.28889	0.08783817568	0.5172413793	0.3040540541	818	0.9121618243	0.5939499894	gen_156	0.7634390323	0.2365609677						
gen_150	97	True	False	False	False	True	0.09103648754	0.06061925601	True	True	False	[]	True	False	[]	True	composition_outlier_warning	not_detected	0	1000	0	False	0	23	16	5	0.6956521739	0.2173913043	ref_000555	0.31707	0.1340192784	0.4226804124	0.476744186	506	0.8659807216	0.7785624086	gen_145	0.412371134	0.587628866						
gen_151	92	True	False	False	False	True	0.1344274957	0.06061925601	True	True	False	[]	True	False	[]	True	composition_outlier_warning	not_detected	0	1000	0	False	0	23	18	5	0.7826086957	0.2173913043	ref_000347	0.31915	0.1630440217	0.5108695652	0.5108695652	4	0.8369559783	0.5999856337	gen_162	0.92391	0.07609						
gen_152	103	True	False	False	False	True	0.1144187873	0.06061925601	True	True	False	[]	True	False	[]	True	composition_outlier_warning	not_detected	0	1000	0	False	0	23	18	7	0.7826086957	0.3043478261	ref_000747	0.36667	0.1067970874	0.2912621359	0.4054054054	4.3	0.8932029126	0.6191732301	gen_164	0.7475740777	0.2524259223						
gen_153	107	True	False	False	False	True	0.1325075762	0.06061925601	True	True	False	[]	True	False	[]	True	composition_outlier_warning	not_detected	0	1000	0	False	0	23	18	6	0.7826086957	0.2608695652	ref_000968	0.30189	0.1111122917	0.4953271028	0.3680555556	415	0.8888877083	0.578432766	gen_70	0.78505	0.21495						
gen_154	121	True	False	False	False	True	0.1122340689	0.06061925601	True	True	False	[]	True	False	[]	True	composition_outlier_warning	not_detected	0	1000	0	False	0	23	20	7	0.8695652174	0.3043478261	ref_001222	0.3125	0.1239669421	0.3966942149	0.6315789474	40	0.8760330579	0.6533582589	gen_170	0.5785152893	0.4214847107						
gen_155	98	True	False	False	False	True	0.1684419367	0.06061925601	True	True	False	[]	True	False	[]	True	composition_outlier_warning	not_detected	0	1000	0	False	0	23	20	5	0.8695652174	0.2173913043	ref_000054	0.27273	0.09183765306	0.3367346939	0.4074074074	382	0.9081623469	0.6086541771	gen_36	0.730004	0.269996						
gen_156	93	True	False	False	False	True	0.1732449543	0.06061925601	True	True	False	[]	True	False	[]	True	composition_outlier_warning	not_detected	0	1000	0	False	0	23	18	7	0.7826086957	0.3043478261	ref_000689	0.28333	0.1827935484	0.6451612903	0.6976744186	486	0.8172064516	0.5383888103	gen_137	0.88172	0.11828						
gen_157	104	True	False	False	False	True	0.08443095965	0.06061925601	True	True	False	[]	True	False	[]	True	composition_outlier_warning	not_detected	0	1000	0	False	0	23	17	3	0.7391304348	0.1304347826	ref_001216	0.25926	0.1532851095	0.7788461538	0.5912408759	409	0.8467148905	0.7989349492	gen_117	0.788465	0.211535						
gen_158	115	True	False	False	False	True	0.1340320113	0.06061925601	True	True	False	[]	True	False	[]	True	composition_outlier_warning	not_detected	0	1000	0	False	0	23	18	7	0.7826086957	0.3043478261	ref_000111	0.35135	0.1130430435	0.3217391304	0.4302325581	31	0.8869569565	0.5948084141	gen_111	0.756522	0.243478						
gen_159	114	True	False	False	False	True	0.1037620105	0.06061925601	True	True	False	[]	True	False	[]	True	composition_outlier_warning	not_detected	0	1000	0	False	0	23	18	7	0.7826086957	0.3043478261	ref_001043	0.34694	0.1491233333	0.4298245614	0.7313432836	0.73	0.8508766667	0.6312576435	gen_152	0.6929840351	0.3070159649						
gen_160	90	True	False	False	False	True	0.1311603435	0.06061925601	True	True	False	[]	True	False	[]	True	composition_outlier_warning	not_detected	0	1000	0	False	0	23	18	8	0.7826086957	0.347826087	ref_000689	0.27451	0.1555556667	0.5666666667	0.5930232558	340	0.8444443333	0.5551025079	gen_156	0.7957005376	0.2042994624						
gen_161	70	True	False	False	False	True	0.02797606802	0.06061925601	False	True	False	[]	True	False	[]	True		detected	60.1	1.6e-18	1	True	0.9425837321	23	23	23	1	1	ref_001083	0.87143	0.8243256757	1	0.9459459459	2.05e-38	0.1756743243	0.9135952141	gen_101	0.7887338028	0.2112661972	1.2e-18	60.4	1	39	11	49
gen_162	92	True	False	False	False	True	0.135690146	0.06061925601	True	True	False	[]	True	False	[]	True	composition_outlier_warning	not_detected	0	1000	0	False	0	23	18	6	0.7826086957	0.2608695652	ref_000347	0.34043	0.1739153261	0.5108695652	0.5108695652	0.2	0.8260846739	0.5888306526	gen_151	0.92391	0.07609						
gen_163	96	True	False	False	False	True	0.1391160435	0.06061925601	True	True	False	[]	True	False	[]	True	composition_outlier_warning	not_detected	0	1000	0	False	0	23	18	5	0.7826086957	0.2173913043	ref_000111	0.34286	0.1250010417	0.3645833333	0.4069767442	87	0.8749989583	0.5730553543	gen_190	0.8453641237	0.1546358763						
gen_164	97	True	False	False	False	True	0.09998086295	0.06061925601	True	True	False	[]	True	False	[]	True	composition_outlier_warning	not_detected	0	1000	0	False	0	23	18	7	0.7826086957	0.3043478261	ref_000262	0.2973	0.1134030928	0.381443299	0.402173913	45	0.8865969072	0.6144813103	gen_152	0.7475740777	0.2524259223						
gen_165	91	True	False	False	False	True	0.1005718561	0.06061925601	True	True	False	[]	True	False	[]	True	composition_outlier_warning	not_detected	0	1000	0	False	0	23	18	6	0.7826086957	0.2608695652	ref_000060	0.3	0.2903225806	0.989010989	0.9677419355	263	0.7096774194	0.6182805657	gen_176	0.7173866304	0.2826133696						
gen_166	98	True	False	False	False	True	0.07545545351	0.06061925601	True	True	False	[]	True	False	[]	True	composition_outlier_warning	not_detected	0	1000	0	False	0	23	20	7	0.8695652174	0.3043478261	ref_000368	0.34043	0.163267449	0.4795918367	0.5402298851	10	0.836732551	0.6190532833	gen_103	0.6734710204	0.3265289796						
gen_169	119	True	False	False	False	True	0.1027517028	0.06061925601	True	True	False	[]	True	False	[]	True	composition_outlier_warning	not_detected	0	1000	0	False	0	23	18	5	0.7826086957	0.2173913043	ref_000968	0.26744	0.1597211111	0.7226890756	0.5972222222	33	0.8402788889	0.6288323682	gen_34	0.6806763025	0.3193236975						
gen_170	103	True	False	False	False	True	0.133171581	0.06061925601	True	True	False	[]	True	False	[]	True	composition_outlier_warning	not_detected	0	1000	0	False	0	23	19	5	0.8260869565	0.2173913043	ref_000172	0.46154	0.1165052427	0.2524271845	0.2680412371	49	0.8834947573	0.5801112667	gen_176	0.7475694175	0.2524305825						
gen_171	92	True	False	False	False	True	0.1936585734	0.06061925601	True	True	False	[]	True	False	[]	True	composition_outlier_warning	not_detected	0	1000	0	False	0	23	18	5	0.7826086957	0.2173913043	ref_000723	0.33962	0.1956506522	0.5760869565	0.5824175824	114	0.8043493478	0.5815177533	gen_122	0.83696	0.16304						
gen_173	86	True	False	False	False	True	0.01427513435	0.06061925601	False	True	False	[]	True	False	[]	True		detected	55.9	3.1e-17	1	True	0.6578947368	23	23	23	1	1	ref_001070	0.88372	0.88372	1	1	3.58e-51	0.11628	0.8999998507	gen_6	0.88372	0.11628	2.5e-17	56.3	1	39	11	49
gen_174	96	True	False	False	False	True	0.162713739	0.06061925601	True	True	False	[]	True	False	[]	True	composition_outlier_warning	not_detected	0	1000	0	False	0	23	18	6	0.7826086957	0.2608695652	ref_001063	0.27778	0.1449286957	0.75	0.5217391304	268	0.8550713043	0.5852102035	gen_156	0.81250375	0.18749625						
gen_175	101	True	False	False	False	True	0.122333748	0.06061925601	True	True	False	[]	True	False	[]	True	composition_outlier_warning	not_detected	0	1000	0	False	0	23	18	5	0.7826086957	0.2173913043	ref_000573	0.33333	0.2376213861	0.7128712871	0.972972973	4	0.7623786139	0.5965840964	gen_77	0.7821753465	0.2178246535						
gen_176	92	True	False	False	False	True	0.1420864146	0.06061925601	True	True	False	[]	True	False	[]	True	composition_outlier_warning	not_detected	0	1000	0	False	0	23	17	4	0.7391304348	0.1739130435	ref_000612	0.2973	0.1195663043	0.402173913	0.4065934066	265	0.8804336957	0.5613041121	gen_156	0.82796	0.17204						
gen_177	125	True	False	False	False	True	0.114494911	0.06061925601	True	True	False	[]	True	False	[]	True	composition_outlier_warning	not_detected	0	1000	0	False	0	23	20	5	0.8695652174	0.2173913043	ref_000882	0.26596	0.1798578417	0.752	0.6762589928	15	0.8201421583	0.7227713155	gen_169	0.5919992	0.4080008						
gen_178	104	True	False	False	False	True	0.1229931979	0.06061925601	True	True	False	[]	True	False	[]	True	composition_outlier_warning	not_detected	0	1000	0	False	0	23	18	6	0.7826086957	0.2608695652	ref_000787	0.27692	0.173075	0.625	0.9285714286	67	0.826925	0.5937964236	gen_36	0.7403846154	0.2596153846						
gen_179	87	True	False	False	False	True	0.03195048777	0.06061925601	False	True	False	[]	True	False	[]	True		detected	54.8	7e-17	1	True	0.5693779904	23	23	23	1	1	ref_000674	0.88636	0.896548046	1.011494253	1.011494253	1.56e-48	0.103451954	0.8969501622	gen_67	0.8043494565	0.1956505435	7e-17	54.8	1	39	11	49
gen_180	93	True	False	False	False	True	0.119633096	0.06061925601	True	True	False	[]	True	False	[]	True	composition_outlier_warning	not_detected	0	1000	0	False	0	23	18	6	0.7826086957	0.2608695652	ref_000791	0.34694	0.1827963441	0.5268817204	0.5975609756	386	0.8172036559	0.5484374452	gen_156	0.84946	0.15054						
gen_181	106	True	False	False	False	True	0.123105873	0.06061925601	True	True	False	[]	True	False	[]	True	composition_outlier_warning	not_detected	0	1000	0	False	0	23	18	5	0.7826086957	0.2173913043	ref_000347	0.31818	0.132074717	0.4150943396	0.4782608696	22	0.867925283	0.5883433643	gen_86	0.7735856604	0.2264143396						
gen_182	113	True	False	False	False	True	0.128263609	0.06061925601	True	True	False	[]	True	False	[]	True	composition_outlier_warning	not_detected	0	1000	0	False	0	23	18	9	0.7826086957	0.3913043478	ref_000215	0.32308	0.1858424779	0.5752212389	0.7738095238	96	0.8141575221	0.5901336766	gen_111	0.743360708	0.256639292						
gen_183	97	True	False	False	False	True	0.1389207619	0.06061925601	True	True	False	[]	True	False	[]	True	composition_outlier_warning	not_detected	0	1000	0	False	0	23	17	6	0.7391304348	0.2608695652	ref_000308	0.35849	0.1958759794	0.5463917526	0.5578947368	18	0.8041240206	0.6174886007	gen_163	0.6907175258	0.3092824742						
gen_184	112	True	False	False	False	True	0.1098868896	0.06061925601	True	True	False	[]	True	False	[]	True	composition_outlier_warning	not_detected	0	1000	0	False	0	23	18	7	0.7826086957	0.3043478261	ref_000074	0.39024	0.1428557143	0.3660714286	0.4505494505	144	0.8571442857	0.6566527206	gen_182	0.6371709735	0.3628290265						
gen_189	77	True	False	False	False	True	0.08677358831	0.06061925601	True	True	False	[]	True	False	[]	True	composition_outlier_warning	detected	50.4	1.6e-15	0.8974358974	False	0.3050965655	23	20	10	0.8695652174	0.4347826087	ref_000826	0.34247	0.3246793506	0.9480519481	1.013888889	4.65e-05	0.6753206494	0.945770863	gen_129	0.3896135065	0.6103864935	1.2e-15	50.8	5	39	16	50
gen_190	97	True	False	False	False	True	0.1224641125	0.06061925601	True	True	False	[]	True	False	[]	True	composition_outlier_warning	not_detected	0	1000	0	False	0	23	18	5	0.7826086957	0.2173913043	ref_000620	0.39474	0.1304358261	0.3917525773	0.3304347826	348	0.8695641739	0.5762607109	gen_163	0.8453641237	0.1546358763						
gen_191	84	True	False	False	False	True	0.1139325116	0.06061925601	True	True	False	[]	True	False	[]	True	composition_outlier_warning	not_detected	0	1000	0	False	0	23	19	4	0.8260869565	0.1739130435	ref_001204	0.28846	0.1102935294	0.619047619	0.3823529412	128	0.8897064706	0.948897465	gen_9	0.79762	0.20238						
gen_192	90	True	False	False	False	True	0.1807487988	0.06061925601	True	True	False	[]	True	False	[]	True	composition_outlier_warning	not_detected	0	1000	0	False	0	23	18	6	0.7826086957	0.2608695652	ref_000484	0.37037	0.222222	0.6	0.7826086957	173	0.777778	0.5731256801	gen_156	0.8172034409	0.1827965591						
gen_193	104	True	False	False	False	True	0.09703276867	0.06061925601	True	True	False	[]	True	False	[]	True	composition_outlier_warning	not_detected	0	1000	0	False	0	23	15	4	0.652173913	0.1739130435	ref_000101	0.28169	0.1923075962	0.6826923077	0.71	102	0.8076924038	0.8980747131	gen_125	0.5087718421	0.4912281579						
gen_194	99	True	False	False	False	True	0.02138296595	0.06061925601	False	True	False	[]	True	False	[]	True		detected	56.8	1.7e-17	1	True	0.7105263158	23	23	23	1	1	ref_000329	0.76289	0.7474780808	0.9797979798	1.010416667	1.31e-44	0.2525219192	0.9262373817	gen_142	0.6565687879	0.3434312121	1.1e-17	57.3	1	39	10	48
gen_195	84	True	False	False	False	True	0.07246981465	0.06061925601	True	True	False	[]	True	False	[]	True	composition_outlier_warning	not_detected	0	1000	0	False	0	23	19	7	0.8260869565	0.3043478261	ref_000369	0.31429	0.2619083333	0.8333333333	0.9210526316	642	0.7380916667	0.941566274	gen_62	0.85714	0.14286						
gen_196	91	True	False	False	False	True	0.1227469009	0.06061925601	True	True	False	[]	True	False	[]	True	composition_outlier_warning	not_detected	0	1000	0	False	0	23	18	7	0.7826086957	0.3043478261	ref_000812	0.30769	0.1318671429	0.4285714286	0.4382022472	156	0.8681328571	0.5879195775	gen_176	0.7934736957	0.2065263043						
gen_197	97	True	False	False	False	True	0.09391409521	0.06061925601	True	True	False	[]	True	False	[]	True	composition_outlier_warning	not_detected	0	1000	0	False	0	23	18	8	0.7826086957	0.347826087	ref_000682	0.30233	0.1340225773	0.4432989691	0.4432989691	430	0.8659774227	0.6205560112	gen_166	0.6632692857	0.3367307143						
gen_198	93	True	False	False	False	True	0.1386082601	0.06061925601	True	True	False	[]	True	False	[]	True	composition_outlier_warning	not_detected	0	1000	0	False	0	23	17	6	0.7391304348	0.2608695652	ref_000347	0.24242	0.08602	0.3548387097	0.3586956522	738	0.91398	0.5861979459	gen_156	0.86022	0.13978						
gen_199	120	True	False	False	False	True	0.03492641064	0.06061925601	False	True	False	[]	True	False	[]	True		detected	59.3	2.7e-18	1	True	0.8971291866	23	21	13	0.9130434783	0.5652173913	ref_000864	0.73418	0.4833351667	0.6583333333	0.7117117117	6.21e-36	0.5166648333	0.9367075847	gen_56	0.4500026667	0.5499973333	2.1e-18	59.7	1	39	20	58
