sample	selected_count	subset_diversity	domain_pass_rate	mean_constraint_score	mean_conservation_score	mean_novelty_score	mean_uniqueness_score
1	20	0.5609323911	0.1	0.05717703349	0.2891304348	0.8147036251	0.6447174161
2	20	0.7430774813	0.1	0.05201654301	0.2717391304	0.8051375644	0.726938946
3	20	0.6894500871	0.1	0.09221810046	0.3347826087	0.7636293602	0.6993111084
4	20	0.6970509572	0.2	0.1264247525	0.3913043478	0.7212073122	0.6984096218
5	20	0.7498020905	0.15	0.0730559376	0.3586956522	0.7605613622	0.7247244672
6	20	0.6476862932	0.1	0.06291866029	0.3152173913	0.7505566555	0.6781322138
7	20	0.6223829571	0.15	0.03791866029	0.3630434783	0.7588906093	0.6678227478
8	20	0.7237139032	0.05	0.03716011597	0.297826087	0.8077204677	0.7193511172
9	20	0.7177493383	0.15	0.1053265986	0.3586956522	0.7279457987	0.7080613263
10	20	0.6781325207	0.1	0.07390649517	0.35	0.7616052934	0.6896536784
11	20	0.7419913784	0.1	0.04717939032	0.3326086957	0.7635658486	0.7266723558
12	20	0.7785844425	0.1	0.105849137	0.3217391304	0.7858005349	0.7426096483
13	20	0.6873467538	0.15	0.05583105722	0.352173913	0.7637297808	0.6976301769
14	20	0.7192106523	0.15	0.07342802627	0.3760869565	0.7496875023	0.708667532
15	20	0.6617987396	0.1	0.08426524999	0.302173913	0.8005473096	0.6841456699
16	20	0.6350335069	0.1	0.05179425837	0.3369565217	0.7957181702	0.6754070243
17	20	0.8027054093	0.3	0.1550171435	0.4891304348	0.6399404054	0.7632443241
18	20	0.613196329	0	0.00918195378	0.2739130435	0.8315006646	0.6674219976
19	20	0.7119206488	0.15	0.08397129187	0.3391304348	0.7625268806	0.70511917
20	20	0.7733009098	0.2	0.05358851675	0.397826087	0.7249108262	0.7392003143
21	20	0.784495441	0.2	0.103440327	0.3804347826	0.7341460518	0.7472845919
22	20	0.6254725683	0.15	0.1066985646	0.3260869565	0.7784686609	0.6686167241
23	20	0.6420912268	0.15	0.09210526316	0.3369565217	0.760686141	0.676711972
24	20	0.7796099518	0.25	0.09159660746	0.4347826087	0.6786056174	0.7411154309
25	20	0.7137173805	0.15	0.07942583732	0.352173913	0.7681214729	0.706206594
26	20	0.743624031	0.2	0.06613670263	0.397826087	0.7076665151	0.7241139184
27	20	0.8256522002	0.3	0.184678341	0.4217391304	0.6555331586	0.778153232
28	20	0.7303945698	0.1	0.07116546888	0.3326086957	0.7662443653	0.7184837051
29	20	0.7263703978	0.2	0.08228599655	0.3304347826	0.7650121381	0.7120821706
30	20	0.7257745002	0.2	0.08819938141	0.3739130435	0.7324023452	0.7150525044
31	20	0.686521119	0.1	0.06804896396	0.2826086957	0.8303813004	0.7012642173
32	20	0.7135269361	0.1	0.07811004785	0.2565217391	0.823911129	0.7088067463
33	20	0.6715981331	0.2	0.1458681208	0.3673913043	0.7360281675	0.6880066899
34	20	0.6556382383	0.25	0.1656698565	0.4326086957	0.7019542902	0.6840818785
35	20	0.8249870324	0.15	0.09400025183	0.35	0.777547104	0.7727250289
36	20	0.6174420549	0	0	0.2630434783	0.8449565914	0.672114566
37	20	0.7759780782	0.05	0.005304644571	0.2891304348	0.8090886209	0.7451013745
38	20	0.7478308275	0.2	0.1600362242	0.3565217391	0.7564872983	0.7248702565
39	20	0.5860956033	0.1	0.08409090909	0.3043478261	0.8155946684	0.6535518016
40	20	0.7565327971	0.25	0.1505980861	0.3673913043	0.7115395224	0.7308025463
41	20	0.6149144679	0.05	0.03299207717	0.3086956522	0.817155369	0.6658980169
42	20	0.7183540662	0.15	0.125	0.3695652174	0.7370223284	0.7098088125
43	20	0.7812669468	0.1	0.06242695439	0.2956521739	0.7993203527	0.7472191172
44	20	0.6657633492	0.15	0.08886236109	0.3673913043	0.7484562067	0.6840386654
45	20	0.6189655812	0.1	0.03862312664	0.3282608696	0.7799219705	0.6631859894
46	20	0.6829144382	0.2	0.06386881816	0.402173913	0.7179745019	0.6960396853
47	20	0.6385359709	0.1	0.07649884741	0.3413043478	0.7591477866	0.6729745918
48	20	0.739958109	0.15	0.05175244884	0.3913043478	0.7332885728	0.7217569201
49	20	0.6370177341	0.15	0.03983253589	0.3347826087	0.767689571	0.6749542868
50	20	0.7426238986	0.15	0.08693314995	0.3152173913	0.7881566807	0.7217520661
51	20	0.7773157636	0.3	0.1503588517	0.4565217391	0.6547509521	0.7501359582
52	20	0.6900880371	0.15	0.08212085698	0.3152173913	0.7710443903	0.6963644119
53	20	0.6827825503	0.15	0.1227642395	0.3586956522	0.7399242756	0.6958859575
54	20	0.7085965281	0.1	0.01136363636	0.3326086957	0.790576896	0.7091122527
55	20	0.71579902	0.15	0.07385855142	0.2934782609	0.7842419155	0.7145189367
56	20	0.7180580074	0.1	0.06494053038	0.35	0.7571815865	0.7063729309
57	20	0.7375228901	0.15	0.09938867688	0.35	0.7765197968	0.7200074475
58	20	0.710012843	0.2	0.1017810214	0.4086956522	0.6906611525	0.70676905
59	20	0.7291161494	0.1	0.06142707708	0.3391304348	0.7704343221	0.7133132289
60	20	0.7551168628	0.05	0.04412035333	0.3086956522	0.7849394895	0.7299689974
61	20	0.7307725006	0.2	0.165777851	0.3456521739	0.7530417272	0.7140692067
62	20	0.6520472594	0.05	0.05016304102	0.3108695652	0.7852808772	0.6787771151
63	20	0.67844895	0.05	0.04503080022	0.2760869565	0.8301285407	0.6914683388
64	20	0.6332772572	0.1	0.04322976193	0.3434782609	0.7791057364	0.6724922732
65	20	0.582316412	0.05	0.0254784689	0.2913043478	0.8299641765	0.6546954982
66	20	0.7744191697	0.1	0.06027013153	0.3456521739	0.761531637	0.7383193039
67	20	0.6732975394	0.1	0.05029395812	0.2913043478	0.8064498882	0.6897274736
68	20	0.6778517743	0.15	0.06650717703	0.3326086957	0.7689121015	0.6933009427
69	20	0.7437038902	0.15	0.1163769056	0.3217391304	0.7758843634	0.720363559
70	20	0.7683875801	0.3	0.2265550239	0.402173913	0.6982478568	0.7426494767
71	20	0.7783209866	0.25	0.1291733659	0.4260869565	0.6678529512	0.7435085396
72	20	0.6768589328	0.15	0.0971291866	0.3608695652	0.7443487651	0.6952659202
73	20	0.7354768611	0.2	0.1457485036	0.3565217391	0.7468829604	0.7170055685
74	20	0.7583512015	0.3	0.1785778626	0.447826087	0.6586596203	0.7400819807
75	20	0.7047585822	0.1	0.07613127869	0.3065217391	0.7827058529	0.703972908
76	20	0.6936066367	0.1	0.04807288741	0.297826087	0.797391759	0.6996640878
77	20	0.7326379318	0.3	0.2112440191	0.4217391304	0.6775082686	0.7201666827
78	20	0.792106058	0.35	0.2088384376	0.4347826087	0.6732465563	0.753696353
79	20	0.7727145729	0.2	0.1603505221	0.4152173913	0.7316734326	0.7444543743
80	20	0.6529203302	0.15	0.06757049506	0.3391304348	0.7602892247	0.6812280303
81	20	0.6827350587	0.25	0.1468767152	0.3891304348	0.7436510797	0.6952662731
82	20	0.7462003144	0.1	0.05376479476	0.3543478261	0.7442589935	0.724818986
83	20	0.6965489573	0.2	0.09964114833	0.3739130435	0.7348105761	0.6994993949
84	20	0.7291649725	0.25	0.1044258373	0.4195652174	0.6875907794	0.7171814696
85	20	0.5918269168	0.1	0.04784011003	0.3065217391	0.7998478227	0.656694513
86	20	0.807941799	0.15	0.07307547024	0.3565217391	0.7587271325	0.757884229
87	20	0.7763348365	0.25	0.1318181818	0.402173913	0.700534618	0.7399863502
88	20	0.7007288295	0.05	0.0355130788	0.2869565217	0.8009446702	0.6993327642
89	20	0.7169724632	0.15	0.1151913876	0.3456521739	0.7578234161	0.710320625
90	20	0.7497990623	0.2	0.1210526316	0.4043478261	0.7162755106	0.7247202027
91	20	0.7981013406	0.15	0.1108651505	0.3369565217	0.7327096555	0.7514001125
92	20	0.7551786155	0.1	0.03143285616	0.3173913043	0.7942765214	0.7302058021
93	20	0.802403061	0.15	0.09676888209	0.3347826087	0.7450778964	0.7533659059
94	20	0.6899073193	0.2	0.1801319179	0.3760869565	0.724314313	0.6969923415
95	20	0.8265920588	0.45	0.2596108647	0.5195652174	0.6142384625	0.8109502516
96	20	0.7307304354	0.2	0.1276315789	0.3695652174	0.7460774883	0.7150559363
97	20	0.5922629487	0.05	0.006220095694	0.2804347826	0.8049167599	0.6573055656
98	20	0.5435950319	0	0.0002259974559	0.2543478261	0.8355028712	0.6458907395
99	20	0.7762953246	0.25	0.1468767152	0.3956521739	0.6937000625	0.7379056294
100	20	0.7853228895	0.4	0.2096720454	0.552173913	0.5642221394	0.7631171471
101	20	0.7151482188	0.15	0.1219257889	0.3804347826	0.7065152228	0.7092538343
102	20	0.5871421593	0.1	0.08456937799	0.302173913	0.7872196466	0.6546907011
103	20	0.7199049688	0.15	0.08145933014	0.3565217391	0.7545297569	0.7105885647
104	20	0.7768873588	0.15	0.124564632	0.3456521739	0.7575431314	0.7404653239
105	20	0.7528111452	0.35	0.2090909091	0.4739130435	0.669670149	0.7294108659
106	20	0.6710390207	0.1	0.08431948937	0.2934782609	0.8105301656	0.6885205243
107	20	0.6423056718	0.1	0.06734449761	0.347826087	0.7688776277	0.6770971879
108	20	0.6020152983	0.1	0.08935406699	0.2869565217	0.8058345711	0.6589267045
109	20	0.7361999783	0.1	0.02784853651	0.3239130435	0.7700202493	0.7199911319
110	20	0.668679233	0.05	0.04485645933	0.2891304348	0.7998199514	0.6902927577
111	20	0.7445756082	0.1	0.07613999574	0.3304347826	0.7842204952	0.7252237511
112	20	0.6854869265	0.2	0.1303827751	0.3717391304	0.7496408426	0.6926546115
113	20	0.7529290443	0.25	0.1938995215	0.4152173913	0.6900787439	0.7296928126
114	20	0.6418612996	0.1	0.06900218895	0.3239130435	0.7916815184	0.6747517938
115	20	0.6977399026	0.2	0.1257177033	0.3347826087	0.7564550506	0.7003644002
116	20	0.7445039444	0.25	0.0773923445	0.3934782609	0.7314387166	0.7257595503
117	20	0.6611005438	0.1	0.04563760339	0.3304347826	0.7820769259	0.6810350537
118	20	0.7197191247	0.1	0.0808412271	0.3565217391	0.7803310027	0.7118107951
119	20	0.6658734947	0.15	0.08528030142	0.35	0.7597991313	0.6837602964
120	20	0.6998427588	0.2	0.09353001569	0.3826086957	0.7430379593	0.7013066417
121	20	0.6928895474	0.1	0.1046544176	0.3108695652	0.8010277803	0.6954998533
122	20	0.7302861195	0.1	0.06003622416	0.2913043478	0.8101393893	0.7186715425
123	20	0.8457173744	0.2	0.08444298084	0.4239130435	0.6826712537	0.788647948
124	20	0.7035244266	0.2	0.08767942584	0.3695652174	0.7419211406	0.7006575687
125	20	0.7208109593	0.2	0.09916267943	0.3695652174	0.7430153144	0.7082883791
126	20	0.7896819211	0.3	0.1237905908	0.4086956522	0.6863874849	0.747796228
127	20	0.6981642738	0.1	0.04096381458	0.2956521739	0.8012880721	0.7001533164
128	20	0.7336220583	0.25	0.141507177	0.4239130435	0.6820324397	0.7236532604
129	20	0.7324947501	0.15	0.119138756	0.3086956522	0.7474588564	0.7221293295
130	20	0.6798429094	0.15	0.07917498014	0.3869565217	0.7452422903	0.696265975
131	20	0.8054486378	0.3	0.198923445	0.452173913	0.6699374813	0.7631667103
132	20	0.5780680959	0.05	0.03528708134	0.2847826087	0.8148535451	0.6529815997
133	20	0.7694711678	0.3	0.1690084846	0.452173913	0.6692791929	0.7451196241
134	20	0.7017924209	0.1	0.06960027507	0.3413043478	0.7656334007	0.7019297562
135	20	0.7145159594	0.15	0.0687629545	0.3239130435	0.7946162385	0.7083424881
136	20	0.7205116261	0.25	0.165430622	0.3304347826	0.7527538884	0.7137313992
137	20	0.5876001106	0.15	0.115430622	0.3608695652	0.7435169247	0.6547716446
138	20	0.6338210306	0.1	0.0544058204	0.3586956522	0.7618209793	0.6711970467
139	20	0.7609997596	0.2	0.1330521279	0.3782608696	0.7102604275	0.7359204826
140	20	0.7694088889	0.15	0.1126678031	0.3260869565	0.7447114856	0.7355928147
141	20	0.6660298833	0.15	0.09950990837	0.3434782609	0.765965799	0.6860703088
142	20	0.724619634	0.2	0.1087761269	0.4065217391	0.7329887546	0.7123562242
143	20	0.7634519692	0.25	0.1600362242	0.3934782609	0.7252279467	0.7308295429
144	20	0.6571761174	0.15	0.09958497181	0.3043478261	0.7821990567	0.6818579338
145	20	0.7368852371	0.25	0.1602738443	0.4217391304	0.6775867859	0.724801786
146	20	0.6600286726	0.2	0.1209330144	0.3282608696	0.7804325645	0.682385738
147	20	0.7450818749	0.1	0.07015041745	0.3260869565	0.7741081766	0.7228156804
148	20	0.7355009847	0.35	0.2448564593	0.4826086957	0.6099193954	0.731444193
149	20	0.5866197418	0.05	0.02188995215	0.2913043478	0.809090005	0.6554079367
150	20	0.7556900272	0.1	0.01570763032	0.3391304348	0.7712200805	0.7304362147
151	20	0.5951764801	0.1	0.02081339713	0.3065217391	0.8104463104	0.6593478856
152	20	0.6118312782	0.05	0.03444976077	0.2826086957	0.8095405264	0.6641161153
153	20	0.6287673741	0.05	0.02147492397	0.2956521739	0.8229530701	0.6731285851
154	20	0.7313817209	0.2	0.07809309804	0.3913043478	0.7027983568	0.7145171253
155	20	0.7230849274	0.1	0.06912132189	0.3369565217	0.7693147555	0.7100971651
156	20	0.7675483059	0.15	0.09794277744	0.3630434783	0.7429186091	0.7379150127
157	20	0.6643750822	0.15	0.07151786348	0.3456521739	0.7590461289	0.68432745
158	20	0.7241637603	0.15	0.06698564593	0.3456521739	0.7441927098	0.7110316311
159	20	0.6691959234	0.2	0.1417464115	0.3608695652	0.7337235357	0.6882076018
160	20	0.6878940766	0.1	0.03732057416	0.3304347826	0.7865357418	0.6953232924
161	20	0.6318059915	0	0.0001743408946	0.247826087	0.8529662856	0.6746838343
162	20	0.6830792485	0.15	0.09449760766	0.35	0.7637699988	0.6922539566
163	20	0.6347689007	0	0.007884082676	0.2434782609	0.8378389197	0.6750959264
164	20	0.6972922357	0.2	0.1335822534	0.3630434783	0.7402399292	0.7003278246
165	20	0.6592323011	0.05	0.04508891386	0.2956521739	0.8051110341	0.6830143346
166	20	0.7466812851	0.2	0.1652977678	0.3782608696	0.724588604	0.7262772861
167	20	0.5910249354	0.1	0.06818181818	0.3217391304	0.7743750437	0.6567189382
168	20	0.6683150287	0.1	0.05237491041	0.3260869565	0.7770269176	0.6859491847
169	20	0.7216057066	0.1	0.08013030368	0.3326086957	0.7536423544	0.7113477856
170	20	0.6396080166	0.1	0.0432844856	0.3195652174	0.7852117094	0.675343777
171	20	0.6827338438	0.15	0.03504784689	0.3434782609	0.7807315699	0.6940177749
172	20	0.7936728288	0.25	0.1412679426	0.4065217391	0.6950908954	0.7498298213
173	20	0.6244980558	0.05	0.006220095694	0.2826086957	0.8125806698	0.6713116046
174	20	0.6917007043	0.15	0.0938757918	0.3956521739	0.7342190232	0.6986314234
175	20	0.7207703584	0.1	0.08878310056	0.3260869565	0.7687584808	0.7094670145
176	20	0.7779243155	0.2	0.1216337679	0.3434782609	0.766178733	0.7429268699
177	20	0.7012137813	0	0.0001743408946	0.2369565217	0.838097926	0.7072816613
178	20	0.6026743351	0.15	0.1269138756	0.3173913043	0.7869173037	0.6579790571
179	20	0.5371642481	0.1	0.08971291866	0.3108695652	0.7873158902	0.6382722168
180	20	0.74813316	0.2	0.106633671	0.3847826087	0.7164900438	0.7244352164
181	20	0.6833656862	0.25	0.1226076555	0.4347826087	0.6651221356	0.6960231428
182	20	0.670530359	0.1	0.04042384209	0.3304347826	0.7767440481	0.6872528913
183	20	0.6645308371	0	0.008600817465	0.2804347826	0.8381016669	0.6887473323
184	20	0.737347817	0.1	0.0524919448	0.3195652174	0.7853839594	0.7197823818
185	20	0.7480499615	0.1	0.05741626794	0.3065217391	0.788648765	0.7303579846
186	20	0.731409865	0.35	0.1488038278	0.4565217391	0.6633418131	0.7197866642
187	20	0.7377692136	0.15	0.06816486837	0.35	0.7628048379	0.7216244443
188	20	0.8041991084	0.35	0.2420403696	0.4586956522	0.6532238129	0.7701014444
189	20	0.6983978256	0.1	0.0486774306	0.3	0.7979195518	0.6993813496
190	20	0.7043918958	0.2	0.08038277512	0.3847826087	0.7592049948	0.7037320835
191	20	0.7972107073	0.25	0.1063290588	0.3869565217	0.730815384	0.7639736588
192	20	0.6571682698	0.15	0.07589204424	0.3760869565	0.7475990382	0.6820347654
193	20	0.626335205	0.05	0.0471291866	0.2760869565	0.8242300642	0.6700711428
194	20	0.7463128274	0.25	0.1942021967	0.3891304348	0.7342051485	0.7239267275
195	20	0.6103897241	0.15	0.0711722488	0.3391304348	0.7755871312	0.6649262511
196	20	0.6317517596	0.05	0.005130303676	0.2934782609	0.8078491364	0.6741596854
197	20	0.8097797471	0.2	0.1254536092	0.4304347826	0.7098508189	0.764312236
198	20	0.7667790519	0.25	0.1409415377	0.3695652174	0.7324280467	0.7427894996
199	20	0.7454391413	0.15	0.06307976419	0.3565217391	0.755379364	0.7297492775
200	20	0.5548345012	0	0.0002259974559	0.2586956522	0.8281470118	0.6452731285
201	20	0.7149957827	0.15	0.06225568061	0.3130434783	0.8006877635	0.7100993797
202	20	0.7542293407	0.15	0.1234864628	0.3391304348	0.7613743171	0.726668147
203	20	0.7263393603	0.15	0.05909090909	0.352173913	0.7437147571	0.7223381986
204	20	0.7445606426	0.1	0.03193101912	0.3260869565	0.7825122473	0.7202745128
205	20	0.7357893141	0.15	0.08850350942	0.347826087	0.741372236	0.7182660859
206	20	0.6554613137	0.05	0.01020895079	0.2934782609	0.8260536782	0.6824584634
207	20	0.7435543979	0.15	0.1226710962	0.3565217391	0.7459152528	0.7247719496
208	20	0.6594249318	0.1	0.1097524359	0.2826086957	0.8173751593	0.6843544173
209	20	0.6635877929	0.05	0.01252962181	0.302173913	0.8014648126	0.6879616181
210	20	0.7978907294	0.25	0.1211005753	0.4260869565	0.6903806185	0.7550329515
211	20	0.6876421433	0.2	0.09222488038	0.3869565217	0.7353824152	0.6941292467
212	20	0.6380098124	0.05	0.02270354299	0.3130434783	0.7949516132	0.6752081084
213	20	0.7883183903	0.15	0.1129974365	0.3717391304	0.7328018904	0.7485992434
214	20	0.8414689246	0.2	0.1598517134	0.3739130435	0.7096685185	0.7835634145
215	20	0.7463264501	0.15	0.07623927319	0.3543478261	0.7609685429	0.7246427372
216	20	0.7489174579	0.2	0.1075358852	0.3913043478	0.7064657266	0.7273047589
217	20	0.7040785831	0.1	0.04944501482	0.3326086957	0.7784105546	0.7011159921
218	20	0.6674595288	0.05	0.03650779046	0.297826087	0.8173485438	0.6869895796
219	20	0.6810499826	0.15	0.1043062201	0.2869565217	0.7912204295	0.6925621819
220	20	0.6496731707	0.1	0.06685924878	0.3326086957	0.780981885	0.6807395368
221	20	0.617439294	0.1	0.04520465684	0.3086956522	0.7858971379	0.6645038761
222	20	0.5856483114	0	0.0002259974559	0.2673913043	0.8267749211	0.6543654375
223	20	0.6669500874	0.05	0.03557813378	0.3	0.8058857331	0.6883177223
224	20	0.7373526561	0.1	0.1033878633	0.3543478261	0.7476641262	0.7188299173
225	20	0.792779479	0.35	0.1986842105	0.5108695652	0.6319619844	0.7606520443
226	20	0.7687766514	0.15	0.06495215311	0.3173913043	0.7746323602	0.7424750516
227	20	0.8009699111	0.2	0.06469596885	0.3586956522	0.7529991944	0.757527762
228	20	0.6726624725	0.1	0.0463930806	0.3434782609	0.7811745022	0.6928518493
229	20	0.7651266231	0.2	0.097411522	0.3673913043	0.7374132291	0.7355715515
230	20	0.7072935588	0.15	0.0815682932	0.3760869565	0.7435882484	0.7037085693
231	20	0.8049215644	0.2	0.1225944185	0.3760869565	0.7233099306	0.7543117063
232	20	0.7976179622	0.2	0.1009007613	0.3891304348	0.7221576057	0.7534171547
233	20	0.7304089023	0.3	0.1570574163	0.4391304348	0.6755547496	0.7159047369
234	20	0.7255563395	0.25	0.2125465716	0.3586956522	0.7388165166	0.7147829624
235	20	0.6977751512	0.2	0.1251063802	0.3869565217	0.722272917	0.7003696378
236	20	0.637265383	0.1	0.07511961722	0.2869565217	0.8128518053	0.6752593941
237	20	0.7317412114	0.2	0.1066985646	0.3673913043	0.7326776217	0.7131139209
238	20	0.756441151	0.25	0.1145800644	0.4108695652	0.6921598266	0.7296807911
239	20	0.7039906022	0.1	0.09597950526	0.3326086957	0.7703241047	0.7011627471
240	20	0.8162463928	0.3	0.1504784689	0.4086956522	0.6998862204	0.7694853285
241	20	0.7273401616	0.2	0.1457572206	0.3739130435	0.763225965	0.7137837328
242	20	0.7236520493	0.15	0.09053280514	0.3217391304	0.7764543589	0.708932831
243	20	0.7262843857	0.25	0.1147129187	0.4173913043	0.7130761557	0.7188039963
244	20	0.5500193007	0.1	0.08935406699	0.2956521739	0.7945040013	0.6416202948
245	20	0.7311626944	0.15	0.07666140415	0.3673913043	0.7426849267	0.7163828784
246	20	0.7987185715	0.15	0.1396144483	0.4043478261	0.7076521737	0.75830576
247	20	0.7977432065	0.1	0.08531323247	0.3130434783	0.7914538705	0.758464351
248	20	0.6951460804	0.15	0.09592139163	0.3717391304	0.7433617273	0.6970873156
249	20	0.559636445	0	0	0.2630434783	0.8531311394	0.6480274756
250	20	0.659372042	0.2	0.1370813397	0.3782608696	0.7420091387	0.6833120032
251	20	0.6905939617	0.15	0.04377990431	0.3152173913	0.8022806192	0.6981414456
252	20	0.6980313613	0.15	0.07163748071	0.3760869565	0.7533090224	0.7002124247
253	20	0.78022067	0.15	0.08229665072	0.3239130435	0.7706356253	0.7412944696
254	20	0.750751071	0.25	0.1412679426	0.4217391304	0.6922864062	0.7268414084
255	20	0.7351250709	0.2	0.1496304942	0.3586956522	0.7489793203	0.7183333496
256	20	0.6118808776	0.1	0.06638755981	0.3195652174	0.7918392521	0.6651110044
257	20	0.7168195874	0.2	0.09724880383	0.4065217391	0.7059361448	0.7087563015
258	20	0.7793369346	0.25	0.1494521176	0.3630434783	0.7248815968	0.7429092521
259	20	0.7793640614	0.2	0.1071702536	0.3826086957	0.710601594	0.7466532166
260	20	0.691034671	0.15	0.09065823373	0.3826086957	0.7515970704	0.6994192762
261	20	0.7398603812	0.25	0.176063318	0.4282608696	0.6872140818	0.7244848757
262	20	0.6909336372	0.1	0.04078947368	0.252173913	0.8175410079	0.7001759535
263	20	0.7372474198	0.15	0.02344497608	0.3239130435	0.7682364631	0.7181907489
264	20	0.7392397702	0.2	0.1600811008	0.3565217391	0.7320331136	0.7221264246
265	20	0.6316166489	0.15	0.07804515429	0.3369565217	0.7895216944	0.6719518466
266	20	0.7657237631	0.2	0.08959330144	0.402173913	0.7108729238	0.7357833486
267	20	0.7746419652	0.2	0.1255913062	0.3847826087	0.7514000452	0.7390803426
268	20	0.6252937551	0.05	0.009090909091	0.2717391304	0.8320444249	0.6718786047
269	20	0.6405889264	0.15	0.08827751196	0.3391304348	0.7733960382	0.6748398407
270	20	0.760072593	0.1	0.05034190187	0.3195652174	0.7605209605	0.7333257755
271	20	0.7495114079	0.15	0.1100478469	0.3304347826	0.7555813031	0.7256642972
272	20	0.6260934238	0.05	0.05009960031	0.2782608696	0.8244800631	0.6708346136
273	20	0.77682682	0.25	0.1485578134	0.4369565217	0.6827778051	0.7417259648
274	20	0.537122381	0.05	0.00980861244	0.2913043478	0.8400070549	0.6376553227
275	20	0.7739592434	0.15	0.1094483079	0.347826087	0.7641138378	0.7385873216
276	20	0.6453434362	0.15	0.06590909091	0.352173913	0.7515183341	0.6767356838
277	20	0.6766350907	0.2	0.1354066986	0.3760869565	0.7377955231	0.6880636471
278	20	0.7833301163	0.2	0.1435290471	0.3717391304	0.7297909321	0.7460870336
279	20	0.6765956917	0.1	0.05860566027	0.3260869565	0.7813792327	0.688632319
280	20	0.4851441237	0	0	0.2413043478	0.8691425659	0.6207310633
281	20	0.7197782464	0.15	0.09425837321	0.3065217391	0.8025442092	0.7214458258
282	20	0.6523907315	0.1	0.054784689	0.3086956522	0.7861405642	0.6797232437
283	20	0.8004720578	0.2	0.1183829559	0.3913043478	0.732962607	0.7584864019
284	20	0.7091450732	0.05	0.03110047847	0.2956521739	0.8146274019	0.7085021287
285	20	0.6598731058	0.1	0.05416820022	0.3347826087	0.7740615524	0.6846081532
286	20	0.7690914908	0.15	0.0778708134	0.3673913043	0.7387562293	0.7375983078
287	20	0.7477033231	0.2	0.1108173682	0.3782608696	0.7564225452	0.7231756944
288	20	0.6998205078	0.2	0.1666682809	0.3695652174	0.7076691556	0.7050181775
289	20	0.701441417	0.1	0.05326049758	0.3239130435	0.7803540732	0.705966528
290	20	0.7539917684	0.1	0.04125099277	0.3239130435	0.7672496229	0.7314298672
291	20	0.6325468645	0.1	0.09413197606	0.3347826087	0.777419489	0.6718375074
292	20	0.7582839736	0.2	0.1510596052	0.3826086957	0.7237475556	0.7309193196
293	20	0.6351100948	0.05	0.0100346099	0.302173913	0.8052578782	0.6750482009
294	20	0.691180629	0.15	0.1241626794	0.3391304348	0.7647595924	0.6983519277
295	20	0.7269625537	0.25	0.1157762367	0.4	0.7117447247	0.7148547814
296	20	0.6450407386	0.1	0.07773795918	0.3347826087	0.7856152158	0.678707821
297	20	0.7655080538	0.3	0.1793609438	0.397826087	0.7143960377	0.7349007268
298	20	0.7665151244	0.15	0.08265550239	0.3673913043	0.7343674485	0.7358802802
299	20	0.7970354848	0.3	0.1545217248	0.4326086957	0.6757543585	0.7638246908
300	20	0.8020839654	0.2	0.1289234773	0.3739130435	0.719264989	0.7533062428
301	20	0.5626500154	0.1	0.06136363636	0.3217391304	0.8094563404	0.6450739978
302	20	0.8086689916	0.2	0.1069101951	0.4152173913	0.6968977621	0.7627947405
303	20	0.6415356823	0.1	0.07953480038	0.3413043478	0.7835483543	0.6754351528
304	20	0.6305401836	0.05	0.04389806869	0.2608695652	0.8302849041	0.6754163865
305	20	0.5773735741	0.1	0.04437799043	0.3173913043	0.8015945918	0.6507563956
306	20	0.7669081664	0.35	0.2295338318	0.4695652174	0.6503440674	0.741244394
307	20	0.7464529186	0.15	0.0910001356	0.347826087	0.7551211688	0.7228368465
308	20	0.6678418565	0.1	0.04998305019	0.3108695652	0.7769859363	0.6863517516
309	20	0.4966105488	0.05	0.00490430622	0.2869565217	0.818924591	0.6267665052
310	20	0.7743533939	0.15	0.05697928572	0.3347826087	0.7603010498	0.7350911634
311	20	0.6774080359	0.15	0.1080690777	0.302173913	0.8117472096	0.6925459346
312	20	0.6361768767	0.05	0.05692714488	0.3043478261	0.8099262964	0.6746161851
313	20	0.7028790274	0.2	0.1607655502	0.3630434783	0.7345668056	0.7020434317
314	20	0.6707018732	0.25	0.1576555024	0.3695652174	0.7254790563	0.6882229499
315	20	0.7205656432	0.1	0.0591856666	0.3347826087	0.7708968624	0.7112991127
316	20	0.7621070807	0.3	0.1192515933	0.4130434783	0.7051182605	0.7359366838
317	20	0.6399307228	0.15	0.05442583732	0.3456521739	0.7703271306	0.6741579228
318	20	0.6709573683	0.1	0.05225949028	0.3347826087	0.7982190246	0.6872995438
319	20	0.8488634692	0.2	0.1170829863	0.397826087	0.6987971102	0.7863639692
320	20	0.8141707822	0.3	0.2198432223	0.4391304348	0.6508560672	0.7726372273
321	20	0.828212319	0.2	0.1380884812	0.3934782609	0.7072206056	0.7751694359
322	20	0.7588955158	0.2	0.117094609	0.3804347826	0.7368423166	0.7313900638
323	20	0.6955701904	0.2	0.1102870813	0.347826087	0.7617681518	0.6997011247
324	20	0.776102058	0.25	0.1437692501	0.3956521739	0.7051099867	0.7474406461
325	20	0.7710420362	0.35	0.189354067	0.4130434783	0.6713494769	0.741562531
326	20	0.6829736364	0.05	0.04031100478	0.2608695652	0.8343164561	0.6999371461
327	20	0.714133707	0.2	0.1178776902	0.3695652174	0.73402418	0.7083356498
328	20	0.7359272799	0.2	0.094911183	0.347826087	0.7668565845	0.71890849
329	20	0.6959668575	0.1	0.06517976483	0.3195652174	0.786315963	0.6966428399
330	20	0.701050602	0	0.02385564574	0.2760869565	0.8301111532	0.701502573
331	20	0.7678700024	0.3	0.1992822967	0.3956521739	0.6962247888	0.7373373166
332	20	0.7092082356	0.1	0.04868421053	0.3434782609	0.7688847188	0.7038614628
333	20	0.6827956721	0.1	0.06384702555	0.3195652174	0.7871241483	0.6930205385
334	20	0.6768081663	0.15	0.05801435407	0.347826087	0.7766522096	0.6880168415
335	20	0.6540938714	0.15	0.03851674641	0.3673913043	0.7454545217	0.679228169
336	20	0.8261614343	0.1	0.09004158353	0.3369565217	0.757501333	0.7712948071
337	20	0.7535999153	0.1	0.05954548683	0.3195652174	0.8018001352	0.7312608058
338	20	0.7620161687	0.25	0.1617859288	0.3847826087	0.7186240258	0.7311399534
339	20	0.6662440969	0.2	0.08444976077	0.4043478261	0.7186119692	0.6849748671
340	20	0.7750423234	0.25	0.0794190574	0.4260869565	0.6847130051	0.744760935
341	20	0.548066726	0.1	0.06577623669	0.3326086957	0.7917560968	0.6403372133
342	20	0.6741156263	0.15	0.1045322176	0.3434782609	0.7557014581	0.6901305469
343	20	0.6923040515	0.15	0.09497607656	0.3217391304	0.7681450065	0.6978946541
344	20	0.7483979122	0.25	0.1985084168	0.347826087	0.7665647771	0.7283230457
345	20	0.7013952772	0.1	0.04645555276	0.3282608696	0.7874505949	0.6994452468
346	20	0.6678714408	0.05	0.0203233055	0.3	0.8114666326	0.6880657141
347	20	0.690484457	0.15	0.07044130846	0.3347826087	0.7629363977	0.6966887254
348	20	0.708284071	0.05	0.03066511051	0.297826087	0.7936197029	0.7065318568
349	20	0.7761354887	0.3	0.1405395851	0.3934782609	0.7243605893	0.7466274381
350	20	0.7516838529	0.25	0.1693540993	0.3913043478	0.7224050408	0.7306083146
351	20	0.6611446617	0.15	0.08492822967	0.3434782609	0.7844268673	0.6837834626
352	20	0.738652901	0.35	0.1642237956	0.4847826087	0.6412158408	0.7255104432
353	20	0.7460983708	0.25	0.1629186603	0.35	0.7559466062	0.7223015638
354	20	0.7707463433	0.2	0.1336124402	0.4043478261	0.7145409281	0.7388455498
355	20	0.6813642475	0.15	0.06536766558	0.3108695652	0.8074269833	0.6943785349
356	20	0.7450168951	0.05	0.01230362435	0.2956521739	0.802722431	0.73213455
357	20	0.7988870249	0.35	0.2364270771	0.4304347826	0.6917819259	0.7579158723
358	20	0.7393437065	0.15	0.1336555411	0.3717391304	0.7209759682	0.722955155
359	20	0.5546859142	0.05	0.009090909091	0.2608695652	0.8429531237	0.6443193414
360	20	0.6641820826	0.15	0.03742695439	0.3608695652	0.773077843	0.6836389984
361	20	0.6802439469	0.15	0.07366726072	0.3434782609	0.7725721149	0.6947508183
362	20	0.6474680892	0.05	0.05938196153	0.3086956522	0.791595696	0.6787961762
363	20	0.6636007961	0.1	0.07853234024	0.2586956522	0.8292654359	0.6878113551
364	20	0.7090680718	0.15	0.0855130788	0.3652173913	0.7490897925	0.7051691894
365	20	0.7299285505	0.2	0.1248242063	0.3369565217	0.7672549726	0.7155190645
366	20	0.7982126415	0.25	0.155861244	0.4152173913	0.6865728102	0.7521073768
367	20	0.6020307172	0.05	0.0490430622	0.3043478261	0.8285404728	0.6609345216
368	20	0.6949046981	0.15	0.05155502392	0.3673913043	0.748486851	0.6958957102
369	20	0.7146209623	0.2	0.08528708134	0.3652173913	0.7364397354	0.7058029519
370	20	0.7277636615	0.3	0.1447368421	0.45	0.6817959001	0.7149922564
371	20	0.6531182217	0.1	0.0265434012	0.3413043478	0.777594686	0.6824266799
372	20	0.8032380188	0.35	0.1915619007	0.447826087	0.6584133326	0.762950944
373	20	0.7212950589	0.2	0.1355195359	0.3934782609	0.721618558	0.7110866972
374	20	0.811978962	0.25	0.149972396	0.4130434783	0.6995208423	0.7659059958
375	20	0.8083510534	0.3	0.1557309726	0.4586956522	0.6264773038	0.7744303449
376	20	0.7204188135	0.1	0.07868811705	0.3434782609	0.776376342	0.7105166332
377	20	0.6601886916	0.05	0.01696562902	0.297826087	0.7992919663	0.6839501838
378	20	0.6962321961	0.2	0.1090909091	0.3347826087	0.7673606039	0.7006581123
379	20	0.7061665258	0.05	0.05679590493	0.2739130435	0.8170557803	0.7058084327
380	20	0.6114349452	0.15	0.1238672685	0.3652173913	0.7599131939	0.6625388645
381	20	0.7396544414	0.15	0.08562898321	0.3782608696	0.7418484926	0.7179118203
382	20	0.7614387972	0.15	0.1081325185	0.3369565217	0.7590176359	0.7363225569
383	20	0.701673424	0.1	0.04957625477	0.2956521739	0.8146865617	0.7015458354
384	20	0.6850740349	0.2	0.1209081546	0.3369565217	0.7776876075	0.6988161521
385	20	0.6760730037	0.15	0.09964114833	0.3652173913	0.7376926765	0.6880699384
386	20	0.7346605755	0.15	0.1210277719	0.3891304348	0.7254123863	0.716285835
387	20	0.7200635136	0.15	0.05453383182	0.3565217391	0.7560640179	0.7096918297
388	20	0.7426997594	0.1	0.08276833969	0.3152173913	0.7856423361	0.7276283663
389	20	0.7183756753	0.25	0.1576448482	0.4108695652	0.6793428983	0.7111416032
390	20	0.7244011926	0.2	0.08755980861	0.3782608696	0.7351647323	0.7172793944
391	20	0.7407339713	0.15	0.09031100478	0.3	0.7907850575	0.7256899165
392	20	0.6871559928	0.05	0.04964114833	0.2326086957	0.8302058431	0.7036765626
393	20	0.7192740783	0.05	0.05518761017	0.2869565217	0.7971275093	0.7096245791
394	20	0.6636264794	0.1	0.05107655502	0.2891304348	0.7936172745	0.6869170386
395	20	0.8090432752	0.15	0.1313782939	0.3586956522	0.7440204691	0.7590309886
396	20	0.6505367016	0.15	0.05273795918	0.3652173913	0.7383125077	0.6751172258
397	20	0.7138719518	0.1	0.04927067392	0.3108695652	0.7690922007	0.7113942013
398	20	0.6933676244	0.15	0.07846889952	0.3413043478	0.767284858	0.6948465827
399	20	0.6495949214	0.15	0.08815789474	0.2869565217	0.8103479661	0.6799589274
400	20	0.6391228618	0.1	0.08349282297	0.3413043478	0.7643658302	0.6760954555
401	20	0.7240154072	0.35	0.1923444976	0.5130434783	0.6106976558	0.7194309246
402	20	0.6873663258	0.2	0.1245849718	0.347826087	0.7473136048	0.6978971925
403	20	0.7140735419	0.15	0.0741558995	0.3673913043	0.7412149467	0.7110801845
404	20	0.6539601142	0.1	0.09449760766	0.2804347826	0.8220245554	0.6811108724
405	20	0.6892563722	0.25	0.1623205742	0.4065217391	0.7133196676	0.6956068405
406	20	0.661550249	0.15	0.03660287081	0.35	0.7471026698	0.6844082335
407	20	0.7222969932	0.2	0.1083557717	0.3913043478	0.738393739	0.7111949429
408	20	0.7810243792	0.3	0.1375598086	0.4282608696	0.6628112472	0.748303098
409	20	0.8192681998	0.3	0.1694843707	0.4434782609	0.7024117199	0.7687664006
410	20	0.5809809762	0.1	0.0793062201	0.3173913043	0.7900912856	0.6544262314
411	20	0.6564594812	0.1	0.07320574163	0.3065217391	0.789959757	0.6807114065
412	20	0.7461621148	0.15	0.09687671516	0.35	0.7606888841	0.7228392341
413	20	0.7963276117	0.3	0.1381277079	0.4282608696	0.6829562816	0.7515425947
414	20	0.7671991885	0.2	0.1301367607	0.3782608696	0.7179082127	0.7337496181
415	20	0.6619347216	0.15	0.03851674641	0.3565217391	0.7541417382	0.6844170008
416	20	0.7009723503	0.2	0.1226996688	0.3891304348	0.7087664914	0.7042288785
417	20	0.6882678624	0.15	0.1116663115	0.3608695652	0.744879761	0.6958285692
418	20	0.690935543	0.1	0.04220486347	0.347826087	0.7755465876	0.6965630432
419	20	0.8140351251	0.2	0.1773142139	0.3673913043	0.7172262503	0.772635616
420	20	0.5454863059	0.05	0.05692714488	0.2913043478	0.8077154149	0.6380858792
421	20	0.6445642488	0.15	0.07727272727	0.3456521739	0.7588763259	0.6792129755
422	20	0.7315566804	0.2	0.09327754425	0.3239130435	0.7814012433	0.7193303947
423	20	0.7686675207	0.25	0.1246343684	0.4260869565	0.6721208945	0.7394075018
424	20	0.7217275536	0.15	0.09867097353	0.3195652174	0.7609499864	0.7109650218
425	20	0.6613593406	0.1	0.01722488038	0.2869565217	0.8051211629	0.6864121081
426	20	0.7172002729	0.2	0.1366028708	0.397826087	0.710968204	0.7119197455
427	20	0.6575077952	0.1	0.07570446636	0.3260869565	0.7762791661	0.682450836
428	20	0.6732926604	0.15	0.09221325766	0.3630434783	0.7728165218	0.6880760797
429	20	0.7123456127	0.15	0.07780591984	0.3347826087	0.7733197586	0.7060994124
430	20	0.7781853169	0.3	0.1715311005	0.4130434783	0.7001129679	0.7462025067
431	20	0.7174135481	0.05	0.03586628053	0.2913043478	0.8060962036	0.7142150713
432	20	0.7036811391	0.15	0.06949760766	0.3152173913	0.7889226031	0.7024547191
433	20	0.5446504408	0.1	0.03869108731	0.3413043478	0.7881166641	0.6412242137
434	20	0.7006950288	0.05	0.00514354067	0.2956521739	0.8184914763	0.7085523006
435	20	0.7385359349	0.2	0.1187799043	0.3282608696	0.763982972	0.7198483293
436	20	0.5674364216	0.15	0.04832535885	0.3804347826	0.7674959882	0.651028727
437	20	0.7911643264	0.2	0.05824680859	0.4086956522	0.7170058034	0.7479163839
438	20	0.6906578706	0.15	0.07607655502	0.3717391304	0.7466849395	0.6976436974
439	20	0.7733876897	0.3	0.2093117409	0.4695652174	0.6668463121	0.7464740512
440	20	0.71204987	0.25	0.1747475286	0.3434782609	0.7465056968	0.7116918171
441	20	0.6596384601	0.15	0.08330831219	0.3695652174	0.7522201292	0.6854307072
442	20	0.7397770726	0.25	0.1397129187	0.3782608696	0.7220252613	0.7206327161
443	20	0.7190339277	0.1	0.03862312664	0.3108695652	0.7939377954	0.7109777606
444	20	0.7546885544	0.25	0.1246279113	0.4065217391	0.7235238386	0.7295402896
445	20	0.7400560153	0.3	0.2039367143	0.3869565217	0.703424485	0.7253134916
446	20	0.6866739748	0.15	0.04377990431	0.3239130435	0.783009907	0.6942954886
447	20	0.7946524314	0.3	0.1827618826	0.4565217391	0.6773492678	0.7566379973
448	20	0.7237454756	0.1	0.04716389336	0.3304347826	0.7842343011	0.713656813
449	20	0.7696836117	0.2	0.1091972893	0.3956521739	0.729873952	0.7381318886
450	20	0.6156487924	0.1	0.06076555024	0.3173913043	0.800962563	0.6642383766
451	20	0.7724180558	0.15	0.1100811008	0.3543478261	0.7792794931	0.7374967066
452	20	0.632895491	0.1	0.08935406699	0.3108695652	0.7996040155	0.6734660616
453	20	0.8023647909	0.25	0.1558428414	0.3434782609	0.7496827329	0.761335879
454	20	0.7349731114	0.2	0.1039914379	0.3782608696	0.7430497495	0.7194267396
455	20	0.7336459535	0.3	0.1937799043	0.4	0.7047870103	0.718964032
456	20	0.717250855	0.3	0.1925837321	0.397826087	0.7262358932	0.7090781149
457	20	0.7071465042	0.2	0.101076555	0.3717391304	0.7155400026	0.7050722625
458	20	0.6988569367	0.15	0.09148231731	0.3934782609	0.7304101698	0.7016912572
459	20	0.6986494672	0.1	0.07751196172	0.297826087	0.7667548478	0.7042972998
460	20	0.6938149713	0.2	0.09891020798	0.3391304348	0.7807666036	0.6975787742
461	20	0.7019816311	0.1	0.07774054201	0.3434782609	0.7789903633	0.7005312885
462	20	0.7079380373	0.1	0.08142236342	0.3391304348	0.7832927369	0.7069843972
463	20	0.7317576477	0.2	0.08923444976	0.4086956522	0.7231997027	0.7173320485
464	20	0.5717117558	0.1	0.0565682932	0.3347826087	0.7813860647	0.6489987475
465	20	0.6447299917	0.2	0.125	0.3760869565	0.7395688052	0.6776656036
466	20	0.7739271351	0.1	0.09348449335	0.3282608696	0.7686853934	0.7432129964
467	20	0.6925639238	0.2	0.1613520136	0.4152173913	0.6962315695	0.6979566893
468	20	0.7132026843	0.25	0.1625530287	0.3695652174	0.7339067243	0.709473448
469	20	0.6219676269	0.15	0.1057416268	0.3391304348	0.7964734084	0.6661149599
470	20	0.7888415427	0.15	0.08729571444	0.3739130435	0.7447218512	0.7465394662
471	20	0.6294591098	0.05	0.0289273515	0.3108695652	0.8016212664	0.6734187579
472	20	0.6394202255	0.1	0.05859403754	0.3326086957	0.787238913	0.6780923936
473	20	0.6230862435	0.1	0.03779904306	0.2739130435	0.8100182343	0.6694063376
474	20	0.5901122723	0	0	0.2413043478	0.845928163	0.6598028646
475	20	0.7532463711	0.2	0.09651786348	0.3934782609	0.6993022636	0.7266868756
476	20	0.7490362478	0.2	0.08826427497	0.4043478261	0.7358674674	0.7257508971
477	20	0.6694603131	0.2	0.08395805487	0.3826086957	0.7248789947	0.6882336411
478	20	0.7651888859	0.25	0.1240977859	0.3956521739	0.6954910583	0.7363412983
479	20	0.6754566514	0.05	0.03552631579	0.2847826087	0.819783362	0.6962211665
480	20	0.5977675728	0.05	0.02188995215	0.2956521739	0.8300296343	0.6583753944
481	20	0.7180543933	0.1	0.0713465897	0.3326086957	0.7872116162	0.7085246768
482	20	0.7466547455	0.15	0.09974381574	0.3782608696	0.7183124419	0.724525762
483	20	0.6948666766	0.2	0.1236842105	0.3695652174	0.7504822219	0.7001830446
484	20	0.7648108381	0.1	0.08491499267	0.3173913043	0.7764762116	0.7441589577
485	20	0.6820879131	0.1	0.07544521499	0.3304347826	0.7729108528	0.693693883
486	20	0.66813521	0.2	0.0605130788	0.3652173913	0.7649152583	0.6865903677
487	20	0.6211094876	0.1	0.04043062201	0.3217391304	0.7781484056	0.6675336011
488	20	0.7878889732	0.3	0.1399352033	0.4652173913	0.6815973683	0.7509248216
489	20	0.6604313234	0.2	0.106937799	0.4	0.7053213184	0.6829646268
490	20	0.7693466179	0.15	0.09318181818	0.3673913043	0.7340897651	0.7346160153
491	20	0.7982330022	0.25	0.1295440017	0.4086956522	0.6967262844	0.7550962937
492	20	0.7094936049	0.15	0.1095015788	0.3565217391	0.7433253453	0.7050352862
493	20	0.7446809015	0.15	0.09250721578	0.3739130435	0.7302395634	0.7239328639
494	20	0.6832034154	0.1	0.09364705009	0.3195652174	0.765773158	0.6904345327
495	20	0.7005771803	0.15	0.04712240668	0.3782608696	0.7494977325	0.6998447261
496	20	0.6056901821	0	0.008058423571	0.25	0.8521787222	0.6665388072
497	20	0.6230845981	0.1	0.01423444976	0.3130434783	0.8019824348	0.6728125289
498	20	0.7125322795	0.1	0.07534722895	0.3108695652	0.7883483642	0.7048298828
499	20	0.577420381	0.1	0.0793062201	0.2869565217	0.8137834714	0.6518787992
500	20	0.7598243175	0.2	0.1050000323	0.3891304348	0.7153541733	0.7295673743
501	20	0.6915031375	0.1	0.05519632722	0.3	0.8097719672	0.6981316164
502	20	0.6154197995	0.05	0.0288054743	0.2804347826	0.8126964148	0.6676453987
503	20	0.8322571384	0.2	0.09299924452	0.4304347826	0.6861489895	0.780563075
504	20	0.7086348947	0.2	0.07642862677	0.35	0.7762312184	0.7062758779
505	20	0.6794915281	0.2	0.1364700166	0.3717391304	0.7536837914	0.6910125358
506	20	0.7184680162	0.1	0.0574540418	0.302173913	0.7978138654	0.7102161949
507	20	0.7340191457	0.25	0.1395933014	0.3282608696	0.7676512225	0.7177450011
508	20	0.6768266567	0.2	0.1341989036	0.3956521739	0.7347689997	0.6895684882
509	20	0.6811027913	0.15	0.08682515545	0.3891304348	0.7475414615	0.6917689279
510	20	0.7714926502	0.3	0.1986735564	0.4173913043	0.6845556151	0.7405117845
511	20	0.7449121064	0.3	0.1803827751	0.4652173913	0.6395714536	0.7271201572
512	20	0.6836804177	0.25	0.1190191388	0.3956521739	0.7303329651	0.6933230955
513	20	0.814051978	0.25	0.1034556625	0.452173913	0.6898369056	0.7644453231
514	20	0.8418714865	0.4	0.2307856963	0.4956521739	0.6208258135	0.7948027134
515	20	0.7282971918	0.1	0.0429973074	0.3065217391	0.7807401598	0.7131179752
516	20	0.6449786296	0.15	0.1160287081	0.3565217391	0.7737837177	0.6762244655
517	20	0.6089878203	0.05	0.02886923787	0.2695652174	0.8209713018	0.665142635
518	20	0.7055778752	0.2	0.05992822967	0.397826087	0.7315894648	0.7034834086
519	20	0.7260457486	0.15	0.07846889952	0.3304347826	0.7876590599	0.7161366341
520	20	0.8152136021	0.2	0.09890342806	0.3934782609	0.7144069022	0.7755723585
521	20	0.6640596515	0.05	0.03110047847	0.2717391304	0.8205011378	0.6886928234
522	20	0.7008068847	0.2	0.1873723922	0.3826086957	0.715681753	0.7042762985
523	20	0.7096565913	0.15	0.07595015788	0.3673913043	0.7787892741	0.7046546954
524	20	0.6748125126	0.25	0.1433014354	0.4434782609	0.6752074806	0.693530546
525	20	0.6807776793	0.15	0.07833862813	0.3391304348	0.7598097334	0.6957584516
526	20	0.796013551	0.35	0.1732057416	0.5130434783	0.6206684354	0.762069455
527	20	0.7209113268	0.25	0.1626794258	0.4195652174	0.6977032159	0.7089679199
528	20	0.7265533963	0.2	0.0980861244	0.4043478261	0.7135644114	0.7137358557
529	20	0.6083125121	0.2	0.09246411483	0.3739130435	0.7693207808	0.661495554
530	20	0.7238813005	0.25	0.1156049629	0.4239130435	0.687656605	0.7134617378
531	20	0.7676397974	0.1	0.08724066792	0.35	0.7389226615	0.7331680414
532	20	0.5941348541	0.1	0.07332535885	0.2652173913	0.8289484211	0.6581656927
533	20	0.6101041085	0.1	0.07409778587	0.3173913043	0.784000252	0.6615101162
534	20	0.7339054508	0.2	0.1183014354	0.352173913	0.7433204472	0.7176463946
535	20	0.6928800979	0.15	0.07307934448	0.3804347826	0.7430994668	0.6950986952
536	20	0.7386700885	0.2	0.1321770335	0.3565217391	0.7342671688	0.7189491313
537	20	0.6695495861	0.05	0.02571092343	0.2869565217	0.8200095111	0.6907318041
538	20	0.7386167468	0.3	0.146024059	0.4652173913	0.6629952452	0.7269208705
539	20	0.6542703408	0.15	0.06232057416	0.3565217391	0.7457287515	0.678504696
540	20	0.7517219682	0.2	0.07532188495	0.3782608696	0.7220793964	0.727784283
541	20	0.7630908157	0.15	0.06422121277	0.3391304348	0.7441809415	0.7312493475
542	20	0.6807472929	0.2	0.1270228387	0.3652173913	0.7575891761	0.6906814395
543	20	0.6683893033	0.1	0.05501068645	0.297826087	0.794414798	0.6893500995
544	20	0.647688757	0.05	0.01433017583	0.2869565217	0.8096998955	0.6789271776
545	20	0.7332433799	0.25	0.09700956938	0.4173913043	0.6687099348	0.7269196438
546	20	0.7371233802	0.05	0.03246227457	0.302173913	0.811316514	0.7203981739
547	20	0.7296138165	0.2	0.1660117583	0.3934782609	0.7162270503	0.7194788112
548	20	0.6331432637	0	0.008110080132	0.2760869565	0.825737455	0.6750972195
549	20	0.7321332353	0.2	0.1555023923	0.3543478261	0.7224844642	0.7180870961
550	20	0.7711540127	0.3	0.1587867811	0.3804347826	0.7012451024	0.7416983725
551	20	0.7322683874	0.15	0.0928060167	0.3391304348	0.7593153872	0.7186250717
552	20	0.7198408889	0.1	0.02784062659	0.3391304348	0.7656052116	0.711259902
553	20	0.7940485936	0.25	0.1300786471	0.4	0.7006392536	0.7498968107
554	20	0.7209620875	0.15	0.1102221878	0.3282608696	0.7513836179	0.7099674245
555	20	0.8001591745	0.25	0.1360047847	0.4239130435	0.6965769475	0.7507566385
556	20	0.6992486738	0.05	0.005885780886	0.2934782609	0.798254847	0.7017528854
557	20	0.6723384531	0.2	0.1	0.3652173913	0.7392909521	0.6888698524
558	20	0.7368011878	0.2	0.1061004785	0.3913043478	0.7028450411	0.7169942965
559	20	0.6418229374	0.1	0.05418660287	0.3173913043	0.7768233121	0.6767095607
560	20	0.7249912962	0.25	0.114354067	0.4456521739	0.6890390944	0.7151568245
561	20	0.7362061675	0.35	0.1650649904	0.4913043478	0.6363806778	0.7281983387
562	20	0.6143416298	0.15	0.1218899522	0.3369565217	0.7637411339	0.6652000828
563	20	0.7887680358	0.2	0.1075174825	0.4217391304	0.6925108722	0.7527763125
564	20	0.7040329368	0.2	0.1418011352	0.3652173913	0.749511612	0.7051310409
565	20	0.6644766126	0.15	0.07583732057	0.3608695652	0.7377842937	0.6847414773
566	20	0.7087137141	0.1	0.0759569378	0.297826087	0.80212028	0.7070714773
567	20	0.7030898551	0.25	0.1795454545	0.3782608696	0.7186606583	0.7010786142
568	20	0.6955281185	0.2	0.1151807334	0.3739130435	0.7428867886	0.6969981943
569	20	0.7921538755	0.25	0.2145264708	0.3695652174	0.7269991969	0.7573154485
570	20	0.758940374	0.15	0.09227960405	0.3304347826	0.7668681922	0.7292063417
571	20	0.800151347	0.25	0.124032408	0.4086956522	0.710696571	0.7536652654
572	20	0.7046112472	0.15	0.07414266251	0.3282608696	0.7824882408	0.7035426807
573	20	0.7073354639	0.25	0.164354067	0.4347826087	0.7030581516	0.7021273536
574	20	0.7166683439	0.2	0.1278059198	0.397826087	0.7213095454	0.7077305407
575	20	0.7477834691	0.1	0.04566730592	0.3152173913	0.7804711221	0.7279912478
576	20	0.7337925891	0.2	0.1248629487	0.3934782609	0.7224237153	0.7166791252
577	20	0.5647983747	0.05	0.006220095694	0.2804347826	0.8182120016	0.6470438943
578	20	0.6790790333	0.2	0.1322966507	0.3260869565	0.7870192129	0.6905793942
579	20	0.8143286856	0.15	0.08779226314	0.3717391304	0.7310993213	0.7691803531
580	20	0.6691121337	0.05	0.03107190593	0.3130434783	0.7983267389	0.6904668278
581	20	0.6385613624	0.05	0.0331207343	0.2652173913	0.8078560892	0.6750659143
582	20	0.7500962187	0.25	0.1611111649	0.4304347826	0.6663977284	0.7287159643
583	20	0.7435652337	0.2	0.1389835926	0.3804347826	0.726729027	0.7235699021
584	20	0.6920085088	0.15	0.1114832536	0.3739130435	0.7460727529	0.6944002217
585	20	0.7704238646	0.15	0.09089746818	0.3456521739	0.781303805	0.7408499663
586	20	0.8321173916	0.2	0.08706390562	0.3826086957	0.7239695997	0.7766878702
587	20	0.7122488414	0.25	0.2206805429	0.402173913	0.6913075672	0.7115283638
588	20	0.6446429304	0.1	0.06782296651	0.2891304348	0.79864222	0.6766958819
589	20	0.7547226942	0.15	0.04066307654	0.3282608696	0.7758272169	0.7262059695
590	20	0.7059591328	0.15	0.08229665072	0.3130434783	0.7592048967	0.7031037466
591	20	0.6809918768	0.15	0.09712240668	0.3391304348	0.7715893615	0.6977739023
592	20	0.7088542737	0.25	0.159569378	0.4065217391	0.7317833565	0.7045139692
593	20	0.7516428644	0.3	0.1344497608	0.4369565217	0.6644241567	0.7299804616
594	20	0.7123158091	0.15	0.08504784689	0.3304347826	0.7929359785	0.7076870842
595	20	0.6903106423	0.15	0.06208133971	0.3717391304	0.7484216322	0.695647438
596	20	0.5325713927	0.05	0.006394436588	0.2913043478	0.8199002433	0.6383540503
597	20	0.6994875373	0.15	0.08038277512	0.3369565217	0.753408156	0.6987634172
598	20	0.7409046956	0.25	0.09533492823	0.4217391304	0.6850977467	0.7206162234
599	20	0.7621060245	0.2	0.1602870813	0.3217391304	0.787119889	0.7334448722
600	20	0.6278708936	0.05	0.00490430622	0.2913043478	0.825034374	0.6747133767
601	20	0.8157289885	0.25	0.1155200524	0.3586956522	0.7326623971	0.769496922
602	20	0.6849502029	0.05	0.04531491131	0.3173913043	0.7930182952	0.6961054903
603	20	0.7339996231	0.1	0.04653110048	0.3065217391	0.796847154	0.7188614923
604	20	0.7756839712	0.1	0.08055711601	0.3347826087	0.7527604203	0.7405776119
605	20	0.753141386	0.2	0.1395933014	0.352173913	0.7511479712	0.7270552245
606	20	0.5770849061	0.05	0.0254784689	0.2869565217	0.8238909291	0.6516479074
607	20	0.7116462092	0.05	0.0289273515	0.2760869565	0.8136525724	0.7102090813
608	20	0.7283902956	0.15	0.09980225223	0.35	0.7523168734	0.7145656778
609	20	0.7058032717	0.2	0.08863636364	0.3586956522	0.7647736954	0.7035648655
610	20	0.6881105201	0.05	0.0100346099	0.2891304348	0.8040733987	0.6989634852
611	20	0.7043439179	0.15	0.1022727273	0.35	0.7886701213	0.702195403
612	20	0.6872390702	0.15	0.1074797087	0.3673913043	0.7493881226	0.6940983463
613	20	0.7802113558	0.15	0.02992884309	0.3326086957	0.7616088053	0.74267073
614	20	0.7415080365	0.2	0.1036432404	0.3652173913	0.7680402504	0.718998897
615	20	0.7156332117	0.15	0.1373031401	0.3543478261	0.7226173214	0.7067469639
616	20	0.6666430941	0.15	0.08898359258	0.3260869565	0.7644972953	0.684492645
617	20	0.7375563621	0.1	0.1002741026	0.3239130435	0.7735152269	0.7193823677
618	20	0.6905135271	0.15	0.05680655909	0.3347826087	0.7983474344	0.694707511
619	20	0.6660778909	0.15	0.1198002828	0.3673913043	0.742540446	0.6863261222
620	20	0.7136436377	0.2	0.09838008252	0.3782608696	0.7405869169	0.7070615402
621	20	0.7489617861	0.15	0.07558484913	0.3652173913	0.72191468	0.7279996066
622	20	0.7853580119	0.15	0.08199058559	0.3913043478	0.726966189	0.7469985635
623	20	0.7561864045	0.15	0.09925582266	0.3173913043	0.7695740443	0.7343498591
624	20	0.7067968361	0.15	0.07625089592	0.347826087	0.7566923208	0.7031223228
625	20	0.7328797529	0.3	0.210645933	0.4043478261	0.6989017134	0.720922662
626	20	0.6640491284	0.15	0.06196172249	0.352173913	0.7838730949	0.6871312824
627	20	0.747950501	0.1	0.06804896396	0.2826086957	0.8019282248	0.7335552408
628	20	0.7703228955	0.2	0.1158851997	0.3826086957	0.7109447466	0.7432832087
629	20	0.7655215195	0.2	0.1235445764	0.3652173913	0.7436454813	0.7320662473
630	20	0.8169367905	0.1	0.07341478927	0.2869565217	0.8115459421	0.7689813315
631	20	0.7081970843	0.2	0.08946044722	0.3043478261	0.7821197018	0.7071814473
632	20	0.6801377682	0.15	0.06949760766	0.352173913	0.7500584947	0.6925921463
633	20	0.7367462109	0.1	0.05571515281	0.3391304348	0.7737943661	0.7203998389
634	20	0.7518584322	0.2	0.1208681208	0.3913043478	0.7227073304	0.7262168217
635	20	0.7490760632	0.3	0.1624401914	0.4630434783	0.6458236334	0.7344725456
636	20	0.7038382723	0.2	0.07618939233	0.3543478261	0.764449328	0.7021091728
637	20	0.6565659837	0.1	0.0759569378	0.3239130435	0.7845107077	0.6793513885
638	20	0.696374839	0.25	0.153701354	0.4326086957	0.6811160276	0.7038609035
639	20	0.6861544896	0.1	0.05452850474	0.3413043478	0.759183697	0.6948526112
640	20	0.8168700179	0.25	0.1595587238	0.4152173913	0.695115794	0.7689471039
641	20	0.6159938947	0.15	0.04401913876	0.3652173913	0.7302779394	0.6640358129
642	20	0.770578136	0.15	0.1019666621	0.3739130435	0.7434762863	0.7341002875
643	20	0.7818520532	0.1	0.05690228516	0.302173913	0.7736551846	0.7492280448
644	20	0.7665594645	0.2	0.1404189993	0.3652173913	0.7393715073	0.7364655372
645	20	0.7081793996	0.2	0.1077751196	0.3326086957	0.7576209233	0.704213191
646	20	0.7307524653	0.1	0.06159609089	0.3391304348	0.7684668724	0.7170831776
647	20	0.7369692469	0.2	0.1093301435	0.3413043478	0.7479003107	0.7173491542
648	20	0.7118047402	0.1	0.07398688569	0.3065217391	0.7976200209	0.7042815785
649	20	0.8116784762	0.3	0.1381409449	0.4130434783	0.6988919608	0.7626718123
650	20	0.7622435173	0.35	0.1764354067	0.4369565217	0.6631145715	0.7374827739
651	20	0.7803536007	0.15	0.08958006444	0.3413043478	0.7621735472	0.7496924791
652	20	0.7208271945	0.2	0.1319092265	0.3739130435	0.7482918664	0.7145772261
653	20	0.7061297427	0.2	0.1162611627	0.4391304348	0.7019803786	0.7062986653
654	20	0.6447001182	0.15	0.07799043062	0.3695652174	0.7554957619	0.6738485229
655	20	0.4726885243	0.05	0.02188995215	0.3	0.8108952412	0.6165830181
656	20	0.7125962032	0.15	0.08587354474	0.3739130435	0.7662965815	0.7059028925
657	20	0.6074759939	0.1	0.01170553823	0.3195652174	0.7867767835	0.6641660131
658	20	0.7381899783	0.2	0.1435886136	0.4173913043	0.6988463591	0.7199962472
659	20	0.6251415106	0.1	0.04354066986	0.3260869565	0.8067511572	0.6735488173
660	20	0.7084273199	0.2	0.1282190109	0.347826087	0.7511176577	0.7054518985
661	20	0.7617752766	0.2	0.09210526316	0.3826086957	0.74184468	0.7365883213
662	20	0.6909267539	0.1	0.05622009569	0.3108695652	0.8093529402	0.6975695286
663	20	0.7954847295	0.2	0.0991558995	0.4239130435	0.7010195157	0.7526965695
664	20	0.7952688576	0.2	0.09508245679	0.3869565217	0.7318743825	0.7512971351
665	20	0.6827949694	0.05	0.01374435813	0.2847826087	0.8198903922	0.6959651645
666	20	0.7083842468	0.2	0.08708133971	0.3543478261	0.7485500109	0.7028107852
667	20	0.7189249438	0.25	0.1062068587	0.3673913043	0.7355743868	0.7086765199
668	20	0.8006460056	0.35	0.1752939581	0.4413043478	0.6626328582	0.7591329161
669	20	0.8001312247	0.25	0.1204308157	0.4326086957	0.6837994034	0.7574655927
670	20	0.7605437083	0.15	0.08539991864	0.3630434783	0.7556650581	0.7327346114
671	20	0.6723261561	0.1	0.05417336588	0.2760869565	0.8086721066	0.6889059256
672	20	0.6727617505	0.25	0.1387559809	0.3913043478	0.7172618267	0.6878929418
673	20	0.6831755357	0.1	0.05035885167	0.3065217391	0.8105857147	0.6938220284
674	20	0.6831595538	0.1	0.05751893536	0.297826087	0.7746273243	0.6934617813
675	20	0.6430475588	0.15	0.04461722488	0.3304347826	0.7943246526	0.6764899014
676	20	0.8028851638	0.1	0.04984971169	0.3304347826	0.7689891774	0.7564486512
677	20	0.7448167696	0.25	0.08288408268	0.4369565217	0.7025441198	0.7260209972
678	20	0.6413870815	0.15	0.08893032176	0.3043478261	0.8027963661	0.6782869296
679	20	0.7740782585	0.25	0.1186433373	0.4413043478	0.6870745972	0.7405301837
680	20	0.7587308457	0.15	0.1045348004	0.3760869565	0.727777583	0.7312951957
681	20	0.724338229	0.1	0.07751196172	0.3260869565	0.7853384357	0.7208739302
682	20	0.7243929338	0.2	0.1465311005	0.3347826087	0.760528389	0.7087584039
683	20	0.6924676793	0.2	0.09425837321	0.3543478261	0.730540903	0.6939325697
684	20	0.6426783631	0.15	0.08241626794	0.3304347826	0.7643905269	0.6758128559
685	20	0.6660653668	0.1	0.08516746411	0.2608695652	0.8219440001	0.6879003359
686	20	0.8116896918	0.1	0.05738721113	0.3630434783	0.7669242656	0.768192957
687	20	0.6737918939	0.2	0.09388628454	0.4108695652	0.7279112453	0.689959196
688	20	0.7287919512	0.2	0.1177953625	0.3673913043	0.7421822935	0.7154671814
689	20	0.6059158743	0	0.01525482827	0.247826087	0.836195898	0.6623909589
690	20	0.7341658469	0.2	0.1275119617	0.3760869565	0.72661751	0.7172634842
691	20	0.7857802125	0.15	0.1029550782	0.3956521739	0.7355365755	0.7500055793
692	20	0.6745796447	0.1	0.06100478469	0.3108695652	0.7911760712	0.6915971317
693	20	0.6284027334	0.15	0.08361244019	0.352173913	0.779284802	0.6707419052
694	20	0.6376943698	0.1	0.06278209325	0.3173913043	0.7824598014	0.6714931007
695	20	0.7336928404	0.2	0.1510116615	0.3869565217	0.6947021792	0.7187963885
696	20	0.7859791978	0.2	0.1434844933	0.3260869565	0.7573689906	0.7490836277
697	20	0.7400501977	0.3	0.156044302	0.4369565217	0.6888780108	0.7245284258
698	20	0.7149124225	0.2	0.07865195746	0.4130434783	0.7071206425	0.7105927599
699	20	0.6638628748	0.15	0.08851674641	0.3826086957	0.746989464	0.6863931175
700	20	0.7370846909	0.25	0.1327751196	0.4282608696	0.6735434187	0.7202895964
701	20	0.6477330349	0.2	0.1020334928	0.3673913043	0.7805398379	0.68139929
702	20	0.7783357089	0.2	0.1452632548	0.3282608696	0.7489419263	0.7448568793
703	20	0.6717798333	0.15	0.1132126184	0.3434782609	0.7615588339	0.6899966745
704	20	0.7157047862	0.2	0.08229665072	0.3565217391	0.7363698316	0.7082123614
705	20	0.7160361887	0.2	0.1118314511	0.3695652174	0.7441207255	0.706574018
706	20	0.7570362136	0.2	0.133175458	0.3195652174	0.7691760224	0.7350437877
707	20	0.669045757	0.1	0.05	0.3173913043	0.7694637863	0.6845934689
708	20	0.8210432492	0.25	0.1299043062	0.3565217391	0.7388517953	0.7669214229
709	20	0.7590133497	0.2	0.1231941189	0.3717391304	0.7284685886	0.7289259005
710	20	0.7537247862	0.3	0.1810336478	0.4369565217	0.6902320252	0.7358451015
711	20	0.8261399864	0.35	0.1523142139	0.4586956522	0.6516051581	0.7830768828
712	20	0.6589541865	0.1	0.06782296651	0.2782608696	0.8247010166	0.6847658783
713	20	0.6600349483	0.25	0.1548394127	0.4043478261	0.6896549162	0.6885774587
714	20	0.8036960683	0.35	0.2193218139	0.4608695652	0.6415320661	0.7627161796
715	20	0.7323578316	0.25	0.1022727273	0.3891304348	0.7228684163	0.7176670232
716	20	0.6100568731	0.15	0.1190191388	0.3717391304	0.7432430597	0.6639226999
717	20	0.6663294786	0.15	0.0953896519	0.3673913043	0.742286464	0.6851599054
718	20	0.6731650877	0.2	0.1086056603	0.4043478261	0.7226458571	0.6921419123
719	20	0.6480599098	0.1	0.09539836894	0.3282608696	0.7784909265	0.6787352871
720	20	0.8199768467	0.2	0.1410611549	0.3739130435	0.7314779821	0.7747395288
721	20	0.6824062212	0.15	0.06973684211	0.3673913043	0.7641071921	0.692848211
722	20	0.6490197007	0.1	0.07853234024	0.2695652174	0.8344990769	0.6790717394
723	20	0.5534561232	0	0.0001743408946	0.252173913	0.851200255	0.645076001
724	20	0.7672271147	0.25	0.1764739877	0.4434782609	0.6775302073	0.7407813414
725	20	0.7809400087	0.25	0.141203049	0.4239130435	0.6990760982	0.7443926046
726	20	0.6909631166	0.1	0.07343173908	0.3043478261	0.7923303673	0.6958844387
727	20	0.8026365478	0.35	0.1810888557	0.502173913	0.6313727769	0.7660266744
728	20	0.6866190813	0.05	0.03693411851	0.2891304348	0.7921016414	0.6977136074
729	20	0.7164580478	0.15	0.114681279	0.4065217391	0.7285023507	0.7102798657
730	20	0.7161141155	0.05	0.0405952773	0.3195652174	0.8064556579	0.7083655128
731	20	0.6442488615	0.15	0.06279904306	0.3434782609	0.7679287473	0.675964055
732	20	0.6435956004	0.05	0.03127481936	0.2956521739	0.8259185612	0.6786923325
733	20	0.7693728767	0.2	0.09376666731	0.3565217391	0.7349706367	0.7340310993
734	20	0.6996998252	0.15	0.04173317449	0.3652173913	0.7459569232	0.7012039482
735	20	0.696823909	0.05	0.05675038258	0.3130434783	0.788775135	0.697257754
736	20	0.7519977532	0.15	0.1197252194	0.352173913	0.7477514988	0.730184591
737	20	0.6743039433	0	0.007884082676	0.2565217391	0.8383624743	0.696107751
738	20	0.7498647011	0.05	0.04635530674	0.2934782609	0.8073673567	0.7254193335
739	20	0.7296714304	0.2	0.1322966507	0.3913043478	0.7390504681	0.714410162
740	20	0.716717219	0.15	0.1018576991	0.3173913043	0.7822847801	0.7066493802
741	20	0.7855485086	0.15	0.09300602445	0.3826086957	0.7356504986	0.7438834651
742	20	0.7224386328	0.15	0.09167086376	0.3586956522	0.7752455988	0.7123325679
743	20	0.6862934276	0.2	0.1546650718	0.397826087	0.7128058401	0.6939871948
744	20	0.701489954	0.15	0.104784689	0.3652173913	0.7508140846	0.703200493
745	20	0.749478909	0.15	0.06135685644	0.3695652174	0.7647167278	0.7259363414
746	20	0.6290055527	0.2	0.09282296651	0.3695652174	0.7594653323	0.6710299001
747	20	0.7025939996	0.25	0.1763157895	0.3586956522	0.7341904369	0.7052759253
748	20	0.6772106765	0.15	0.09903240804	0.3413043478	0.7690627691	0.6914339104
749	20	0.7021934269	0.15	0.09371694787	0.3195652174	0.7752418364	0.7059769581
750	20	0.7772902247	0.3	0.1587252775	0.4673913043	0.6434703809	0.74507725
751	20	0.740491952	0.2	0.09650624076	0.3956521739	0.731853016	0.7215104013
752	20	0.7203753806	0.2	0.1099282297	0.4	0.7090450919	0.7101932384
753	20	0.7117263226	0.1	0.08349282297	0.3108695652	0.7746181933	0.708523885
754	20	0.6831211226	0.15	0.1205741627	0.3565217391	0.7608150799	0.6924612632
755	20	0.6864143156	0.2	0.09485645933	0.3869565217	0.7095858695	0.6936599312
756	20	0.6442444214	0.05	0.02679425837	0.2804347826	0.8171139515	0.6772859419
757	20	0.6999191962	0.15	0.06172248804	0.3	0.8150498516	0.7015853302
758	20	0.8447891296	0.3	0.1897022645	0.4217391304	0.6848582464	0.7902425529
759	20	0.650634761	0.05	0.04477832878	0.2869565217	0.7955485706	0.6818221111
760	20	0.7941288109	0.25	0.1032296651	0.3434782609	0.7547939105	0.7499496331
761	20	0.6548261414	0.1	0.02828438874	0.3065217391	0.7884623963	0.6837626041
762	20	0.7211068216	0.2	0.08694848549	0.3826086957	0.7523263462	0.7124350081
763	20	0.773784071	0.2	0.1309740813	0.3673913043	0.7416066756	0.7426220875
764	20	0.7178432723	0.2	0.1014354067	0.3782608696	0.7383829962	0.7101624597
765	20	0.6101691294	0.1	0.05717703349	0.3304347826	0.7835408731	0.6619925073
766	20	0.6784489741	0.1	0.04088261692	0.3304347826	0.7642612871	0.6915891372
767	20	0.6467167236	0.1	0.03192456205	0.3108695652	0.7880410523	0.6765866875
768	20	0.7245642539	0.1	0.06523545706	0.3282608696	0.762832664	0.7133992136
769	20	0.7190075075	0.15	0.04593301435	0.3413043478	0.7614660128	0.7096334684
770	20	0.7448578782	0.15	0.06967194855	0.3326086957	0.763553826	0.7220202233
771	20	0.7693699089	0.25	0.1870813397	0.4065217391	0.701601918	0.7364114603
772	20	0.7012379139	0.05	0.02185443827	0.3065217391	0.7907059606	0.7023455569
773	20	0.6931871955	0.15	0.04892344498	0.3739130435	0.7358174671	0.695909341
774	20	0.6476436623	0.1	0.03773414951	0.2782608696	0.8311519909	0.6807835881
775	20	0.728381651	0.15	0.1016097476	0.3282608696	0.7438884589	0.7188649474
776	20	0.7862274045	0.2	0.110645933	0.3956521739	0.7141920351	0.7541974313
777	20	0.6613323334	0.1	0.05452850474	0.3065217391	0.796850891	0.6853916052
778	20	0.7193367269	0.05	0.03110047847	0.2717391304	0.8092618552	0.7130906524
779	20	0.7742906374	0.3	0.1532296651	0.4369565217	0.6737044993	0.7413826137
780	20	0.635538744	0.15	0.0706937799	0.3413043478	0.7737716374	0.6729352074
781	20	0.7576544175	0.3	0.1929358038	0.4739130435	0.6575105924	0.7361831318
782	20	0.5777851176	0.15	0.1038277512	0.3413043478	0.7755491698	0.65097203
783	20	0.8360830961	0.3	0.2186602871	0.3717391304	0.7022858781	0.7846577981
784	20	0.6504815314	0.1	0.01854066986	0.3108695652	0.7962580034	0.6796736585
785	20	0.7268713972	0.25	0.1490430622	0.4239130435	0.6744623984	0.7149152646
786	20	0.5547074125	0.1	0.05992822967	0.3282608696	0.8007360469	0.6413080012
787	20	0.6464470815	0.1	0.07763012611	0.3043478261	0.8165897023	0.6790434515
788	20	0.6469859919	0.05	0.04485645933	0.2782608696	0.8400563033	0.678858699
789	20	0.7573791642	0.2	0.1284621196	0.3260869565	0.7722720074	0.7355872535
790	20	0.6909654803	0.2	0.07380382775	0.3782608696	0.7493522271	0.6963639689
791	20	0.822898908	0.2	0.09448598493	0.3847826087	0.7175975697	0.7708736674
792	20	0.619219927	0.1	0.06088516746	0.3326086957	0.7998894018	0.6673896843
793	20	0.5862568744	0.15	0.08767942584	0.352173913	0.7835420799	0.6535437785
794	20	0.7017126815	0.2	0.133492823	0.3804347826	0.7053675825	0.7029348606
795	20	0.7363257817	0.1	0.04544776553	0.3043478261	0.7876768087	0.7208623166
796	20	0.7097895973	0.15	0.05308518813	0.3739130435	0.7198779023	0.7056399848
797	20	0.6828664485	0.05	0.04485645933	0.2760869565	0.8286587268	0.6994843366
798	20	0.6214370566	0.15	0.04700956938	0.3065217391	0.8094195042	0.6692837663
799	20	0.6333632335	0.15	0.1030984251	0.3326086957	0.7922498117	0.6706969726
800	20	0.6335041575	0.1	0.07332535885	0.2760869565	0.8038529636	0.673899822
801	20	0.6862083674	0.2	0.1414955543	0.3934782609	0.7250749352	0.6985920315
802	20	0.6142564104	0.1	0.05263157895	0.2760869565	0.8289363605	0.6668018516
803	20	0.665635578	0.1	0.06088516746	0.3304347826	0.7991742465	0.6843020416
804	20	0.7593516623	0.2	0.1126794258	0.3543478261	0.7664085373	0.7339043625
805	20	0.7689351459	0.15	0.1494653546	0.3565217391	0.7479907716	0.7367676554
806	20	0.7031618879	0.05	0.04340361854	0.302173913	0.782889265	0.7050474623
807	20	0.673459198	0.15	0.09066985646	0.3543478261	0.7606064832	0.6879056726
808	20	0.8075612542	0.25	0.1413898198	0.4434782609	0.6676698395	0.7713369794
809	20	0.7061027477	0.1	0.05799740426	0.3456521739	0.7796422119	0.7049029005
810	20	0.7373827692	0.2	0.1098500991	0.4	0.7046265889	0.7199540971
811	20	0.6384988283	0.1	0.03361244019	0.3043478261	0.7763794063	0.6743423569
812	20	0.7585566224	0.25	0.1597969897	0.4282608696	0.7033839069	0.7353871073
813	20	0.6068238537	0.1	0.05203349282	0.3130434783	0.7802975867	0.6618213735
814	20	0.611251284	0.1	0.07775119617	0.3152173913	0.7929209948	0.6645472105
815	20	0.7254251701	0.25	0.144138756	0.4326086957	0.6717697528	0.7168688502
816	20	0.834462141	0.3	0.168157927	0.4391304348	0.6909008609	0.7970653524
817	20	0.7739873143	0.1	0.1091543498	0.3195652174	0.7434091421	0.7414858847
818	20	0.7141395241	0.15	0.06613508837	0.3586956522	0.749985382	0.7090784994
819	20	0.7051317774	0.15	0.1206805429	0.3173913043	0.7746249152	0.7031869994
820	20	0.759775018	0.2	0.132221103	0.3717391304	0.7333360826	0.7336248037
821	20	0.6943584133	0.05	0.01056408965	0.2913043478	0.798477848	0.6995995524
822	20	0.6478614393	0.1	0.04019138756	0.2913043478	0.8182814417	0.6790758527
823	20	0.6346998672	0.05	0.02588526432	0.3152173913	0.8045798892	0.6734549298
824	20	0.6878168021	0.1	0.02559808612	0.3260869565	0.7960411409	0.6999231127
825	20	0.7412173634	0.15	0.1008150437	0.3239130435	0.7853790898	0.72046315
826	20	0.7207620679	0.2	0.1042929831	0.4065217391	0.6962517308	0.7131614277
827	20	0.7274348491	0.1	0.05610047847	0.3369565217	0.7748803848	0.712100029
828	20	0.6949872591	0.1	0.05525250373	0.3260869565	0.7721371892	0.6998879964
829	20	0.6802217321	0.15	0.09795585301	0.3239130435	0.7643999512	0.6919763059
830	20	0.7049198707	0.25	0.1602764272	0.4065217391	0.7069749244	0.7042932386
831	20	0.7826152834	0.25	0.1294126003	0.3717391304	0.7355957828	0.7440698068
832	20	0.8263918533	0.35	0.2227103229	0.5	0.628326649	0.7791750137
833	20	0.7355955732	0.2	0.1017942584	0.3826086957	0.7114350149	0.7217945579
834	20	0.7050387503	0.15	0.06259758247	0.3195652174	0.7609192483	0.7036020565
835	20	0.7252053405	0.15	0.1024880706	0.347826087	0.7408362562	0.7107562245
836	20	0.7600671091	0.2	0.1174457122	0.3695652174	0.7438869243	0.7361341543
837	20	0.69624632	0.15	0.03851674641	0.3695652174	0.7603459403	0.698497741
838	20	0.7753782939	0.1	0.05272730501	0.3239130435	0.7662514832	0.7413324741
839	20	0.738260887	0.25	0.1124401914	0.4282608696	0.6975856118	0.7184379813
840	20	0.6984685138	0.1	0.045215311	0.3043478261	0.8004982419	0.6991644403
841	20	0.7432963301	0.15	0.06279904306	0.352173913	0.7520190406	0.7232172616
842	20	0.7748969945	0.15	0.08880392461	0.3760869565	0.7529802512	0.7384089086
843	20	0.7490945304	0.2	0.1059639114	0.3413043478	0.7702930396	0.7284076384
844	20	0.7214754368	0.05	0.05732748323	0.297826087	0.7994981027	0.7185294248
845	20	0.7090182096	0.1	0.0759569378	0.3	0.8139583729	0.707230833
846	20	0.628295569	0.15	0.1077634969	0.3456521739	0.768020545	0.6719231997
847	20	0.7123459496	0.1	0.0510003616	0.3434782609	0.7623414981	0.7051612646
848	20	0.7179597541	0.1	0.1089582163	0.3260869565	0.780741348	0.710762203
849	20	0.7317025857	0.2	0.1119484855	0.3760869565	0.7485142492	0.7165547322
850	20	0.7340485545	0.15	0.04449760766	0.3130434783	0.7697229114	0.7208027193
851	20	0.7007973553	0.15	0.05261414486	0.347826087	0.7699790815	0.7043912129
852	20	0.741687036	0.15	0.07855832994	0.3391304348	0.7672848443	0.7206719766
853	20	0.7189397066	0.15	0.05130513531	0.35	0.7505744037	0.7127553355
854	20	0.76320189	0.2	0.1093194894	0.3586956522	0.7280028207	0.7323671204
855	20	0.7228071757	0.1	0.07141148325	0.3065217391	0.8034060264	0.7111412753
856	20	0.7926484386	0.25	0.133188695	0.4130434783	0.6948177276	0.7495730722
857	20	0.6255885837	0.05	0.04503080022	0.2608695652	0.8283600898	0.6706339397
858	20	0.777584114	0.35	0.2139952153	0.5152173913	0.6026694044	0.7519677214
859	20	0.6669368923	0.15	0.1076385526	0.3456521739	0.7739567771	0.6867668096
860	20	0.8266054079	0.25	0.1445686354	0.4434782609	0.6941900258	0.7769613249
861	20	0.6799092828	0.15	0.1070457935	0.3673913043	0.7294727007	0.6906994428
862	20	0.6558637731	0.1	0.08850512369	0.3152173913	0.7658795402	0.6806867027
863	20	0.6968217304	0.25	0.1366028708	0.4086956522	0.7045425827	0.7003349824
864	20	0.6979457612	0.1	0.05500390653	0.3152173913	0.7944483224	0.6980611786
865	20	0.5738681592	0.1	0.05	0.3195652174	0.78519044	0.6502710241
866	20	0.7166199153	0.15	0.07365563799	0.3565217391	0.7569478936	0.7093843332
867	20	0.650118349	0.05	0.03898456115	0.2956521739	0.8239181251	0.6830045928
868	20	0.5799286841	0.05	0.01668151793	0.2869565217	0.8098191169	0.6524783364
869	20	0.7172454443	0.15	0.094911183	0.347826087	0.7502089262	0.7094313593
870	20	0.6944395875	0.15	0.07822966507	0.3239130435	0.7776469426	0.6974963839
871	20	0.6741136407	0.15	0.06756145517	0.3565217391	0.7595274594	0.6925276837
872	20	0.6333430234	0.2	0.105861244	0.3717391304	0.7423461402	0.6719421056
873	20	0.8199930016	0.25	0.1009199711	0.4673913043	0.6720321794	0.7774022338
874	20	0.6818398749	0.1	0.07043759565	0.3304347826	0.7630415773	0.6902434152
875	20	0.7252744188	0.3	0.1815227709	0.3869565217	0.7072900614	0.7163433596
876	20	0.748050212	0.15	0.1105781338	0.3369565217	0.7784713277	0.72702483
877	20	0.747073011	0.25	0.1551435407	0.397826087	0.7241689857	0.7236436955
878	20	0.7035225669	0.25	0.1840260155	0.3717391304	0.7066174074	0.7065981277
879	20	0.8210240085	0.25	0.1384605699	0.4608695652	0.6563017571	0.7707819957
880	20	0.6668919493	0.05	0.0254784689	0.2630434783	0.8187690707	0.6890525214
881	20	0.6356467064	0.1	0.02141148325	0.3217391304	0.7883695013	0.6748364595
882	20	0.7522374477	0.05	0.03399534445	0.297826087	0.7842939069	0.7302123505
883	20	0.7165728398	0.1	0.06541221936	0.347826087	0.790521544	0.7111781401
884	20	0.7948014371	0.1	0.04290819983	0.3282608696	0.798787274	0.7560656231
885	20	0.6478706185	0.1	0.04342105263	0.2956521739	0.7941587839	0.6807486161
886	20	0.6097555376	0.1	0.04460398789	0.3326086957	0.7929807844	0.6623532905
887	20	0.7381431793	0.1	0.01620304903	0.3086956522	0.7820655826	0.7240861463
888	20	0.6274743199	0.1	0.06088516746	0.3195652174	0.8062215998	0.6704727512
889	20	0.7325746743	0.2	0.1113568564	0.4304347826	0.7005777168	0.720645337
890	20	0.7752707202	0.15	0.07821642808	0.3586956522	0.73084381	0.7380191068
891	20	0.7283554637	0.25	0.1646567421	0.4326086957	0.6783698649	0.7208085449
892	20	0.6992826927	0.25	0.1535885167	0.3869565217	0.7194334671	0.7015307064
893	20	0.7036655684	0.2	0.09993510644	0.3760869565	0.7313843775	0.7023265611
894	20	0.7872990394	0.15	0.09521385816	0.3652173913	0.7482428968	0.7507781688
895	20	0.7143230255	0.15	0.07715311005	0.35	0.7580215895	0.709576956
896	20	0.6894718779	0.15	0.1222371811	0.3217391304	0.7910783181	0.6965249344
897	20	0.6795033212	0.15	0.1091998722	0.3347826087	0.7599133997	0.691076324
898	20	0.5898926199	0.05	0.04964114833	0.2847826087	0.8311680078	0.6591507049
899	20	0.7852905347	0.4	0.1938995215	0.5369565217	0.6159138914	0.7589573233
900	20	0.7176346303	0.25	0.1074162679	0.397826087	0.743700011	0.7093015256
901	20	0.7155255419	0.25	0.1129186603	0.4	0.7315296291	0.7093921131
902	20	0.6920195432	0.15	0.1122957144	0.3717391304	0.7279627878	0.6971841523
903	20	0.7520804372	0.25	0.1578831141	0.4413043478	0.6747104092	0.7309599298
904	20	0.6995436042	0.25	0.1281100478	0.4173913043	0.7045922826	0.6988803151
905	20	0.8225097805	0.15	0.07461628861	0.3347826087	0.7606154643	0.7698428842
906	20	0.6547328351	0.1	0.07822966507	0.3304347826	0.781154219	0.6802164613
907	20	0.7853367136	0.15	0.06198625935	0.3413043478	0.7668556438	0.7450621105
908	20	0.6625691937	0.25	0.1659725316	0.4282608696	0.6812324508	0.6864337336
909	20	0.669253352	0.15	0.05717703349	0.3282608696	0.7701912902	0.6875320844
910	20	0.7594245467	0.05	0.05294652254	0.297826087	0.7679611981	0.7310214984
911	20	0.8072284197	0.2	0.09820574163	0.3826086957	0.7318670615	0.766970883
912	20	0.7381087507	0.1	0.0501611039	0.3043478261	0.7937585805	0.7218101616
913	20	0.7439371876	0.2	0.06218400713	0.3826086957	0.7292153556	0.723286507
914	20	0.7559570765	0.15	0.08706810272	0.3413043478	0.7564401831	0.728386351
915	20	0.7134090674	0.15	0.07822821223	0.3760869565	0.7454447669	0.707453841
916	20	0.6701952694	0.15	0.09777134223	0.3260869565	0.7779646626	0.6875722701
917	20	0.7091023509	0.2	0.1491626794	0.347826087	0.75359944	0.7045720134
918	20	0.7026462695	0.15	0.05416965306	0.3282608696	0.7801135875	0.7002205494
919	20	0.673363816	0.25	0.0730861244	0.3826086957	0.7046649737	0.6940840682
920	20	0.6896078983	0	0.0008071337711	0.2586956522	0.8271335697	0.7003838808
921	20	0.7676577499	0.25	0.1635714701	0.402173913	0.7033289371	0.738102734
922	20	0.7741571012	0.15	0.1040500358	0.3782608696	0.7307233674	0.7390803192
923	20	0.6451645257	0.15	0.09748803828	0.2956521739	0.7911378329	0.6755034919
924	20	0.7846307266	0.15	0.06732076787	0.3695652174	0.7552928291	0.7467277362
925	20	0.7202991679	0.2	0.06734449761	0.3739130435	0.7410358317	0.7168977121
926	20	0.7048717058	0.2	0.1077189431	0.3804347826	0.7432108236	0.7040573109
927	20	0.5024373155	0.1	0.05717703349	0.2739130435	0.8388563042	0.6272249904
928	20	0.6501060755	0.15	0.04119852908	0.3826086957	0.766695873	0.679483431
929	20	0.7106173688	0.1	0.02081339713	0.3	0.808492272	0.710669419
930	20	0.7313544031	0.15	0.08564593301	0.3086956522	0.7638859321	0.7177737568
931	20	0.7852595793	0.25	0.1104066986	0.3891304348	0.716855656	0.7478543878
932	20	0.6977468721	0.2	0.08863636364	0.3847826087	0.7444240256	0.7029961682
933	20	0.642341049	0.15	0.1147129187	0.3673913043	0.7451298897	0.675039209
934	20	0.6518890141	0.05	0.02296650718	0.2782608696	0.822933569	0.682458101
935	20	0.6572298306	0.05	0.0490430622	0.2804347826	0.817522962	0.6829774751
936	20	0.6560636178	0.15	0.07960889526	0.352173913	0.7504154799	0.6824922007
937	20	0.7454825751	0.1	0.08759709819	0.3565217391	0.7578200813	0.7258528367
938	20	0.8008766602	0.3	0.1222488038	0.3869565217	0.7228468783	0.755954576
939	20	0.6150713137	0.05	0.03714478043	0.2869565217	0.8098288919	0.6634926078
940	20	0.6483706932	0.05	0.02211594961	0.2717391304	0.8050248281	0.6785238043
941	20	0.7280643829	0.2	0.1271424559	0.397826087	0.7212783889	0.7145609256
942	20	0.7537692225	0.15	0.07116546888	0.352173913	0.7582717808	0.7266209498
943	20	0.7004569555	0.2	0.1560355849	0.3217391304	0.7785986478	0.7004905044
944	20	0.7318033602	0.2	0.1541564161	0.3652173913	0.7441591754	0.7180856134
945	20	0.6544193949	0.05	0.00980861244	0.2847826087	0.8141120403	0.6836354176
946	20	0.7859619601	0.4	0.1755848491	0.5347826087	0.6091636236	0.7622787631
947	20	0.7164330855	0.1	0.06363636364	0.3260869565	0.7944985327	0.7108799457
948	20	0.6427749284	0.1	0.08784698681	0.3086956522	0.8057183459	0.6760766088
949	20	0.7274604879	0.15	0.09330143541	0.3108695652	0.7854394684	0.7129256592
950	20	0.7192394759	0.15	0.05141151554	0.3282608696	0.7843591545	0.710985623
951	20	0.6889546502	0.15	0.1146890275	0.3543478261	0.7553756539	0.6992473092
952	20	0.7456737812	0.15	0.0792929831	0.3065217391	0.7837528901	0.7270094054
953	20	0.7552827676	0.2	0.1321702536	0.4260869565	0.6884537263	0.7328910325
954	20	0.8216547901	0.25	0.05275119617	0.4282608696	0.6964116827	0.7755480793
955	20	0.7714574563	0.25	0.1612256165	0.4608695652	0.6640764661	0.7399705453
956	20	0.6286072942	0.1	0.05526315789	0.3130434783	0.7657616103	0.672747349
957	20	0.847589734	0.3	0.1460526316	0.397826087	0.6940005984	0.7888005709
958	20	0.8023715595	0.3	0.1638061846	0.4304347826	0.684381969	0.7655784754
959	20	0.7480690953	0.1	0.06398197832	0.2956521739	0.7725656952	0.7272874552
960	20	0.7142940137	0.2	0.1162117661	0.3717391304	0.7336859509	0.7062728262
961	20	0.7054885976	0.15	0.08827751196	0.3630434783	0.7457237122	0.7059396559
962	20	0.6460994722	0	0.008600817465	0.2673913043	0.8383139962	0.6796728748
963	20	0.7581592774	0.25	0.203080991	0.4326086957	0.6834591433	0.7387634009
964	20	0.6250406363	0.05	0.04461044496	0.2739130435	0.8137307652	0.6678943971
965	20	0.7139246265	0.15	0.1044258373	0.3195652174	0.772053461	0.7099024359
966	20	0.6074946934	0.1	0.04976076555	0.3195652174	0.775448482	0.6604110896
967	20	0.7772578836	0.1	0.06912810182	0.3130434783	0.7756429201	0.7420201108
968	20	0.7350415378	0.1	0.06818181818	0.3152173913	0.765995717	0.7171242484
969	20	0.6799645272	0.2	0.145215311	0.3891304348	0.7177316221	0.6913438164
970	20	0.6901722365	0.2	0.08923444976	0.3891304348	0.7293503561	0.6953873
971	20	0.6902217314	0.2	0.1066985646	0.3608695652	0.7652929608	0.6992388192
972	20	0.686382133	0.2	0.05933014354	0.4086956522	0.7396776712	0.6969802655
973	20	0.8057243952	0.2	0.1090090657	0.4108695652	0.7136733077	0.7600233605
974	20	0.7820745929	0.25	0.11434083	0.3739130435	0.7574581819	0.7435964696
975	20	0.5250313196	0.05	0.0471291866	0.2804347826	0.8105566601	0.6333913225
976	20	0.7524733102	0.15	0.04680132887	0.3804347826	0.719470254	0.728322137
977	20	0.803439596	0.25	0.1267942584	0.3891304348	0.7169861831	0.7614446648
978	20	0.7007895765	0.25	0.1664902272	0.447826087	0.6678852942	0.7121539862
979	20	0.7753300052	0.2	0.09625748213	0.3826086957	0.7256631593	0.7384487396
980	20	0.8063223684	0.3	0.2163599558	0.4282608696	0.6624408897	0.7621929402
981	20	0.7756812358	0.15	0.0698448366	0.3673913043	0.7212703754	0.7382853398
982	20	0.7031823142	0.2	0.09677033493	0.3565217391	0.7487985765	0.7007499838
983	20	0.6794510701	0.1	0.05365195746	0.3369565217	0.7700757459	0.6908195726
984	20	0.6933701683	0.1	0.07641167697	0.3413043478	0.7638734221	0.6957548282
985	20	0.7755350898	0.1	0.1049990637	0.347826087	0.7458291216	0.7403788961
986	20	0.7236151229	0.15	0.09782203023	0.352173913	0.7581618478	0.7134483212
987	20	0.7341910654	0.15	0.1263792302	0.3630434783	0.7538884334	0.72206726
988	20	0.7465665296	0.3	0.2002392344	0.4413043478	0.6912845114	0.7269282983
989	20	0.7850678782	0.2	0.1380208434	0.3782608696	0.7110681821	0.7475636929
990	20	0.7624351525	0.1	0.06745249211	0.3304347826	0.7663662117	0.7456072365
991	20	0.7334377049	0.1	0.04036572845	0.3217391304	0.7851650011	0.7187628581
992	20	0.7268285861	0.15	0.07259700134	0.3695652174	0.767189847	0.7108003778
993	20	0.7497562311	0.25	0.1671052632	0.4043478261	0.7110703644	0.7243676131
994	20	0.7973208396	0.25	0.07045454545	0.4108695652	0.6986688596	0.7596711616
995	20	0.6869458045	0.1	0.07953867462	0.3152173913	0.7852855562	0.694121669
996	20	0.5934432647	0.05	0.01650717703	0.2652173913	0.8351534336	0.6602653202
997	20	0.7717367335	0.25	0.1040669856	0.4239130435	0.6957604226	0.7376216143
998	20	0.6338715721	0	0.0001743408946	0.2717391304	0.8501497882	0.6776975175
999	20	0.6764950201	0.15	0.06208133971	0.3108695652	0.800940145	0.6926039134
1000	20	0.6515989313	0.05	0.0363529822	0.2847826087	0.7992496143	0.6805275663
