alignment_position	consensus	consensus_fraction	gap_fraction
27	M	0.9180722891566265	0.007177033492822967
104	L	0.9759615384615384	0.004784688995215311
107	V	0.9471153846153846	0.004784688995215311
111	I	0.9038461538461539	0.004784688995215311
112	L	1.0	0.004784688995215311
113	D	0.9471153846153846	0.004784688995215311
115	G	1.0	0.004784688995215311
117	V	0.988009592326139	0.0023923444976076554
119	D	0.9904076738609112	0.0023923444976076554
123	R	0.9043062200956937	0.0
125	S	0.9449760765550239	0.0
127	V	0.916267942583732	0.0
128	G	0.992822966507177	0.0
129	I	0.9593301435406698	0.0
130	E	0.9736842105263158	0.0
137	R	0.992822966507177	0.0
139	V	0.9760765550239234	0.0
141	A	0.9617224880382775	0.0
142	S	0.9736842105263158	0.0
143	V	0.9593301435406698	0.0
145	T	0.9856115107913669	0.0023923444976076554
147	L	0.9734939759036144	0.007177033492822967
150	A	0.9686746987951808	0.007177033492822967
