sequence_id	sequence_sha256	sequence_length	pf00741_status	pf00741_score	pf00741_sequence_score	pf00741_coverage	best_family	best_family_score	second_family	second_family_score	family_margin	best_model_coverage	best_query_coverage	family_status	classification_reason	gvpa_score	gvpj_score	hmm_family_status	similarity_best_family	similarity_best_reference	similarity_effective_identity	similarity_query_coverage	similarity_target_coverage	similarity_second_family	similarity_second_identity	similarity_margin
gen_0	b31dbc207b04b237aa4023e285e5041e3876f122befadeab9360bcb9c760b66d	99	fail			0.0	gvpk	111.4	gvpl	0.7	110.7	0.8924731182795699	0.8282828282828283	other_gvp	competitive_gvpk_support;competitive_sequence_agreement			other_gvp	gvpk	nat_a0d0faf59b37918c6cc5	0.5643564356435643	0.7777777777777778	0.7920792079207921			
gen_1	f21fee5ebc6cbdabf205ab6966bb87e33697262ce4219f117380fb19acbeb169	104	fail			0.0	gvpk	112.5	gvpl	1.7	110.8	0.946236559139785	0.8365384615384616	unsupported	competitive_gvpk_support;insufficient_covered_reference_similarity			other_gvp								
gen_2	5bb740e69ff0f5f3a2ef462bf66df991458a964954c30f7a7c606ad69dbe14fd	345	fail			0.0	gvpn	356.0				0.6875	0.8202898550724638	other_gvp	competitive_gvpn_support;no_reportable_runner_up;competitive_sequence_agreement			other_gvp	gvpn	nat_d23e6b0adfb19eead32f	0.8405797101449275	0.9855072463768116	0.9970674486803519			
gen_3	b53f18a58be3a3a794619d4a72363793946fecb562b028c1a88ce1c0657d5352	105	fail			0.0	gvpk	120.4	gvpg	0.6	119.80000000000001	0.956989247311828	0.8380952380952381	unsupported	competitive_gvpk_support;insufficient_covered_reference_similarity			other_gvp								
gen_4	dd2b6020d2ae857cbfc5c14194a8a9494e675b8d95513f8eea84606866cc03b8	95	fail			0.0	gvpk	116.2	gvpj	1.0	115.2	0.946236559139785	0.9157894736842105	other_gvp	competitive_gvpk_support;competitive_sequence_agreement		1.0	other_gvp	gvpk	nat_1e91833282be9f0bd4e2	0.7244897959183674	0.8315789473684211	0.8061224489795918			
gen_5	51b22d1c0d1aeb0bcc4b0e0017c4f79e66ee5f627f1c74c5cc5a40284ca037d8	101	fail			0.0	gvpk	118.5	gvpl	1.1	117.4	0.967741935483871	0.8811881188118812	other_gvp	competitive_gvpk_support;competitive_sequence_agreement			other_gvp	gvpk	nat_b94c6e496a778f2f3d21	0.6435643564356436	0.7623762376237624	0.8191489361702128			
gen_6	738cf74ffcef1bfe9cfe0d687782d0d4f92d8a063ad7bfd5cdbab0670d9fe086	86	pass	59.2	59.5	1.0	gvpa	133.9	gvpj	56.5	77.4	0.7477477477477478	0.9651162790697675	gvpa_gvpj_ambiguous	pf00741_and_competitive_gvpa_support;profile_sequence_family_conflict	133.9	56.5	supported_gvpa	gvpj	nat_dbc06e5fd5d989a1d1e4	0.9302325581395349	1.0	1.0	gvpa	0.9195402298850575	0.010692328254477412
gen_7	7ea53289f56576e0bd68fc4f4dd0520f6b1b8edf23edb217020f941784bf2035	93	fail			0.0	gvpk	122.1	gvpv	0.2	121.89999999999999	0.946236559139785	0.9354838709677419	other_gvp	competitive_gvpk_support;competitive_sequence_agreement			other_gvp	gvpk	nat_68a18df6d5d153ea5481	0.6236559139784946	0.7741935483870968	0.7912087912087912			
gen_8	b8ebffb6723bf7787797c9e6430b77de5f662b208bcb801e8076d9a49df14da9	114	fail			0.0	gvpk	99.0	gvpv	4.5	94.5	0.956989247311828	0.8070175438596491	unsupported	competitive_gvpk_support;insufficient_covered_reference_similarity			other_gvp								
gen_9	7ab9b9c2d9ad1c8f7213869352b161e42a28bd586c4e3cb16c54d2fd6df4244f	84	fail			0.0	gvpg	128.7	gvpl	2.2	126.49999999999999	1.0	1.0	unsupported	competitive_gvpg_support;profile_sequence_family_conflict			other_gvp	gvpf	nat_9563afccb8c08431776b	0.9047619047619048	1.0	1.0	gvpg	0.6785714285714286	0.22619047619047616
gen_10	c465d490e4ce99fe438ac9a14bf6b3fd6afc8ef78a514cf600a797cc61c90deb	111	fail			0.0	gvpk	120.1				0.946236559139785	0.7837837837837838	unsupported	competitive_gvpk_support;no_reportable_runner_up;insufficient_covered_reference_similarity			other_gvp								
gen_11	d7a1945db7235f13a27217a3ac2fcc0a797f9afaa2de3d8feb43c16c1e69577f	113	fail			0.0	gvpk	114.3	gvpl	0.1	114.2	0.946236559139785	0.7699115044247787	other_gvp	competitive_gvpk_support;competitive_sequence_agreement			other_gvp	gvpk	nat_8e116b0b90509f56bbdd	0.5221238938053098	0.7699115044247787	0.8598130841121495			
gen_12	87baf41d8566673c9de63736d48abb053711bbb2d64000c7d0b1fa7177a57faa	97	fail			0.0	gvpk	77.2	gvpv	3.0	74.2	0.8387096774193549	0.7835051546391752	unsupported	competitive_gvpk_support;insufficient_covered_reference_similarity			other_gvp								
gen_13	7c0bce6300ef6f06f1eedac4e51bb46106bf211ba743e627c30490105efc202a	89	pass	44.5	45.0	0.9487179487179487			gvpj	35.1		0.0	0.0	unsupported	no_qualified_subfamily_hit	7.4	35.1	unsupported								
gen_14	8e67c6a565907c9f00f8c6193225db59665bb41fe32500f34e4f84cc819a6ea6	294	fail			0.0			gvpl	13.9		0.0	0.0	unsupported	no_qualified_subfamily_hit			unsupported								
gen_15	ac3229a887d7ab179e1e9d843c7ca08beeab0d9ed6b79d9ed53a2377d54428a2	102	fail			0.0	gvpk	119.7	gvpl	1.3	118.4	0.946236559139785	0.8529411764705882	other_gvp	competitive_gvpk_support;competitive_sequence_agreement			other_gvp	gvpk	nat_b94c6e496a778f2f3d21	0.6176470588235294	0.7058823529411765	0.7659574468085106			
gen_16	74cc51d70868abf873c44203cbe18fd67b46be03303be991f9accb680a546c5c	95	fail			0.0	gvpk	117.2	gvpl	1.1	116.10000000000001	0.946236559139785	0.9157894736842105	other_gvp	competitive_gvpk_support;competitive_sequence_agreement			other_gvp	gvpk	nat_2730dab12de0ce3ce325	0.6421052631578947	0.8631578947368421	0.8913043478260869			
gen_17	dd8b237dccc383a22626e1da883f59c2450b8b12ffae3e95e942f16c32fb1b9a	115	fail			0.0	gvpk	119.3	gvpl	0.3	119.0	0.946236559139785	0.7565217391304347	unsupported	competitive_gvpk_support;insufficient_covered_reference_similarity			other_gvp								
gen_18	6911c809618d30e494943741f54b0f1e997205426e3071f9abb1fac86f2593d3	126	fail			0.0	gvpk	101.5	gvpl	0.3	101.2	0.9139784946236559	0.6666666666666666	unsupported	competitive_gvpk_support;insufficient_covered_reference_similarity			other_gvp								
gen_19	cf46cab15ae102c20e898a41a05fe824d7e00a881576662904d7ba04ca493f75	98	fail			0.0	gvpk	114.2	gvpl	2.4	111.8	0.946236559139785	0.8877551020408163	other_gvp	competitive_gvpk_support;competitive_sequence_agreement			other_gvp	gvpk	nat_2730dab12de0ce3ce325	0.6020408163265306	0.7857142857142857	0.8369565217391305			
gen_20	d915363a11fb1fd433b3e919182e4d63ff8a51d0c7d3f040b032715ffe525c56	81	fail	2.8	3.3	0.5641025641025641			gvpk	35.4		0.0	0.0	unsupported	no_qualified_subfamily_hit			unsupported								
gen_21	9ef4a9029921053ba6f51e407e18dd0c48340d5af260de58b5415e43337d4ab4	109	fail			0.0	gvpk	119.6	gvpl	0.5	119.1	0.946236559139785	0.7981651376146789	other_gvp	competitive_gvpk_support;competitive_sequence_agreement			other_gvp	gvpk	nat_78f7cb5e56edc86d1b1c	0.5688073394495413	0.7247706422018348	0.7247706422018348			
gen_22	7aab7c62982d77db0d93c55874eb4c754c56f69a3d6c51b45b9f05655bc7dae9	112	fail			0.0	gvpk	109.9	gvpl	2.1	107.80000000000001	0.9247311827956989	0.7589285714285714	other_gvp	competitive_gvpk_support;competitive_sequence_agreement			other_gvp	gvpk	nat_8e116b0b90509f56bbdd	0.5267857142857143	0.8035714285714286	0.7757009345794392			
gen_23	4e942c8d725f84bcec48d2f22f62006fa4b8e16812130240d3080c49f6ff3090	99	fail			0.0	gvpk	112.9	gvpv	5.1	107.80000000000001	0.978494623655914	0.9292929292929293	unsupported	competitive_gvpk_support;insufficient_covered_reference_similarity		0.1	other_gvp								
gen_24	78aa474b48601145da10e4f97f6d9fdaa2c4337c50ae92fbd90b948f886c153e	105	fail			0.0	gvpk	114.2	gvpl	1.9	112.3	0.946236559139785	0.8285714285714286	other_gvp	competitive_gvpk_support;competitive_sequence_agreement			other_gvp	gvpk	nat_6a2caa9d644a05b1fa76	0.5523809523809524	0.7047619047619048	0.7872340425531915			
gen_25	f10e11d648c0658735e1a0c5cd89083a7f750b9eef89d1b408918d2420d63aac	84	fail			0.0	gvpg	132.2	gvpl	1.0	131.2	0.9879518072289156	0.9880952380952381	unsupported	competitive_gvpg_support;profile_sequence_family_conflict		0.2	other_gvp	gvpf	nat_28fe1b57f20e35dc1b32	0.8571428571428571	1.0	1.0	gvpg	0.7142857142857143	0.1428571428571428
gen_26	c3c80fc95a698825131e5a499f9d4d9b22d962a8211b43ff0dab7e6cf8bb428f	102	fail			0.0	gvpk	101.6	gvpv	2.3	99.3	0.8602150537634409	0.7745098039215687	other_gvp	competitive_gvpk_support;competitive_sequence_agreement			other_gvp	gvpk	nat_675665fb4942fba8ca99	0.45098039215686275	0.7941176470588235	0.8431372549019608			
gen_27	3cd8afafc5841b0003738852b68310fe1348f626cd6f7fb9f0e90f218bc96cf1	104	fail			0.0	gvpk	101.7	gvpa	2.0	99.7	0.956989247311828	0.875	other_gvp	competitive_gvpk_support;competitive_sequence_agreement	2.0		other_gvp	gvpk	nat_c24b0ac6128907419709	0.8365384615384616	0.9903846153846154	0.9903846153846154			
gen_28	b5b13d89d0fb4bc7e305e579946773bd4883b25998dcea29a14cd6b9e49ce591	66	fail	20.0	20.9	0.5128205128205128			gvpj	16.2		0.0	0.0	unsupported	no_qualified_subfamily_hit	4.7	16.2	unsupported								
gen_29	1c79010e347a73666410759e6b60ea89f5f1b7cb4d8c9307d32f754e555c16ef	366	fail			0.0			gvpk	2.2		0.0	0.0	unsupported	no_qualified_subfamily_hit			unsupported								
gen_30	42e8b2e00a2222949b9edcb5d54881ee4264b5e5932504c50689b630f2e7228d	288	fail			0.0	gvpl	35.4	gvpk	1.0	34.4	0.624113475177305	0.6875	unsupported	competitive_gvpl_support;insufficient_covered_reference_similarity			other_gvp								
gen_31	e18de3f6897ed75a0c422184e4ba90a3006c786162fa945c35489d8beba95d57	305	fail			0.0	gvpn	455.0				0.7760416666666666	0.9770491803278688	other_gvp	competitive_gvpn_support;no_reportable_runner_up;competitive_sequence_agreement			other_gvp	gvpn	nat_a0c268810cbe681db67b	0.8431372549019608	1.0	0.9967320261437909			
gen_32	6c117dbcdc7ca4b3c09cda00c41dbe8af8ab2c19eb0362d7e2ede6cc6d4d5121	104	pass	33.1	33.9	0.8974358974358975			gvpj	21.7		0.0	0.0	unsupported	no_qualified_subfamily_hit	6.2	21.7	unsupported								
gen_33	2a7b2cbea9b07f1283c57bf3e5c1d323137ef1692f3d17a99645f383216ddee0	482	fail			0.0	gvpn	463.8				0.78125	0.6099585062240664	unsupported	competitive_gvpn_support;no_reportable_runner_up;insufficient_covered_reference_similarity			other_gvp								
gen_34	2364648917110ac8cd98315a09976b14a63f2df3809f0c90f8928f2c76c79317	115	fail			0.0	gvpk	111.1	gvpl	1.0	110.1	0.946236559139785	0.7565217391304347	other_gvp	competitive_gvpk_support;competitive_sequence_agreement			other_gvp	gvpk	nat_8e116b0b90509f56bbdd	0.5391304347826087	0.7739130434782608	0.7850467289719626			
gen_35	72372f9974b1497ebaa8d1da2682a6f7a4502581e196dfac100f1a357073234d	155	pass	43.5	44.0	1.0	gvpa	106.4	gvpj	42.6	63.800000000000004	0.7567567567567568	0.6580645161290323	supported_gvpa	pf00741_and_competitive_gvpa_support;competitive_sequence_agreement	106.4	42.6	supported_gvpa	gvpa	nat_074f333dec93d43ec001	0.7290322580645161	0.7548387096774194	0.7647058823529411			
gen_36	7780e455c27b9f68502cd6933fe9ca68b5d18af62e8ad3ad73f002e25668fc66	100	fail			0.0	gvpk	117.8	gvpl	1.2	116.6	0.946236559139785	0.87	other_gvp	competitive_gvpk_support;competitive_sequence_agreement			other_gvp	gvpk	nat_6a2caa9d644a05b1fa76	0.67	0.84	0.8297872340425532			
gen_37	05b2efdb994ee10fd8b2495dd99c12d0e53c9ec188f2ab32a0a6e6101685ab61	114	fail			0.0	gvpk	106.3	gvpv	5.2	101.1	0.978494623655914	0.8157894736842105	other_gvp	competitive_gvpk_support;competitive_sequence_agreement		1.2	other_gvp	gvpk	nat_4d6fdbbe43a6a597d4b4	0.8421052631578947	1.0	1.0			
gen_38	9ba7821448a70704f0dbb5f936d58a5ce64502e65770ed2ac36c69b3a27c6590	106	fail			0.0	gvpk	116.3	gvpl	1.5	114.8	0.9247311827956989	0.8018867924528302	unsupported	competitive_gvpk_support;insufficient_covered_reference_similarity			other_gvp								
gen_39	2c8b31df9dba80f04af067063aa89d336e7b47a3d07f4e28140e45f2e1d2d391	71	pass	55.6	55.9	1.0			gvpa	107.2		0.0	0.0	unsupported	no_qualified_subfamily_hit	107.2	46.3	unsupported	gvpa	nat_4274eb9d5d32732dadc5	0.6805555555555556	0.9295774647887324	0.9166666666666666	gvpj	0.6527777777777778	0.02777777777777779
gen_40	0a6f9a8f51f2e0de7625621e55fe96372e01e28617fc8159f426497348daef39	136	pass	46.8	47.3	0.9743589743589743	gvpa	124.3	gvpj	41.7	82.6	0.7837837837837838	0.6911764705882353	supported_gvpa	pf00741_and_competitive_gvpa_support;competitive_sequence_agreement	124.3	41.7	supported_gvpa	gvpa	nat_3fb1b2844ab87a8f4a72	0.6521739130434783	0.8455882352941176	0.8333333333333334	gvpj	0.5955882352941176	0.05658567774936063
gen_41	9093d194fa7377fd75cf07953a738b2d03f277576dd381d808de5727b41776e7	303	fail			0.0	gvpl	187.4	gvpv	3.2	184.20000000000002	0.9680851063829787	0.9042904290429042	unsupported	competitive_gvpl_support;insufficient_covered_reference_similarity			other_gvp								
gen_42	76f5255020b52d33b93cf779db88c58d9d4eb7a49eb881eedee77e5859516996	84	pass	60.9	61.3	1.0	gvpa	134.1	gvpj	58.0	76.1	0.7297297297297297	0.9642857142857143	gvpa_gvpj_ambiguous	pf00741_and_competitive_gvpa_support;profile_sequence_family_conflict	134.1	58.0	supported_gvpa	gvpj	nat_01fb42ca3aea3da0dbe5	0.8571428571428571	1.0	1.0	gvpa	0.8571428571428571	0.0
gen_43	860c335c44798745cd8ada4d45d32c6be536d055b8287c3da4cccc473431ac5e	98	fail			0.0	gvpk	35.1	gvpc	2.7	32.4	0.9032258064516129	0.7857142857142857	unsupported	competitive_gvpk_support;insufficient_covered_reference_similarity	0.3		other_gvp								
gen_44	0abec5d6b71ce2778928a4368299144561ae983be8830a3be3e6d10f011ac03d	70	pass	56.6	56.9	1.0			gvpa	116.2		0.0	0.0	unsupported	no_qualified_subfamily_hit	116.2	55.8	unsupported	gvpa	nat_ea394d0f8102113c7b58	0.8857142857142857	1.0	1.0	gvpj	0.7857142857142857	0.09999999999999998
gen_45	432e3682c7be7afdf8585756c0a0bbf9898844fd10795ee1e9fe8c36122463e3	319	fail			0.0	gvpl	190.5	gvpg	2.2	188.3	0.9680851063829787	0.9341692789968652	unsupported	competitive_gvpl_support;insufficient_covered_reference_similarity			other_gvp								
gen_46	28e6b84271708775e13d73ee54ae28e3f6d1dca8f9ac6a42c5eeb2b9c3099e2f	96	fail			0.0			gvpk	62.1		0.0	0.0	unsupported	no_qualified_subfamily_hit	0.4		unsupported	gvpk	nat_2a684226bc7fc883848d	0.3854166666666667	0.75	0.9577464788732394			
gen_47	445fa23a68f4a1b3899232dc1544e2f93ff51229df22224551e1d91a9e5aa3bf	100	fail			0.0	gvpk	116.1	gvpl	1.8	114.3	0.956989247311828	0.88	other_gvp	competitive_gvpk_support;competitive_sequence_agreement			other_gvp	gvpk	nat_b94c6e496a778f2f3d21	0.63	0.72	0.7659574468085106			
gen_48	fe50aaf0efdd54a0cc409849e5aeef8a8666fca8182891a2a8cbf055198f3763	347	fail			0.0	gvpl	79.3	gvpg	1.0	78.3	0.9290780141843972	0.8501440922190202	unsupported	competitive_gvpl_support;insufficient_covered_reference_similarity			other_gvp								
gen_49	0f747c9e97c65bdef035ffa732e615690b5827dd6016fc541139d45dcd1fa5d7	112	fail			0.0	gvpk	106.9	gvpl	0.6	106.30000000000001	0.956989247311828	0.7857142857142857	unsupported	competitive_gvpk_support;insufficient_covered_reference_similarity			other_gvp								
gen_50	80da48499334da24f87204c068ffa9159f3494b315abbb1640e737bf30a7787f	306	fail			0.0	gvpn	458.8				0.7760416666666666	0.9738562091503268	other_gvp	competitive_gvpn_support;no_reportable_runner_up;competitive_sequence_agreement			other_gvp	gvpn	nat_05cf56205d19f7127aeb	0.7875816993464052	1.0	1.0			
gen_51	eb8831a09313252b9b58408d793e7675583ba364f72b4647b5f1e1584767c8a7	101	fail			0.0	gvpk	78.1	gvpv	0.9	77.19999999999999	0.8817204301075269	0.7722772277227723	other_gvp	competitive_gvpk_support;competitive_sequence_agreement			other_gvp	gvpk	nat_10a2bccfc68f5e531829	0.6237623762376238	0.8415841584158416	0.9183673469387755			
gen_52	0e03cb9004843db1be6dc5635be5303642133329a19dd342daf22fc2960903f2	103	fail			0.0	gvpk	121.8	gvpl	3.5	118.3	0.946236559139785	0.8446601941747572	other_gvp	competitive_gvpk_support;competitive_sequence_agreement			other_gvp	gvpk	nat_2730dab12de0ce3ce325	0.6504854368932039	0.7669902912621359	0.8586956521739131			
gen_53	5a2ad6048ad89f8610b80e23e9f795cd1014c3d80ae10d0c16e3160f622137a9	109	fail			0.0	gvpk	116.3	gvpl	1.1	115.2	0.946236559139785	0.7981651376146789	unsupported	competitive_gvpk_support;insufficient_covered_reference_similarity			other_gvp								
gen_54	6807edd48149735ca397d3863a45bb36b7d3eb5d50a7e405f36bf718966a1602	109	fail			0.0	gvpk	73.6	gvpl	1.7	71.89999999999999	0.946236559139785	0.7247706422018348	unsupported	competitive_gvpk_support;insufficient_covered_reference_similarity			other_gvp								
gen_55	b97939cf87bf6f58b84f8bce7a7aabe756188050ac11d3ab2e9a7d9206ca40e6	94	fail	0.3	2.2	0.23076923076923078			gvpa	2.1		0.0	0.0	unsupported	no_qualified_subfamily_hit	2.1		unsupported								
gen_56	9757967a5db4269cbb7e5b671367af5c43e8bc4598876951067d6aa988f9d658	103	pass	58.2	58.5	1.0	gvpj	153.7	gvpa	46.1	107.6	0.6503496503496503	0.9514563106796117	other_gvp	competitive_gvpj_support;competitive_sequence_agreement	46.1	153.7	other_gvp	gvpj	nat_b629ea5b6ccdf5cafe33	0.8640776699029126	0.9902912621359223	1.0	gvpa	0.3106796116504854	0.5533980582524272
gen_57	b1166515d79b34315978400401310def9abd116548daf16d3504e20a184ea66f	111	fail			0.0	gvpk	117.4	gvpv	0.3	117.10000000000001	0.946236559139785	0.7837837837837838	unsupported	competitive_gvpk_support;insufficient_covered_reference_similarity			other_gvp								
gen_58	07eb63749f763fbf907544b8d8bba4bdc4a4738b4dada91aea2878f6e0264737	104	pass	32.1	33.5	0.9230769230769231	gvpa	33.9	gvpj	49.8	-15.899999999999999	0.6126126126126126	0.7211538461538461	gvpa_gvpj_ambiguous	insufficient_competitive_margin	33.9	49.8	gvpa_gvpj_ambiguous	gvpj	nat_42f645640533e9fbacdd	0.4485981308411215	0.9519230769230769	0.7663551401869159			
gen_59	4a3621b7e513ea4b75bab2c9071952e29dffa4044d809315828a7aabcaca9073	315	fail			0.0	gvpl	297.0	gvpv	4.5	292.5	0.9680851063829787	0.8952380952380953	other_gvp	competitive_gvpl_support;competitive_sequence_agreement		1.1	other_gvp	gvpl	nat_51153cf6705a7b788462	0.5873015873015873	0.8444444444444444	0.8343949044585988			
gen_60	233961733834626cc3b4ac1e66efa8a96c78612515d643e855bbed8cd7b3f7ad	106	fail			0.0	gvpk	113.0	gvpl	3.5	109.5	0.946236559139785	0.8207547169811321	unsupported	competitive_gvpk_support;insufficient_covered_reference_similarity			other_gvp								
gen_61	bedbd15323cc7dc772b65dccf4a2f705e8b1c7a4e6c9b3c7a139a08cc163cfe9	114	fail			0.0	gvpk	106.7	gvpv	5.7	101.0	0.946236559139785	0.7982456140350878	other_gvp	competitive_gvpk_support;competitive_sequence_agreement		0.7	other_gvp	gvpk	nat_3051d69cdf2eb2867c43	0.8157894736842105	0.9912280701754386	0.9912280701754386			
gen_62	357acc911c4c8f0b7524e2bba85261c78e7c9ad644fbdfdb3a0bf116b408ff75	84	fail			0.0	gvpg	130.9	gvpl	2.6	128.3	1.0	1.0	unsupported	competitive_gvpg_support;profile_sequence_family_conflict			other_gvp	gvpf	nat_e355a3cabd64b6b94474	0.9047619047619048	1.0	1.0	gvpg	0.7142857142857143	0.19047619047619047
gen_63	e4f6e2c797efa7d057d33f26da103001788f722fc1a655922754c8211d121805	97	fail			0.0	gvpk	116.6	gvpv	0.7	115.89999999999999	0.946236559139785	0.8969072164948454	other_gvp	competitive_gvpk_support;competitive_sequence_agreement			other_gvp	gvpk	nat_68a18df6d5d153ea5481	0.7319587628865979	0.8969072164948454	0.9560439560439561			
gen_64	8f50c37f9cee0191677ba471c9e9dc0832a063c5fdb5055e1e1d80281e070606	490	fail			0.0	gvpn	461.0				0.7916666666666666	0.6081632653061224	unsupported	competitive_gvpn_support;no_reportable_runner_up;insufficient_covered_reference_similarity			other_gvp								
gen_65	17ef76cbd90454ebe41f77cf79dc6e500e0be9e87fd489a0b47a8ada588ca605	84	fail			0.0	gvpg	126.7	gvpk	1.4	125.3	1.0	1.0	unsupported	competitive_gvpg_support;profile_sequence_family_conflict			other_gvp	gvpf	nat_9563afccb8c08431776b	0.8809523809523809	1.0	1.0	gvpg	0.6904761904761905	0.19047619047619047
gen_66	79e1cffc9f4af352f7b74af0e2b912c0f4ef05f78563d31b5f9ce37b1e3bb793	94	fail			0.0	gvpk	117.5				0.946236559139785	0.925531914893617	other_gvp	competitive_gvpk_support;no_reportable_runner_up;competitive_sequence_agreement			other_gvp	gvpk	nat_b1b4221c2360951d038d	0.851063829787234	1.0	1.0			
gen_67	47722a79c0116dfcaebdf1bf489ab7c1ddfaaeae57e5533fd83e7463257f6ad7	92	pass	53.1	53.5	1.0	gvpa	126.4	gvpj	52.8	73.60000000000001	0.6486486486486487	0.782608695652174	supported_gvpa	pf00741_and_competitive_gvpa_support;competitive_sequence_agreement	126.4	52.8	supported_gvpa	gvpa	nat_00b8d6bdf51c5322f38c	0.8260869565217391	0.9456521739130435	0.9666666666666667	gvpj	0.6847826086956522	0.14130434782608692
gen_68	6e26b9e9dc9da8a181e69111d2b615333d3c7238bad5c0e051173642621d59fd	145	pass	46.2	46.7	0.9743589743589743	gvpa	131.5	gvpj	42.8	88.7	0.7747747747747747	0.7448275862068966	supported_gvpa	pf00741_and_competitive_gvpa_support;competitive_sequence_agreement	131.5	42.8	supported_gvpa	gvpa	nat_1f087f3f20cf0e414c21	0.696551724137931	0.8689655172413793	1.0	gvpj	0.593103448275862	0.10344827586206895
gen_69	29585254e802c8cebbe4842934026fd379cda156dec678955f5338469c921411	103	fail			0.0	gvpk	113.6	gvpv	6.9	106.69999999999999	0.989247311827957	0.9029126213592233	other_gvp	competitive_gvpk_support;competitive_sequence_agreement		3.2	other_gvp	gvpk	nat_4d6fdbbe43a6a597d4b4	0.6929824561403509	0.9805825242718447	0.9210526315789473			
gen_70	6b04dc15e7f91f65833bff13fd267ce490370e786d2e7ef5a9039a6fb7f4a484	107	fail			0.0	gvpk	118.8	gvpv	1.1	117.7	0.946236559139785	0.8130841121495327	unsupported	competitive_gvpk_support;insufficient_covered_reference_similarity			other_gvp								
gen_71	82977b551aa32ef07ff81a6172b3ba812b5b059df83859ba574b41c681e0ba2a	84	pass	53.4	53.7	1.0			gvpj	48.5		0.0	0.0	unsupported	no_qualified_subfamily_hit	23.2	48.5	unsupported								
gen_72	88df81a9ec420d1a011cd9f0fa36bd0adafd236ed918880ece2df8a81cc5394f	512	fail			0.0			gvpn	450.9		0.0	0.0	unsupported	no_qualified_subfamily_hit			unsupported	gvpn	nat_42d94b6cd2db52cdbdb2	0.63671875	0.896484375	1.0			
gen_73	50ef747f282102f04e92b68db67fb047eedca3e9ee1200c70d2298ec79083f44	103	fail			0.0	gvpk	118.3	gvpl	1.6	116.7	0.956989247311828	0.8543689320388349	other_gvp	competitive_gvpk_support;competitive_sequence_agreement			other_gvp	gvpk	nat_6a2caa9d644a05b1fa76	0.7378640776699029	0.7766990291262136	0.851063829787234			
gen_74	5ce5a8c81469e67dbbed20dc5654dd5e9a34577d42e98f2c40dd38fbc9f76aaa	103	fail			0.0	gvpk	115.1	gvpl	1.0	114.1	0.946236559139785	0.8446601941747572	unsupported	competitive_gvpk_support;insufficient_covered_reference_similarity			other_gvp								
gen_75	2beb3d22a57b5271b91d3856a15ee38dd9b5bea6a9f0aad221c828df5387ec54	306	fail			0.0	gvpn	466.0				0.7760416666666666	0.9738562091503268	other_gvp	competitive_gvpn_support;no_reportable_runner_up;competitive_sequence_agreement			other_gvp	gvpn	nat_a0c268810cbe681db67b	0.8431372549019608	0.9379084967320261	0.9379084967320261			
gen_76	059db66738282beffa4b27cb37b50710b65a46daceb0f5318fef962d4c88bb50	155	pass	43.2	43.6	1.0	gvpa	107.2	gvpj	40.8	66.4	0.8738738738738738	0.7290322580645161	supported_gvpa	pf00741_and_competitive_gvpa_support;competitive_sequence_agreement	107.2	40.8	supported_gvpa	gvpa	nat_219e1145c7c5f874f9d7	0.7419354838709677	0.7548387096774194	0.7597402597402597	gvpj	0.23225806451612904	0.5096774193548387
gen_77	2719c6e9970df718760a2bc352791b569fb020aa5ba70654c739e159829a9ae1	100	fail			0.0	gvpk	118.2	gvpl	1.9	116.3	0.956989247311828	0.88	other_gvp	competitive_gvpk_support;competitive_sequence_agreement			other_gvp	gvpk	nat_63271297f6b3d9d8c243	0.61	0.71	0.8160919540229885			
gen_78	716e010876d0d5ab141e6b9992635fe094118a5dc0ce20225c4f519dcdd246c4	105	fail			0.0						0.0	0.0	unsupported	no_qualified_subfamily_hit			unsupported								
gen_79	534c9af6e3e65bcb4f33a8fa7fe9fbf5bd755c33e84c0ae233db7d4c248db09d	112	fail			0.0	gvpk	115.7	gvpv	1.3	114.4	0.9354838709677419	0.7678571428571429	unsupported	competitive_gvpk_support;insufficient_covered_reference_similarity			other_gvp								
gen_80	5f6804874f5e532e11f8cafd48731ed26a96bdce463510cbb18dc4ba8ef5aa0f	91	fail			0.0	gvpk	125.1	gvpl	3.0	122.1	0.978494623655914	0.989010989010989	other_gvp	competitive_gvpk_support;competitive_sequence_agreement			other_gvp	gvpk	nat_feb7854d969d6d554dbd	0.5714285714285714	0.8131868131868132	0.8131868131868132			
gen_81	30a6f2c0540d77e5eabce9e4a249e8bbdcbf86972ef46b28261ce61cf3aab75e	93	fail			0.0	gvpk	116.9	gvpl	1.8	115.10000000000001	0.9354838709677419	0.9247311827956989	other_gvp	competitive_gvpk_support;competitive_sequence_agreement			other_gvp	gvpk	nat_63271297f6b3d9d8c243	0.6344086021505376	0.7096774193548387	0.7586206896551724			
gen_82	1fb21e1bb28f77e8a4a14dda227a65459c73611fba334c37b17ba8583c26ad7d	103	fail			0.0	gvpk	119.8	gvpl	1.4	118.39999999999999	0.956989247311828	0.8543689320388349	other_gvp	competitive_gvpk_support;competitive_sequence_agreement			other_gvp	gvpk	nat_f9fd8306d74bf30082b9	0.5754716981132075	0.8058252427184466	0.8207547169811321			
gen_83	633aee18f534ed030f8f90158a3271ac58f00b115f6b0af053cdc35b9c3e0417	84	fail			0.0	gvpg	127.6	gvpl	3.3	124.3	1.0	1.0	unsupported	competitive_gvpg_support;profile_sequence_family_conflict		0.7	other_gvp	gvpf	nat_a805025f1e78467c4256	0.9285714285714286	1.0	1.0	gvpg	0.6666666666666666	0.261904761904762
gen_84	c697ce95ef862a375889d04914c2906de5bb99a4074758d11112bc188a9c82a5	92	fail			0.0	gvpk	118.4				0.946236559139785	0.9456521739130435	other_gvp	competitive_gvpk_support;no_reportable_runner_up;competitive_sequence_agreement			other_gvp	gvpk	nat_10a2bccfc68f5e531829	0.6530612244897959	0.8152173913043478	0.7653061224489796			
gen_85	9503fea3283995f7f77e17eca36be26c7cdc306df5b56d441ad73ecc3941af7c	104	fail			0.0	gvpk	113.9	gvpl	0.3	113.60000000000001	0.946236559139785	0.8365384615384616	other_gvp	competitive_gvpk_support;competitive_sequence_agreement			other_gvp	gvpk	nat_f5417bd74b0ff41e1cb0	0.4909090909090909	0.8461538461538461	0.8272727272727273			
gen_86	717d7a5f2e2bb12105c54748f14d6a44a0a0f6296d8e55c7c3d4b4eeb1e71016	102	fail			0.0	gvpk	123.1	gvpl	2.3	120.8	0.956989247311828	0.8627450980392157	other_gvp	competitive_gvpk_support;competitive_sequence_agreement			other_gvp	gvpk	nat_829e22f860a4267265e7	0.5663716814159292	0.8529411764705882	0.7699115044247787			
gen_87	964af537ac1c93187557129af76f42838147b8a1619f86917e9568bcb7ccea16	104	fail			0.0	gvpk	119.4	gvpl	2.1	117.30000000000001	0.956989247311828	0.8461538461538461	unsupported	competitive_gvpk_support;insufficient_covered_reference_similarity			other_gvp								
gen_88	ed68f2a7af830d9f1c877fb397d46947c9fc515723a6afbf22205a7ea80fc873	98	fail			0.0	gvpk	121.2	gvpl	3.8	117.4	0.967741935483871	0.9081632653061225	other_gvp	competitive_gvpk_support;competitive_sequence_agreement			other_gvp	gvpk	nat_2730dab12de0ce3ce325	0.8163265306122449	0.9285714285714286	0.9891304347826086			
gen_89	da942027a51532c006502dcb63ed34c98da4ae66f41e4501ee0069b94faf4919	96	fail			0.0	gvpk	118.6	gvpl	1.9	116.69999999999999	0.956989247311828	0.9166666666666666	other_gvp	competitive_gvpk_support;competitive_sequence_agreement			other_gvp	gvpk	nat_6a2caa9d644a05b1fa76	0.6458333333333334	0.8333333333333334	0.8297872340425532			
gen_90	e9b108458deb9c79685fb45bfdc748b010cf9d14c43610be9379e981a22df5ce	97	fail			0.0	gvpk	114.3	gvpv	1.3	113.0	0.956989247311828	0.9072164948453608	other_gvp	competitive_gvpk_support;competitive_sequence_agreement			other_gvp	gvpk	nat_538664c2c899a02c8b5c	0.6494845360824743	0.7319587628865979	0.8160919540229885			
gen_91	4a7810df4c9fb1174055d526927e28ee573e7cedf7f24bf395630a8eea4a0e55	83	pass	39.2	39.5	0.9230769230769231			gvpj	39.0		0.0	0.0	unsupported	no_qualified_subfamily_hit	17.3	39.0	unsupported	gvpj	nat_119785f1c0655d1d50b6	0.3373493975903614	0.7108433734939759	0.7922077922077922			
gen_92	2bb33bc2ea9f4c8104ea9e9d1a45edef66e770cf301e3cb6799bc22cd8ba8319	89	pass	56.3	56.7	1.0	gvpa	133.2	gvpj	54.3	78.89999999999999	0.7387387387387387	0.9213483146067416	gvpa_gvpj_ambiguous	pf00741_and_competitive_gvpa_support;insufficient_sequence_competitive_margin	133.2	54.3	supported_gvpa	gvpa	nat_58552353178d8fa2f36f	0.898876404494382	1.0	1.0	gvpj	0.8876404494382022	0.011235955056179803
gen_93	1c762689aade201ddd5e68b9ddb0705c32ac1154bb4f74ca68441e32a6964819	266	fail			0.0	gvpl	110.8				0.648936170212766	0.7481203007518797	unsupported	competitive_gvpl_support;no_reportable_runner_up;insufficient_covered_reference_similarity			other_gvp	gvpl	nat_54b190843b0d8891ec3e	0.39194139194139194	0.9962406015037594	0.9487179487179487			
gen_94	76150cd8d1b7be35d56833b628b1bf421ecc4a2607563d0df04407f0fd409d8f	74	pass	34.2	34.8	0.8974358974358975			gvpj	32.1		0.0	0.0	unsupported	no_qualified_subfamily_hit	25.8	32.1	unsupported								
gen_95	0b8bf3e5849804846dff43321f6b44bfc92122cc3a10da1f7a6e09ac9ddab836	104	pass	62.1	62.6	0.9743589743589743	gvpa	50.2	gvpj	71.8	-21.599999999999994	0.7207207207207207	0.7788461538461539	gvpa_gvpj_ambiguous	insufficient_competitive_margin	50.2	71.8	gvpa_gvpj_ambiguous	gvpj	nat_83028a3e0826e61bf382	0.39166666666666666	0.7788461538461539	0.7	gvpa	0.375	0.016666666666666663
gen_96	72b26b2ffc8d2a7149249afa7dc20e22a443d47dec8d611eff153b49595a86b3	304	fail			0.0	gvpn	433.6	gvpg	1.8	431.8	0.7604166666666666	0.9671052631578947	other_gvp	competitive_gvpn_support;competitive_sequence_agreement			other_gvp	gvpn	nat_05cf56205d19f7127aeb	0.7810457516339869	0.993421052631579	0.9803921568627451			
gen_97	3f02dc6c8079ab879d33cf779684dacfbeb8fc08a7785b3152b058533ec3672d	136	pass	54.4	54.9	1.0	gvpa	128.1	gvpj	48.4	79.69999999999999	0.7837837837837838	0.7132352941176471	supported_gvpa	pf00741_and_competitive_gvpa_support;competitive_sequence_agreement	128.1	48.4	supported_gvpa	gvpa	nat_0ccad4d436403131ae6a	0.6470588235294118	0.875	0.9037037037037037			
gen_98	d46964cfc9a0c98f97da4b2025c7fc2fdcba59f16fddbe200da46f62ea7f4444	104	fail			0.0	gvpk	100.2	gvpv	5.1	95.10000000000001	0.956989247311828	0.875	other_gvp	competitive_gvpk_support;competitive_sequence_agreement	1.2		other_gvp	gvpk	nat_b363302af55ca0deaf4a	0.7307692307692307	0.9711538461538461	0.9901960784313726			
gen_99	92e2099f5ddd38bde8a72f5dca0cdaf1d35a8a1709c4607658d2bc6604f7cda5	114	fail			0.0	gvpk	108.0	gvpv	6.3	101.7	0.978494623655914	0.8157894736842105	other_gvp	competitive_gvpk_support;competitive_sequence_agreement		0.5	other_gvp	gvpk	nat_4d6fdbbe43a6a597d4b4	0.8508771929824561	1.0	1.0			
gen_100	701d19506a8a639ec2a04813ad025a0c08e0c5a538c6fa626a0ed4a937f8d2b8	110	fail			0.0	gvpk	118.9	gvpl	1.5	117.4	0.946236559139785	0.7909090909090909	other_gvp	competitive_gvpk_support;competitive_sequence_agreement			other_gvp	gvpk	nat_f5417bd74b0ff41e1cb0	0.45454545454545453	0.7	0.7636363636363637			
gen_101	49ac9fd281a42125975867fbda39e20285b147dedd7004bf8553da1ca6b8c9c8	71	pass	59.3	59.8	1.0	gvpa	126.0	gvpj	52.1	73.9	0.6306306306306306	0.9859154929577465	supported_gvpa	pf00741_and_competitive_gvpa_support;competitive_sequence_agreement	126.0	52.1	supported_gvpa	gvpa	nat_2708b2500f3eefced6c0	0.7464788732394366	0.8028169014084507	0.8260869565217391	gvpj	0.65	0.0964788732394366
gen_102	e0348de7449c6ac43d82ede5ded9ace6e66a605a63e394e017bbf17af3d469e0	119	pass	45.0	45.4	0.9487179487179487			gvpj	66.8		0.0	0.0	unsupported	no_qualified_subfamily_hit	43.7	66.8	unsupported								
gen_103	6deb0a16d02f5845cfdf0ac1366ad2ede28dbbfcadeeb9de2c13e5be3bfaa86e	98	fail			0.0	gvpk	115.0	gvpl	1.7	113.3	0.956989247311828	0.8979591836734694	other_gvp	competitive_gvpk_support;competitive_sequence_agreement		0.1	other_gvp	gvpk	nat_2be49069dec87643c3e5	0.7572815533980582	0.9285714285714286	0.883495145631068			
gen_104	b7099e4e6d9da341bb9200938a1a10c0c9c66e33619da0f09b1fcb9e4008c7e4	74	fail	35.6	36.1	0.6923076923076923			gvpj	20.8		0.0	0.0	unsupported	no_qualified_subfamily_hit	6.7	20.8	unsupported	gvpj	nat_d9e2c3510c30c0589662	0.44594594594594594	0.7027027027027027	0.8			
gen_105	27cc297502b709496da235fbaf2f19c397a3abbf73e76cd65398db3a5ce69857	341	fail			0.0	gvpn	346.5	gvpk	0.4	346.1	0.6848958333333334	0.8152492668621701	other_gvp	competitive_gvpn_support;competitive_sequence_agreement			other_gvp	gvpn	nat_d23e6b0adfb19eead32f	0.8533724340175953	1.0	1.0			
gen_106	1cf47f97f9c4489480f128a5c9d1df335a16635d1b4a96d377e4fc6b93746806	101	fail			0.0	gvpk	118.3	gvpl	1.9	116.39999999999999	0.9354838709677419	0.8514851485148515	unsupported	competitive_gvpk_support;insufficient_covered_reference_similarity			other_gvp								
gen_107	9f979991382730941ed600e5c5d8b0a3ef8418a6628f1e0555e770218a832879	98	fail			0.0	gvpk	115.1	gvpl	3.9	111.19999999999999	0.946236559139785	0.8877551020408163	other_gvp	competitive_gvpk_support;competitive_sequence_agreement			other_gvp	gvpk	nat_63271297f6b3d9d8c243	0.5918367346938775	0.7244897959183674	0.8160919540229885			
gen_108	88ae373ef777034d6e853ed8142606dfe3c1968749499e2f6fc6dc6b2b45961e	103	fail			0.0	gvpk	113.8	gvpv	0.9	112.89999999999999	0.9354838709677419	0.8349514563106796	other_gvp	competitive_gvpk_support;competitive_sequence_agreement			other_gvp	gvpk	nat_675665fb4942fba8ca99	0.6213592233009708	0.8446601941747572	0.8235294117647058			
gen_109	c3a0cc07e5d2c749f19466ed5d42a6c41ff582ac87094ee9015cafd6b8ba183f	86	pass	53.1	53.5	1.0	gvpa	124.2	gvpj	49.6	74.6	0.7207207207207207	0.9302325581395349	gvpa_gvpj_ambiguous	pf00741_and_competitive_gvpa_support;insufficient_sequence_competitive_margin	124.2	49.6	supported_gvpa	gvpa	nat_243a30af717d5651d5fa	0.8045977011494253	1.0	1.0	gvpj	0.7906976744186046	0.013900026730820692
gen_110	bec0437e703c4b677ce89a9072d97a7213074a6928d35bb7c16a3ec56e39f5fb	93	fail			0.0	gvpk	117.7	gvpl	1.5	116.2	0.956989247311828	0.946236559139785	other_gvp	competitive_gvpk_support;competitive_sequence_agreement			other_gvp	gvpk	nat_4c1ba5fd81745b4e47ab	0.7956989247311828	0.989247311827957	0.978494623655914			
gen_111	c350d673cbfc00397ae3db6cddf7d27a0d1092ebd4daaff660e3ed7dbcca39e4	110	fail			0.0	gvpk	110.1	gvpv	1.7	108.39999999999999	0.956989247311828	0.8	unsupported	competitive_gvpk_support;insufficient_covered_reference_similarity			other_gvp								
gen_112	318a1427672d45592d84227275db101dcb11cf898e57bb1c575bb6542397d12d	106	fail			0.0	gvpk	117.1	gvpl	0.8	116.3	0.967741935483871	0.839622641509434	other_gvp	competitive_gvpk_support;competitive_sequence_agreement			other_gvp	gvpk	nat_2730dab12de0ce3ce325	0.5566037735849056	0.7075471698113207	0.8152173913043478			
gen_113	198b33b35063466e770e397b993aea6ff7c2d4e5022d3a10edffb83c12650e80	301	fail			0.0			gvpn	72.7		0.0	0.0	unsupported	no_qualified_subfamily_hit			unsupported	gvpn	nat_3d56a8d57b96c9cc2c26	0.30844155844155846	0.867109634551495	0.8441558441558441			
gen_114	61944fb9a501c8aa2d7332c5fb401d0c40a31c639055d564109758633fd8b323	444	fail			0.0	gvpn	446.3				0.7890625	0.668918918918919	other_gvp	competitive_gvpn_support;no_reportable_runner_up;competitive_sequence_agreement			other_gvp	gvpn	nat_6f418e83201670537daa	0.7260869565217392	0.9572072072072072	0.9347826086956522			
gen_115	59587ac49307469fbbe2e14edbba48a6c1f3427db361054022c664b3e4b630c5	127	pass	45.5	46.0	0.9743589743589743			gvpa	90.5		0.0	0.0	unsupported	no_qualified_subfamily_hit	90.5	46.4	unsupported	gvpj	nat_6ff1830293724c205a70	0.47244094488188976	0.8267716535433071	0.9292035398230089			
gen_116	4d8e004220bed7be5455b70b12c80f9ae940f00debe5ff9c751cf6146dfd909e	100	fail			0.0	gvpk	83.7	gvpl	1.3	82.4	0.8924731182795699	0.94	unsupported	competitive_gvpk_support;insufficient_covered_reference_similarity			other_gvp								
gen_117	7799434810add84b0a34a040b9320a622a671c6d4145852f363bc3db30bd2fc2	103	fail	3.4	0.7	0.20512820512820512	gvpk	98.7	gvpv	5.8	92.9	0.956989247311828	0.883495145631068	other_gvp	competitive_gvpk_support;competitive_sequence_agreement	0.6		other_gvp	gvpk	nat_25c8b136d03361e120af	0.7184466019417476	1.0	1.0			
gen_118	3c2beb7a07441e7bb4215a56e0a54445e3b541ce62e48ab3503612b10644622a	156	pass	43.1	43.5	1.0	gvpa	109.1	gvpj	40.8	68.3	0.7567567567567568	0.6666666666666666	supported_gvpa	pf00741_and_competitive_gvpa_support;competitive_sequence_agreement	109.1	40.8	supported_gvpa	gvpa	nat_219e1145c7c5f874f9d7	0.7307692307692307	0.7371794871794872	0.7467532467532467			
gen_119	8a53c2d1abef9986cec0022f3d39d0c7178ae448a352da2978cb2359aaf76298	337	fail			0.0			gvpl	43.5		0.0	0.0	unsupported	no_qualified_subfamily_hit			unsupported								
gen_120	c922315689b9f1f16b457b7b22f5fcdd8b90c826c9a9a8cbcbc77ce49accfc34	347	fail			0.0			gvpn	63.2		0.0	0.0	unsupported	no_qualified_subfamily_hit	0.7		unsupported	gvpn	nat_176746ff62efe3e4c3e2	0.2420749279538905	0.729106628242075	0.8355263157894737			
gen_121	e631630ef7d9d4ff28dcab360adbde22a1de83dbdc3268a390a8ed82959d0e1c	114	fail			0.0	gvpk	124.8	gvpl	5.3	119.5	0.9247311827956989	0.7456140350877193	other_gvp	competitive_gvpk_support;competitive_sequence_agreement			other_gvp	gvpk	nat_d8c8fefe6de77c17cf0b	0.5478260869565217	0.8157894736842105	0.808695652173913			
gen_122	db7aa87e6e319502c8b4fb454dd784feeb2dc000adaf55e29e4c93896830176c	92	fail			0.0	gvpk	125.2	gvpv	0.8	124.4	0.956989247311828	0.9565217391304348	other_gvp	competitive_gvpk_support;competitive_sequence_agreement			other_gvp	gvpk	nat_4c1ba5fd81745b4e47ab	0.6666666666666666	0.8260869565217391	0.8172043010752689			
gen_123	5aa7b97fd94e07d249adbcf8b6ab7b5f09758eae99c20c6ec0c7b7c065cb98d4	120	pass	50.5	51.1	1.0	gvpa	121.0	gvpj	52.6	68.4	0.7747747747747747	0.7833333333333333	unsupported	pf00741_and_competitive_gvpa_support;insufficient_covered_reference_similarity	121.0	52.6	supported_gvpa								
gen_124	2efa0ecd9443631275dc927f785816451e5e98f07243bfbf9628607754bd38a5	282	fail			0.0	gvpl	90.7				0.875886524822695	0.8829787234042553	unsupported	competitive_gvpl_support;no_reportable_runner_up;insufficient_covered_reference_similarity			other_gvp								
gen_125	e95b6336c1f672ef728484a444495a0061ae8f9df7810d1228f740fc3b0e3114	114	fail			0.0	gvpk	105.3	gvpv	6.9	98.39999999999999	0.989247311827957	0.8245614035087719	other_gvp	competitive_gvpk_support;competitive_sequence_agreement		0.1	other_gvp	gvpk	nat_cc277418f009938ffb7b	0.8245614035087719	1.0	1.0			
gen_126	ea2576c55d188a2f4f08ada6b92eeaf316fd4647ccd5765c05f946b31c9013dc	92	fail			0.0	gvpk	118.5	gvpl	0.8	117.7	0.956989247311828	0.9565217391304348	other_gvp	competitive_gvpk_support;competitive_sequence_agreement			other_gvp	gvpk	nat_b94c6e496a778f2f3d21	0.6595744680851063	0.7934782608695652	0.776595744680851			
gen_127	ec27d551c4b863fe3e82b14cfdf78e3ab1d746a9340eebf2e2e0c365bbb9f14c	114	fail			0.0	gvpk	102.8	gvpv	6.3	96.5	0.978494623655914	0.8157894736842105	other_gvp	competitive_gvpk_support;competitive_sequence_agreement		0.7	other_gvp	gvpk	nat_cc277418f009938ffb7b	0.8157894736842105	1.0	1.0			
gen_128	99aff01d385e1e6f6a3193b72f0939a872e6d6c6d571adf22e885ed02bb6aa38	93	fail			0.0	gvpk	68.7	gvpv	0.5	68.2	0.7849462365591398	0.8279569892473119	other_gvp	competitive_gvpk_support;competitive_sequence_agreement			other_gvp	gvpk	nat_6e7e127e6aabd3c6f5a8	0.5161290322580645	0.8064516129032258	0.8571428571428571			
gen_129	e3a249df271fbc32f9c3af92427fdce5828e358b470f883ec1983107f9ae9b63	73	pass	54.8	55.1	0.9743589743589743			gvpj	54.5		0.0	0.0	unsupported	no_qualified_subfamily_hit	25.0	54.5	unsupported								
gen_130	eeea4d3dbb83c2b0968e9baf5026cca9424b15202770e2794cad11ca261885d3	120	fail			0.0			gvpk	69.2		0.0	0.0	unsupported	no_qualified_subfamily_hit			unsupported	gvpk	nat_f9fd8306d74bf30082b9	0.4	0.7083333333333334	0.8773584905660378			
gen_131	e23bbe19c6e7106877b692f65d456088d0d0de7e6a98f4821b7bc2f753af2a73	94	fail			0.0	gvpk	118.3	gvpv	0.5	117.8	0.946236559139785	0.925531914893617	other_gvp	competitive_gvpk_support;competitive_sequence_agreement			other_gvp	gvpk	nat_f34c21bef9d83be311ab	0.7340425531914894	0.8617021276595744	0.9204545454545454			
gen_132	eccb12f0a3b0afbc6e7d750fc0f4e5fa534698c1fe7a5f7fa36570a3a38a32d5	107	fail	2.6	1.2	0.20512820512820512	gvpk	102.7	gvpv	3.0	99.7	0.956989247311828	0.8504672897196262	other_gvp	competitive_gvpk_support;competitive_sequence_agreement	2.5		other_gvp	gvpk	nat_25c8b136d03361e120af	0.7009345794392523	0.9626168224299065	1.0			
gen_133	7c5bbba3a8dda13621cc9305c32d822469ea1b4548abc27a5f5a5a4078f964ac	106	fail			0.0	gvpk	120.9	gvpc	1.4	119.5	0.956989247311828	0.8301886792452831	other_gvp	competitive_gvpk_support;competitive_sequence_agreement			other_gvp	gvpk	nat_68a18df6d5d153ea5481	0.5849056603773585	0.7264150943396226	0.8461538461538461			
gen_134	733fa389fb6387e194179e0010073d94637f1a0b2bbb9bbeccdb3cd7d6a36a0b	107	fail			0.0	gvpk	117.8	gvpl	1.2	116.6	0.946236559139785	0.8130841121495327	other_gvp	competitive_gvpk_support;competitive_sequence_agreement			other_gvp	gvpk	nat_27a014e0508035f164ab	0.4766355140186916	0.7102803738317757	0.7959183673469388			
gen_135	0ed16e21128e8f7f7171025173da6220f9fde24946abbf88b063c3516dc82971	98	fail			0.0	gvpk	117.1	gvpj	0.9	116.19999999999999	0.9354838709677419	0.8775510204081632	other_gvp	competitive_gvpk_support;competitive_sequence_agreement		0.9	other_gvp	gvpk	nat_10a2bccfc68f5e531829	0.5102040816326531	0.8367346938775511	0.8367346938775511			
gen_136	5ebe007944bd43c0b720ed36c753b4fa6d1f14c81c1c06f2087dc2aed930360b	95	fail			0.0	gvpk	124.2	gvpl	0.5	123.7	0.956989247311828	0.9263157894736842	other_gvp	competitive_gvpk_support;competitive_sequence_agreement			other_gvp	gvpk	nat_ca24e4ec504822c5dfe9	0.6947368421052632	1.0	1.0			
gen_137	42ac25400ab49e7aa7ef342d80bb57c7ae87646a67d7c8c1cf2b15ee3a94fdd3	93	fail			0.0	gvpk	119.0	gvpl	2.5	116.5	0.946236559139785	0.9354838709677419	other_gvp	competitive_gvpk_support;competitive_sequence_agreement			other_gvp	gvpk	nat_84154a5781d07c8500ca	0.6702127659574468	0.8387096774193549	0.8297872340425532			
gen_138	c84401e75cff655e4d6135be9d95be445aba19ccc6ddb3d2aafdc5e3cb3bf2be	94	fail			0.0	gvpk	119.6	gvpl	1.3	118.3	0.956989247311828	0.9361702127659575	other_gvp	competitive_gvpk_support;competitive_sequence_agreement			other_gvp	gvpk	nat_b94c6e496a778f2f3d21	0.6808510638297872	0.8297872340425532	0.8297872340425532			
gen_139	3c653ad6ec7a936437660b7a0ea3a375539b688037806b8dde4d9e5f6be4b127	91	pass	47.3	47.8	0.9743589743589743			gvpj	41.4		0.0	0.0	unsupported	no_qualified_subfamily_hit	11.8	41.4	unsupported								
gen_140	2aa98b1d8de01d020411ba0eb5e73ad6680747cd7b6c4372aed3edec7db7bb16	97	fail			0.0	gvpk	113.6	gvpv	0.2	113.39999999999999	0.946236559139785	0.8969072164948454	other_gvp	competitive_gvpk_support;competitive_sequence_agreement			other_gvp	gvpk	nat_d78c925145ff9cdee9e2	0.7010309278350515	0.8144329896907216	0.8144329896907216			
gen_141	c66ce13dcae2e599dd2bcd7ae2caadebb62ab82bed141830046fd3169c7cd0a3	94	fail			0.0	gvpk	112.8	gvpl	0.8	112.0	0.8817204301075269	0.8617021276595744	other_gvp	competitive_gvpk_support;competitive_sequence_agreement			other_gvp	gvpk	nat_b94c6e496a778f2f3d21	0.7978723404255319	0.9468085106382979	0.925531914893617			
gen_142	dabb75a44f05370e0b03eaf59268bde79955dc4daa992802229a6cee1da4a949	87	pass	54.1	54.6	1.0	gvpa	110.8	gvpj	50.1	60.699999999999996	0.6396396396396397	0.8045977011494253	supported_gvpa	pf00741_and_competitive_gvpa_support;competitive_sequence_agreement	110.8	50.1	supported_gvpa	gvpa	nat_3dd2d389f45d6f0511d2	0.7204301075268817	0.9425287356321839	0.8817204301075269	gvpj	0.4827586206896552	0.23767148683722655
gen_143	99d5860f5338820fc343c1f24c5029c2c1e1e7be928cb50cec588b89af502ab8	112	fail			0.0	gvpk	114.7	gvpl	3.1	111.60000000000001	0.9354838709677419	0.7678571428571429	unsupported	competitive_gvpk_support;insufficient_covered_reference_similarity			other_gvp								
gen_144	a443990df46e52b44dee0f38a61e652ebeac646943c1bbd98a8c2d5e3e131383	99	fail			0.0	gvpk	114.4	gvpc	4.7	109.7	0.946236559139785	0.8787878787878788	other_gvp	competitive_gvpk_support;competitive_sequence_agreement			other_gvp	gvpk	nat_6e7e127e6aabd3c6f5a8	0.5353535353535354	0.7575757575757576	0.8241758241758241			
gen_145	22f1a507dab791ac24f1673260d9af3dab921fe9d5b96aafa216ec9689bb6fec	91	fail			0.0	gvpk	116.2	gvpv	0.9	115.3	0.9032258064516129	0.9120879120879121	other_gvp	competitive_gvpk_support;competitive_sequence_agreement			other_gvp	gvpk	nat_6e7e127e6aabd3c6f5a8	0.7692307692307693	0.967032967032967	0.9560439560439561			
gen_146	84af61813ade27f0e8f7867d1b7f37d69257e440b900294c3ee7448b96140181	307	fail			0.0			gvpa	0.5		0.0	0.0	unsupported	no_qualified_subfamily_hit	0.5		unsupported								
gen_147	4aee5e38ad19470edf7d881454966d1b0a83eedae18711cec3f1acfa2312c52f	97	fail			0.0	gvpk	114.6	gvpv	0.4	114.19999999999999	0.946236559139785	0.8969072164948454	other_gvp	competitive_gvpk_support;competitive_sequence_agreement			other_gvp	gvpk	nat_1e91833282be9f0bd4e2	0.6632653061224489	0.7525773195876289	0.7551020408163265			
gen_148	20d0daebd0302b2fa97215e48ccd9ddcedb6098ce3bf3a3a60cf2d894f42409b	76	fail	11.1	11.1	0.7948717948717948			gvpj	3.9		0.0	0.0	unsupported	no_qualified_subfamily_hit	3.2	3.9	unsupported								
gen_149	d12bd0b8dc813d766c189da0dfd481083421f23d47dfea90e137e6ebaa39f7c0	87	fail			0.0	gvpk	115.8	gvpl	1.1	114.7	0.9247311827956989	0.9770114942528736	other_gvp	competitive_gvpk_support;competitive_sequence_agreement			other_gvp	gvpk	nat_eb0256b251c333362463	0.6741573033707865	0.8160919540229885	0.797752808988764			
gen_150	321b830521911c82b906814b5c0f040587ae49627dce6aba858da394ba037adf	97	fail			0.0	gvpk	59.5	gvpc	1.4	58.1	0.8387096774193549	0.7938144329896907	unsupported	competitive_gvpk_support;insufficient_covered_reference_similarity			other_gvp								
gen_151	465bccc14ad1473d4be2461ff464553ef64b569e39c2a336f4202b0d4cab767b	92	fail			0.0	gvpk	118.5				0.956989247311828	0.9565217391304348	other_gvp	competitive_gvpk_support;no_reportable_runner_up;competitive_sequence_agreement			other_gvp	gvpk	nat_10a2bccfc68f5e531829	0.6836734693877551	0.8152173913043478	0.7653061224489796			
gen_152	aa62c79981cc1af1817fd4b3ac06b200db95ced4c58108ba1a3bd3eb751d0673	103	fail			0.0	gvpk	116.2	gvpl	2.3	113.9	0.946236559139785	0.8446601941747572	other_gvp	competitive_gvpk_support;competitive_sequence_agreement			other_gvp	gvpk	nat_a7c4b092d8efa9ce79d5	0.6116504854368932	0.8446601941747572	0.8446601941747572			
gen_153	a8f2c6d0d3fddcd7606167828a228aeacda52fd3cf2a7127228aab59bb8c0d09	107	fail			0.0	gvpk	113.5	gvpl	1.8	111.7	0.946236559139785	0.8130841121495327	unsupported	competitive_gvpk_support;insufficient_covered_reference_similarity			other_gvp								
gen_154	e427ae0d9c0acd7cf5f974618ec9ded7af5241650d07aff3e6e3ea0d43291388	121	fail			0.0	gvpk	111.5	gvpl	3.1	108.4	0.9139784946236559	0.6942148760330579	unsupported	competitive_gvpk_support;insufficient_covered_reference_similarity			other_gvp								
gen_155	220cb31980a2c7189d42ad4a63d3d1cb1518f25412902cc1b5df8a0e76ca04aa	98	fail			0.0	gvpk	113.4	gvpl	0.3	113.10000000000001	0.9354838709677419	0.8775510204081632	other_gvp	competitive_gvpk_support;competitive_sequence_agreement			other_gvp	gvpk	nat_6a2caa9d644a05b1fa76	0.6122448979591837	0.8367346938775511	0.8297872340425532			
gen_156	9e3e6aa2a28e241cf3766f541baa7869c8dd923779b84cc0e6acedaa678477a2	93	fail			0.0	gvpk	119.2	gvpl	2.8	116.4	0.956989247311828	0.946236559139785	other_gvp	competitive_gvpk_support;competitive_sequence_agreement			other_gvp	gvpk	nat_2730dab12de0ce3ce325	0.8387096774193549	0.989247311827957	1.0			
gen_157	7173650da04e473f4b420c1860e3cc7468c2af3ec5bd7e7f4b4be91fae858ea3	104	fail			0.0	gvpk	101.6	gvpg	2.6	99.0	0.956989247311828	0.875	other_gvp	competitive_gvpk_support;competitive_sequence_agreement	1.7		other_gvp	gvpk	nat_25c8b136d03361e120af	0.6826923076923077	0.9903846153846154	1.0			
gen_158	047334ed49610f1f90c67035107f9941cc2c449e9a36dc97a35950577a8ba2b7	115	fail			0.0	gvpk	115.8	gvpl	2.7	113.1	0.946236559139785	0.7565217391304347	other_gvp	competitive_gvpk_support;competitive_sequence_agreement			other_gvp	gvpk	nat_829e22f860a4267265e7	0.6	0.8869565217391304	0.8495575221238938			
gen_159	b535b15a900ee2d3d386f08a89a46e635fad1e24bd39c39fa7856807a48768b9	114	fail			0.0	gvpk	117.1	gvpl	4.1	113.0	0.956989247311828	0.7719298245614035	other_gvp	competitive_gvpk_support;competitive_sequence_agreement			other_gvp	gvpk	nat_f5417bd74b0ff41e1cb0	0.5614035087719298	0.7280701754385965	0.7181818181818181			
gen_160	3bef8190854a3d86b6bd708e3e8004d880d03d929c9fab1013e0914ff9e5d358	90	fail			0.0	gvpk	115.9	gvpl	2.2	113.7	0.9247311827956989	0.9444444444444444	other_gvp	competitive_gvpk_support;competitive_sequence_agreement			other_gvp	gvpk	nat_f34c21bef9d83be311ab	0.7888888888888889	0.9333333333333333	0.9545454545454546			
gen_161	954a68473c983dea8cac9b4b1c2f5ca3c8f73366fcff9464825a0b240545c821	70	pass	60.1	60.4	1.0			gvpa	125.9		0.0	0.0	unsupported	no_qualified_subfamily_hit	125.9	56.7	unsupported	gvpa	nat_f6a10f9036e40524b807	0.8243243243243243	1.0	0.9459459459459459	gvpj	0.8108108108108109	0.013513513513513487
gen_162	0de301e0833407f2fefdbf22d1a66dba63042a6f7ccfc1976d1c9bf95f05c297	92	fail			0.0	gvpk	119.9	gvpv	0.4	119.5	0.956989247311828	0.9565217391304348	other_gvp	competitive_gvpk_support;competitive_sequence_agreement			other_gvp	gvpk	nat_10a2bccfc68f5e531829	0.7040816326530612	0.8043478260869565	0.7551020408163265			
gen_163	60a70ff23af2020f4395137207344e3f5aa0818351efd200f6ad63911c022360	96	fail			0.0	gvpk	123.9	gvpc	0.4	123.5	0.946236559139785	0.90625	other_gvp	competitive_gvpk_support;competitive_sequence_agreement			other_gvp	gvpk	nat_b873f3b22ce8ca984966	0.8350515463917526	1.0	0.9896907216494846			
gen_164	7950b8856796ee3157a6a7106cb006b2b70539f3b261c3810d0d4a897fe656f0	97	fail			0.0	gvpk	118.9	gvpl	1.0	117.9	0.9354838709677419	0.8865979381443299	other_gvp	competitive_gvpk_support;competitive_sequence_agreement			other_gvp	gvpk	nat_f5417bd74b0ff41e1cb0	0.5545454545454546	0.7938144329896907	0.7			
gen_165	f15cbf89338bf8a96dc2060efec833a607f6d8806b20daec3df2e35b10febcd1	91	fail			0.0	gvpk	96.6	gvpl	1.5	95.1	0.9247311827956989	0.9560439560439561	other_gvp	competitive_gvpk_support;competitive_sequence_agreement			other_gvp	gvpk	nat_2730dab12de0ce3ce325	0.6847826086956522	1.0	0.9782608695652174			
gen_166	11237e519b6578831b50b8bdd9a9070a6f5828ef2ef24eb7de04533db7d6a779	98	fail			0.0	gvpk	112.3	gvpv	1.1	111.2	0.9032258064516129	0.8469387755102041	other_gvp	competitive_gvpk_support;competitive_sequence_agreement			other_gvp	gvpk	nat_af3d459664f55329d87d	0.6428571428571429	0.9693877551020408	0.979381443298969			
gen_167	95251bb66b8bc23b9a2af2a5f80bda99cf7fec7ba4da5e6b361127b460f0599c	512	fail			0.0			gvpl	0.2		0.0	0.0	unsupported	no_qualified_subfamily_hit			unsupported								
gen_168	b03128b647bfe17064f1cadb43b326b3d5ae7e1aefbca15a653238612a399aa5	305	fail			0.0	gvpn	465.2				0.7734375	0.9737704918032787	other_gvp	competitive_gvpn_support;no_reportable_runner_up;competitive_sequence_agreement			other_gvp	gvpn	nat_05cf56205d19f7127aeb	0.8104575163398693	0.9967213114754099	0.9934640522875817			
gen_169	a68d7f37bae0ddd83623579871e6ff74d7b3fb7f4a80d1c87552dfec77b8d1dd	119	fail			0.0	gvpk	116.1	gvpl	1.0	115.1	0.956989247311828	0.7394957983193278	other_gvp	competitive_gvpk_support;competitive_sequence_agreement			other_gvp	gvpk	nat_6ab76c5d4defe2738feb	0.5126050420168067	0.8319327731092437	0.8482142857142857			
gen_170	9ee9abdef5de8cab02eab327d692c9af60289501247dd91587a597f6929dca1b	103	fail			0.0	gvpk	116.2	gvpv	0.5	115.7	0.9032258064516129	0.8058252427184466	unsupported	competitive_gvpk_support;insufficient_covered_reference_similarity			other_gvp								
gen_171	46214cb1ceb392040467b3f3402978b00717c90b22a5305c52598e65f802cb5a	92	fail			0.0	gvpk	116.1	gvpl	0.3	115.8	0.967741935483871	0.967391304347826	other_gvp	competitive_gvpk_support;competitive_sequence_agreement			other_gvp	gvpk	nat_b94c6e496a778f2f3d21	0.6808510638297872	0.8260869565217391	0.8297872340425532			
gen_172	8017376ea51a73f89d6e4a75aa08bc46ba35a6610268e33ed62c9e062c2fbc12	304	fail			0.0	gvpn	462.9	gvpv	2.2	460.7	0.7682291666666666	0.9703947368421053	other_gvp	competitive_gvpn_support;competitive_sequence_agreement			other_gvp	gvpn	nat_d1c703b7dbcfc689dee9	0.7927631578947368	0.9407894736842105	0.9407894736842105			
gen_173	f0dc38d0921f9a854963539265ae753b1a19030a5713790133287e8e0392a471	86	pass	55.9	56.3	1.0	gvpa	134.5	gvpj	54.1	80.4	0.7387387387387387	0.9534883720930233	gvpa_gvpj_ambiguous	pf00741_and_competitive_gvpa_support;profile_sequence_family_conflict	134.5	54.1	supported_gvpa	gvpj	nat_69fb8c8dffa72eb18b9b	0.8953488372093024	1.0	1.0	gvpa	0.8837209302325582	0.011627906976744207
gen_174	5e67c1d5064b7a45ab6d6e2722f499870e59e04ca40d3e0acf764ddb77266c98	96	fail			0.0	gvpk	115.3	gvpl	2.8	112.5	0.956989247311828	0.9166666666666666	unsupported	competitive_gvpk_support;insufficient_covered_reference_similarity			other_gvp								
gen_175	983fdcee369e9fa813e186940f01e4d7c1e883b69c1c0809f1ca66cb03d4e43a	101	fail			0.0	gvpk	106.1	gvpl	2.3	103.8	0.956989247311828	0.8712871287128713	unsupported	competitive_gvpk_support;insufficient_covered_reference_similarity			other_gvp								
gen_176	1b001077f1e7c653af8ceda5fbdf658ad63bdf0f6affe1b14c8048e68a00f243	92	fail			0.0	gvpk	119.7	gvpl	1.5	118.2	0.956989247311828	0.9565217391304348	other_gvp	competitive_gvpk_support;competitive_sequence_agreement			other_gvp	gvpk	nat_2730dab12de0ce3ce325	0.6739130434782609	0.8260869565217391	0.8369565217391305			
gen_177	71fce4e3fc655d7f40d6db8682cc08d69a5d5a1963b601c209a3dab0fab8a73a	125	fail			0.0			gvpk	75.1		0.0	0.0	unsupported	no_qualified_subfamily_hit		3.4	unsupported								
gen_178	bb6552b1b4a46704b21545fe606ea84818f64b2b84e997dd8d86f4a7cc4a5283	104	fail			0.0	gvpk	104.6	gvpl	0.3	104.3	0.946236559139785	0.8653846153846154	unsupported	competitive_gvpk_support;insufficient_covered_reference_similarity			other_gvp								
gen_179	aa8dd3910519cb2b31ba0f322e84ed5d815de7531607f22a7b0fe3beec931cbc	87	pass	54.8	54.8	1.0	gvpa	124.2	gvpj	53.2	71.0	0.6396396396396397	0.8160919540229885	supported_gvpa	pf00741_and_competitive_gvpa_support;competitive_sequence_agreement	124.2	53.2	supported_gvpa	gvpa	nat_a456b71634370e28c157	0.896551724137931	1.0	1.0	gvpj	0.7586206896551724	0.13793103448275867
gen_180	b04edb02ed9b39f704e9172faff37d71f87c18e243f5da6de3a2589698bf6930	93	fail			0.0	gvpk	118.6	gvpl	4.3	114.3	0.946236559139785	0.9354838709677419	unsupported	competitive_gvpk_support;insufficient_covered_reference_similarity			other_gvp								
gen_181	67d17fadabc25c01a50a287e058e8b5eb6e2883dd0e07d548af27949527226a9	106	fail			0.0	gvpk	116.8	gvpg	2.2	114.6	0.946236559139785	0.8207547169811321	unsupported	competitive_gvpk_support;insufficient_covered_reference_similarity			other_gvp								
gen_182	604f82b6f360c22132d1f642c7ca95a08a22bd9de06203deb84651863fcdfe21	113	fail			0.0	gvpk	121.0	gvpl	1.7	119.3	0.956989247311828	0.7787610619469026	other_gvp	competitive_gvpk_support;competitive_sequence_agreement		0.1	other_gvp	gvpk	nat_2288f0ab5a9d37a453af	0.5663716814159292	0.7699115044247787	0.8285714285714286			
gen_183	6475f45566f6cba02bbf6690e80a043fdd1c6cfc4d05580b82b95c79cfd2ec33	97	fail			0.0	gvpk	119.6	gvpv	1.4	118.19999999999999	0.946236559139785	0.8969072164948454	other_gvp	competitive_gvpk_support;competitive_sequence_agreement			other_gvp	gvpk	nat_75a89740ad2cb7445378	0.5670103092783505	0.7731958762886598	0.7731958762886598			
gen_184	dd599ec80d9dac5b35c18501e8ad918bbcc8a33ac12b919c6f22e8ce0a36d3c7	112	fail			0.0	gvpk	117.0	gvpl	1.6	115.4	0.946236559139785	0.7767857142857143	unsupported	competitive_gvpk_support;insufficient_covered_reference_similarity			other_gvp								
gen_185	d33349584d45607fe7a8bce163c11a9775ebf760cadbad42c8bec17aad3692dd	299	fail			0.0	gvpl	102.4	gvpv	2.3	100.10000000000001	0.9219858156028369	0.9531772575250836	unsupported	competitive_gvpl_support;insufficient_covered_reference_similarity			other_gvp								
gen_186	98340fd5364b26d08f22482132397c9c9c6a12ba33f0b8ce00ae3a7885c63c60	395	fail			0.0	gvpn	452.8				0.9244791666666666	0.9063291139240506	other_gvp	competitive_gvpn_support;no_reportable_runner_up;competitive_sequence_agreement			other_gvp	gvpn	nat_d1bff6ecbca72522c636	0.7316455696202532	0.8430379746835444	0.9098360655737705			
gen_187	e87fb29d0cf11cf11a3049f95fdcddf38b24823f5d8871e46e834545611d5671	490	fail			0.0	gvpn	441.9				0.7890625	0.6061224489795919	unsupported	competitive_gvpn_support;no_reportable_runner_up;insufficient_covered_reference_similarity			other_gvp								
gen_188	ec3b7363daea9db40cc33ebdc21455ab57dbd9383402c330e3ecaeab346d0e3d	482	fail			0.0	gvpn	468.8				0.7916666666666666	0.6265560165975104	other_gvp	competitive_gvpn_support;no_reportable_runner_up;competitive_sequence_agreement			other_gvp	gvpn	nat_59bcd37fbc5cf35ab3cc	0.5435684647302904	0.7406639004149378	0.8321513002364066			
gen_189	40969a0ad37fc9ea53a560620f9c14f5c0ce7502cdd36b90f9f625be5dc22bb8	77	pass	50.4	50.8	0.8974358974358975			gvpj	49.3		0.0	0.0	unsupported	no_qualified_subfamily_hit	26.7	49.3	unsupported								
gen_190	e9a407cf454d02621ee9db89102488dfaa15623d5ca5ee75a50c040c81d1d7af	97	fail			0.0	gvpk	123.4				0.946236559139785	0.8969072164948454	other_gvp	competitive_gvpk_support;no_reportable_runner_up;competitive_sequence_agreement			other_gvp	gvpk	nat_b873f3b22ce8ca984966	0.8247422680412371	0.9175257731958762	0.9175257731958762			
gen_191	ac027de15c3850b1e8265286583bd5b9d577d5cb104fc5799a994eb6f679a876	84	fail			0.0	gvpg	132.5	gvpl	2.0	130.5	1.0	1.0	unsupported	competitive_gvpg_support;profile_sequence_family_conflict			other_gvp	gvpf	nat_b7b637f34ee70e87224a	0.7857142857142857	1.0	1.0	gvpg	0.7619047619047619	0.023809523809523836
gen_192	4a5bf5e572222b4265e85b8ec480f6c0a819a6f365190c80d10dfbd3ec42879e	90	fail			0.0	gvpk	98.9	gvpl	2.6	96.30000000000001	0.7741935483870968	0.8	other_gvp	competitive_gvpk_support;competitive_sequence_agreement			other_gvp	gvpk	nat_f34c21bef9d83be311ab	0.6333333333333333	0.7222222222222222	0.7386363636363636			
gen_193	9a062eaa6ebc042f02b1f488c4a80be64dfe3006bfda78b653a64ad4003f5c26	104	fail			0.0	gvpk	32.4	gvpv	4.1	28.299999999999997	0.8172043010752689	0.7403846153846154	unsupported	competitive_gvpk_support;insufficient_covered_reference_similarity	1.2	0.2	other_gvp								
gen_194	64629589847edead39b7c49b15f34976588c6f68744f8bab2c4eef92f7b4f3bb	99	pass	56.8	57.3	1.0	gvpa	111.3	gvpj	47.8	63.5	0.6846846846846847	0.7575757575757576	supported_gvpa	pf00741_and_competitive_gvpa_support;competitive_sequence_agreement	111.3	47.8	supported_gvpa	gvpa	nat_461115b7000bfd74f566	0.5959595959595959	0.7070707070707071	0.75			
gen_195	9111e1aaed606becf0bb492ee1472d5e46a6598efcb151f13097779f01c68617	84	fail			0.0	gvpg	130.3	gvpv	1.1	129.20000000000002	1.0	1.0	unsupported	competitive_gvpg_support;profile_sequence_family_conflict	0.3		other_gvp	gvpf	nat_45a9e22305a1b46f68f2	0.8690476190476191	1.0	1.0	gvpg	0.7023809523809523	0.16666666666666674
gen_196	d4f25c3edacf2162af80b1c516bff7d50e9b4459d322342540a53e5eb6b05596	91	fail			0.0	gvpk	117.5	gvpl	2.4	115.1	0.978494623655914	0.989010989010989	other_gvp	competitive_gvpk_support;competitive_sequence_agreement			other_gvp	gvpk	nat_63271297f6b3d9d8c243	0.6483516483516484	0.7582417582417582	0.7931034482758621			
gen_197	0d82c7a6bca1dc09ae842ae3d8def0ace7f007211a504d9e7e2ac39aeec0a186	97	fail			0.0	gvpk	115.7	gvpv	0.8	114.9	0.9354838709677419	0.8865979381443299	other_gvp	competitive_gvpk_support;competitive_sequence_agreement			other_gvp	gvpk	nat_63fdb44f0206ff540bb1	0.6288659793814433	0.979381443298969	0.9895833333333334			
gen_198	eec3a0453f9cefea603bb5ea39ed15f7bbd3b7078c9fcae37312f03d178a8a95	93	fail			0.0	gvpk	114.3	gvpl	1.9	112.39999999999999	0.967741935483871	0.956989247311828	other_gvp	competitive_gvpk_support;competitive_sequence_agreement			other_gvp	gvpk	nat_2730dab12de0ce3ce325	0.6236559139784946	0.8279569892473119	0.8369565217391305			
gen_199	bf23cc86bdc8f271d3ae31af403d271f48f56c920a80f74b70280d91067c2d3a	120	pass	59.3	59.7	1.0	gvpj	137.3	gvpa	46.5	90.80000000000001	0.6503496503496503	0.7916666666666666	unsupported	competitive_gvpj_support;insufficient_covered_reference_similarity	46.5	137.3	other_gvp								
