reference_id	source_path	source_id	source_header	sequence_sha256	length	accepted	unique_representative	status
nat_49cef355c6ba3187ae5c	data/processed/gv02_03_v2/member_b_handoff/gvpa_training_eligible.fasta	nat_49cef355c6ba3187ae5c	nat_49cef355c6ba3187ae5c	49cef355c6ba3187ae5c9104097887f71b46d34a1bb4fd051de140f31dbffc07	76	True	True	prevalidated_reference_input
nat_766d45336d56f5b42f24	data/processed/gv02_03_v2/member_b_handoff/gvpa_training_eligible.fasta	nat_766d45336d56f5b42f24	nat_766d45336d56f5b42f24	766d45336d56f5b42f24327e8017dcef111a6d0d9ef09d065ff599ed28c3610e	79	True	True	prevalidated_reference_input
nat_39696a92cfeac6f208a2	data/processed/gv02_03_v2/member_b_handoff/gvpa_training_eligible.fasta	nat_39696a92cfeac6f208a2	nat_39696a92cfeac6f208a2	39696a92cfeac6f208a255a5ec1c7cae2a4ce2a68c1bd57acb083ca27b8585bb	78	True	True	prevalidated_reference_input
nat_bf0dfc6c51956e5d54f7	data/processed/gv02_03_v2/member_b_handoff/gvpa_training_eligible.fasta	nat_bf0dfc6c51956e5d54f7	nat_bf0dfc6c51956e5d54f7	bf0dfc6c51956e5d54f7904eabcfda2aca05adff69b9fb1a544c2635718dc258	78	True	True	prevalidated_reference_input
nat_278c7a3fd12af0319695	data/processed/gv02_03_v2/member_b_handoff/gvpa_training_eligible.fasta	nat_278c7a3fd12af0319695	nat_278c7a3fd12af0319695	278c7a3fd12af0319695fae40d23ee8f76abf60d19c5e52b3b9dab1e368567ba	71	True	True	prevalidated_reference_input
nat_5bc7120641a4b206dec6	data/processed/gv02_03_v2/member_b_handoff/gvpa_training_eligible.fasta	nat_5bc7120641a4b206dec6	nat_5bc7120641a4b206dec6	5bc7120641a4b206dec615e69a9573322282b0869275b3db5d6e281c748b2aff	72	True	True	prevalidated_reference_input
nat_61a382d08777524701b3	data/processed/gv02_03_v2/member_b_handoff/gvpa_training_eligible.fasta	nat_61a382d08777524701b3	nat_61a382d08777524701b3	61a382d08777524701b3b127d54c55544b762da256e18e1289de6de3ef39b838	72	True	True	prevalidated_reference_input
nat_a1131689eff9ccc2bc1c	data/processed/gv02_03_v2/member_b_handoff/gvpa_training_eligible.fasta	nat_a1131689eff9ccc2bc1c	nat_a1131689eff9ccc2bc1c	a1131689eff9ccc2bc1cb9c6417b27251120988628db25efce7ae158aaecf416	70	True	True	prevalidated_reference_input
nat_eccab6536bed142192aa	data/processed/gv02_03_v2/member_b_handoff/gvpa_training_eligible.fasta	nat_eccab6536bed142192aa	nat_eccab6536bed142192aa	eccab6536bed142192aa8ae35f75a35f64e1e978ec751eee4b6251731c6ee4f8	70	True	True	prevalidated_reference_input
nat_a36a3359d46f89a3e9c6	data/processed/gv02_03_v2/member_b_handoff/gvpa_training_eligible.fasta	nat_a36a3359d46f89a3e9c6	nat_a36a3359d46f89a3e9c6	a36a3359d46f89a3e9c6d339b24da5b9e7b56e875526568f984c4d9d61c9bfca	93	True	True	prevalidated_reference_input
nat_49d3875a5ef4bbb644f9	data/processed/gv02_03_v2/member_b_handoff/gvpa_training_eligible.fasta	nat_49d3875a5ef4bbb644f9	nat_49d3875a5ef4bbb644f9	49d3875a5ef4bbb644f930139f267d2cc4e3bdfbfd30dde28aab18149bc1f254	95	True	True	prevalidated_reference_input
nat_1e070d0d2387bb202235	data/processed/gv02_03_v2/member_b_handoff/gvpa_training_eligible.fasta	nat_1e070d0d2387bb202235	nat_1e070d0d2387bb202235	1e070d0d2387bb202235dd365948f4b25f48059ea4c98d3578571e9cd7eb12bb	75	True	True	prevalidated_reference_input
nat_38cb7bda240a833d36b3	data/processed/gv02_03_v2/member_b_handoff/gvpa_training_eligible.fasta	nat_38cb7bda240a833d36b3	nat_38cb7bda240a833d36b3	38cb7bda240a833d36b384add457f6a14c4bac92c8bfa58639724187005025d1	95	True	True	prevalidated_reference_input
nat_8f3e753527c876cd94f0	data/processed/gv02_03_v2/member_b_handoff/gvpa_training_eligible.fasta	nat_8f3e753527c876cd94f0	nat_8f3e753527c876cd94f0	8f3e753527c876cd94f0f40735a536faf3fc90a3524a79b993b998a48495383b	95	True	True	prevalidated_reference_input
nat_144165ea4d3ea8a64b2e	data/processed/gv02_03_v2/member_b_handoff/gvpa_training_eligible.fasta	nat_144165ea4d3ea8a64b2e	nat_144165ea4d3ea8a64b2e	144165ea4d3ea8a64b2e97fd557e53d485b05e168aefc547e39ea8dc8fed59dd	95	True	True	prevalidated_reference_input
nat_d5c2d4101839c4dee9b6	data/processed/gv02_03_v2/member_b_handoff/gvpa_training_eligible.fasta	nat_d5c2d4101839c4dee9b6	nat_d5c2d4101839c4dee9b6	d5c2d4101839c4dee9b608bbafd0bb712b3bb5cc8e8bb373c074eb48f72d3a9b	86	True	True	prevalidated_reference_input
nat_13dff233b6dfd04cb79c	data/processed/gv02_03_v2/member_b_handoff/gvpa_training_eligible.fasta	nat_13dff233b6dfd04cb79c	nat_13dff233b6dfd04cb79c	13dff233b6dfd04cb79ca09d72c28e71d76c7ac1c59a0f75ad568a11420b75ee	76	True	True	prevalidated_reference_input
nat_f5db5c4704d592f947d9	data/processed/gv02_03_v2/member_b_handoff/gvpa_training_eligible.fasta	nat_f5db5c4704d592f947d9	nat_f5db5c4704d592f947d9	f5db5c4704d592f947d9390e9bcd6afde1ac2a8c4b44472ec28636a4e3ab47c5	82	True	True	prevalidated_reference_input
nat_fc382b09fdd1c909c75c	data/processed/gv02_03_v2/member_b_handoff/gvpa_training_eligible.fasta	nat_fc382b09fdd1c909c75c	nat_fc382b09fdd1c909c75c	fc382b09fdd1c909c75ca87f66ed2c98f5b6601cc069a0d6df8ae25285c11467	93	True	True	prevalidated_reference_input
nat_4482775e0979509e45d2	data/processed/gv02_03_v2/member_b_handoff/gvpa_training_eligible.fasta	nat_4482775e0979509e45d2	nat_4482775e0979509e45d2	4482775e0979509e45d23f6ca737a7fdb6814c225930bbcb113f82d33d585228	95	True	True	prevalidated_reference_input
nat_edc787924d6392f7c1f5	data/processed/gv02_03_v2/member_b_handoff/gvpa_training_eligible.fasta	nat_edc787924d6392f7c1f5	nat_edc787924d6392f7c1f5	edc787924d6392f7c1f5e5e00d1e49e457b29997f69ad3227883a383e8273b5b	94	True	True	prevalidated_reference_input
nat_e9d0d8807aee29d8e61c	data/processed/gv02_03_v2/member_b_handoff/gvpa_training_eligible.fasta	nat_e9d0d8807aee29d8e61c	nat_e9d0d8807aee29d8e61c	e9d0d8807aee29d8e61cc5812e5272da20f42b2eb9c88bded666404669277156	71	True	True	prevalidated_reference_input
nat_39cf0fd21702af1ff2b1	data/processed/gv02_03_v2/member_b_handoff/gvpa_training_eligible.fasta	nat_39cf0fd21702af1ff2b1	nat_39cf0fd21702af1ff2b1	39cf0fd21702af1ff2b1a85e7f95803ffe5d465cb6cae8e617df8798b8c9f644	69	True	True	prevalidated_reference_input
nat_de6e45b17a1efe79f377	data/processed/gv02_03_v2/member_b_handoff/gvpa_training_eligible.fasta	nat_de6e45b17a1efe79f377	nat_de6e45b17a1efe79f377	de6e45b17a1efe79f37778d836358d826a304d076e7019714203a05f82787777	74	True	True	prevalidated_reference_input
nat_73e0b5aa88a198c56cae	data/processed/gv02_03_v2/member_b_handoff/gvpa_training_eligible.fasta	nat_73e0b5aa88a198c56cae	nat_73e0b5aa88a198c56cae	73e0b5aa88a198c56caeea07f42134079d2b868fcd0dbd1b9bc7234b4f64666a	87	True	True	prevalidated_reference_input
nat_cd0ec9cc83e20bd818b3	data/processed/gv02_03_v2/member_b_handoff/gvpa_training_eligible.fasta	nat_cd0ec9cc83e20bd818b3	nat_cd0ec9cc83e20bd818b3	cd0ec9cc83e20bd818b34c3d6e32229ae82b1f4b803ad5a686041fe792cfa0b4	86	True	True	prevalidated_reference_input
nat_76418c5d471b2873e6bf	data/processed/gv02_03_v2/member_b_handoff/gvpa_training_eligible.fasta	nat_76418c5d471b2873e6bf	nat_76418c5d471b2873e6bf	76418c5d471b2873e6bfd66246e1ddea8c46c09677d508ca4d85d7ddc4b66838	86	True	True	prevalidated_reference_input
nat_7801d96d034213cf08c8	data/processed/gv02_03_v2/member_b_handoff/gvpa_training_eligible.fasta	nat_7801d96d034213cf08c8	nat_7801d96d034213cf08c8	7801d96d034213cf08c8a094d7cac15ce9d441b0b84d59a3a397698d01a086b2	84	True	True	prevalidated_reference_input
nat_b9d147aeaac9ffa9d0f3	data/processed/gv02_03_v2/member_b_handoff/gvpa_training_eligible.fasta	nat_b9d147aeaac9ffa9d0f3	nat_b9d147aeaac9ffa9d0f3	b9d147aeaac9ffa9d0f345cb4414f298f5fcd7bdcb541313ba9f90ed1cf3a920	87	True	True	prevalidated_reference_input
nat_7d8f193406ee761e1417	data/processed/gv02_03_v2/member_b_handoff/gvpa_training_eligible.fasta	nat_7d8f193406ee761e1417	nat_7d8f193406ee761e1417	7d8f193406ee761e1417644f12663163f20f02aa96aa9ac9a3e9967ae45736db	95	True	True	prevalidated_reference_input
nat_f87e80c34ba5c8c8909b	data/processed/gv02_03_v2/member_b_handoff/gvpa_training_eligible.fasta	nat_f87e80c34ba5c8c8909b	nat_f87e80c34ba5c8c8909b	f87e80c34ba5c8c8909bbdd240615676baff89720ec7c271d2c949964d53bfc2	87	True	True	prevalidated_reference_input
nat_38a86b2caad8351d20f8	data/processed/gv02_03_v2/member_b_handoff/gvpa_training_eligible.fasta	nat_38a86b2caad8351d20f8	nat_38a86b2caad8351d20f8	38a86b2caad8351d20f84009e4f3fadc81641af9267c4634244814993c1e259b	70	True	True	prevalidated_reference_input
nat_63e94d96149b61e3547f	data/processed/gv02_03_v2/member_b_handoff/gvpa_training_eligible.fasta	nat_63e94d96149b61e3547f	nat_63e94d96149b61e3547f	63e94d96149b61e3547fb620a3561727505e40a05520085d6a7b53eda6afbc7c	87	True	True	prevalidated_reference_input
nat_4f76b230eb60279eb5dd	data/processed/gv02_03_v2/member_b_handoff/gvpa_training_eligible.fasta	nat_4f76b230eb60279eb5dd	nat_4f76b230eb60279eb5dd	4f76b230eb60279eb5dd9727b6fef53befa7b01de4543a47effc9d7219b9b6ea	95	True	True	prevalidated_reference_input
nat_6b94719ca1a990ee1d8f	data/processed/gv02_03_v2/member_b_handoff/gvpa_training_eligible.fasta	nat_6b94719ca1a990ee1d8f	nat_6b94719ca1a990ee1d8f	6b94719ca1a990ee1d8f7fe4a2780bb99c98d3599cd6abe8080921d204b422e4	87	True	True	prevalidated_reference_input
nat_943ce15fb7773fa3a769	data/processed/gv02_03_v2/member_b_handoff/gvpa_training_eligible.fasta	nat_943ce15fb7773fa3a769	nat_943ce15fb7773fa3a769	943ce15fb7773fa3a769b10eef21ff74af8e9455a035ac627206a70f67094829	94	True	True	prevalidated_reference_input
nat_970873de163a6ff8ee05	data/processed/gv02_03_v2/member_b_handoff/gvpa_training_eligible.fasta	nat_970873de163a6ff8ee05	nat_970873de163a6ff8ee05	970873de163a6ff8ee058480a3869a5416b54bf5594fe27fbb5156104085a425	88	True	True	prevalidated_reference_input
nat_440c141d3d83ed043c33	data/processed/gv02_03_v2/member_b_handoff/gvpa_training_eligible.fasta	nat_440c141d3d83ed043c33	nat_440c141d3d83ed043c33	440c141d3d83ed043c333614417693fd89f0dfdca16a4ae6872273ea898aeb50	76	True	True	prevalidated_reference_input
nat_476885d73f2103224b29	data/processed/gv02_03_v2/member_b_handoff/gvpa_training_eligible.fasta	nat_476885d73f2103224b29	nat_476885d73f2103224b29	476885d73f2103224b292d5d842a8afc0794641e93e8e2d399aaf3c10eaa833c	84	True	True	prevalidated_reference_input
nat_5d20f105b230fcb464d1	data/processed/gv02_03_v2/member_b_handoff/gvpa_training_eligible.fasta	nat_5d20f105b230fcb464d1	nat_5d20f105b230fcb464d1	5d20f105b230fcb464d172f5f60beb5d3a0433f4d04c11d7e3b12442a0876f1f	78	True	True	prevalidated_reference_input
nat_92d7d81f95603487cd9c	data/processed/gv02_03_v2/member_b_handoff/gvpa_training_eligible.fasta	nat_92d7d81f95603487cd9c	nat_92d7d81f95603487cd9c	92d7d81f95603487cd9c2e6f2b9a057290f97368162a627c34d4db46064b5d78	95	True	True	prevalidated_reference_input
nat_4f811102c58fb8e77080	data/processed/gv02_03_v2/member_b_handoff/gvpa_training_eligible.fasta	nat_4f811102c58fb8e77080	nat_4f811102c58fb8e77080	4f811102c58fb8e77080f5dd3e87eca3f86feb91a847119b6ffe487ef0fe11f1	78	True	True	prevalidated_reference_input
nat_b47c8eec954491beb714	data/processed/gv02_03_v2/member_b_handoff/gvpa_training_eligible.fasta	nat_b47c8eec954491beb714	nat_b47c8eec954491beb714	b47c8eec954491beb71449c63366fd48ba5dce86743a074cbdbe978a2a2b450c	95	True	True	prevalidated_reference_input
nat_004ac783975534947324	data/processed/gv02_03_v2/member_b_handoff/gvpa_training_eligible.fasta	nat_004ac783975534947324	nat_004ac783975534947324	004ac7839755349473240380f645fff65b298b81cd7212d8be9f25d268874df0	94	True	True	prevalidated_reference_input
nat_07f90c8c92dbdb92b94e	data/processed/gv02_03_v2/member_b_handoff/gvpa_training_eligible.fasta	nat_07f90c8c92dbdb92b94e	nat_07f90c8c92dbdb92b94e	07f90c8c92dbdb92b94e1c4becf058d78867504d7c200a8ac59420a67443e648	95	True	True	prevalidated_reference_input
nat_5c03f7861ccf36dc0533	data/processed/gv02_03_v2/member_b_handoff/gvpa_training_eligible.fasta	nat_5c03f7861ccf36dc0533	nat_5c03f7861ccf36dc0533	5c03f7861ccf36dc05336cbb110d6b9466b83c837a45b4254d8ee83f1acb7937	84	True	True	prevalidated_reference_input
nat_4cea385a8794a0b112c3	data/processed/gv02_03_v2/member_b_handoff/gvpa_training_eligible.fasta	nat_4cea385a8794a0b112c3	nat_4cea385a8794a0b112c3	4cea385a8794a0b112c3718b48635d7251fd2b54c59d9aaf7a1aa68ef55f0934	94	True	True	prevalidated_reference_input
nat_4e9e86277af05dbd050d	data/processed/gv02_03_v2/member_b_handoff/gvpa_training_eligible.fasta	nat_4e9e86277af05dbd050d	nat_4e9e86277af05dbd050d	4e9e86277af05dbd050d6026de986c169c801caeb1df279e98d79b71f7f662b6	94	True	True	prevalidated_reference_input
nat_0a6194eed91a047cb43e	data/processed/gv02_03_v2/member_b_handoff/gvpa_training_eligible.fasta	nat_0a6194eed91a047cb43e	nat_0a6194eed91a047cb43e	0a6194eed91a047cb43e42df86660279db231e8e43de2021d1f6bd61c0de9318	84	True	True	prevalidated_reference_input
nat_ea5746ec582bf06f4e03	data/processed/gv02_03_v2/member_b_handoff/gvpa_training_eligible.fasta	nat_ea5746ec582bf06f4e03	nat_ea5746ec582bf06f4e03	ea5746ec582bf06f4e03026eb672c30524a41db3d8f7504c2c6530701baaefa7	72	True	True	prevalidated_reference_input
nat_edf12e96625a3cd49854	data/processed/gv02_03_v2/member_b_handoff/gvpa_training_eligible.fasta	nat_edf12e96625a3cd49854	nat_edf12e96625a3cd49854	edf12e96625a3cd498543a51165a1fe2582809ab9abb59ead2892e6153bce04a	86	True	True	prevalidated_reference_input
nat_d9b751580230ca0e5773	data/processed/gv02_03_v2/member_b_handoff/gvpa_training_eligible.fasta	nat_d9b751580230ca0e5773	nat_d9b751580230ca0e5773	d9b751580230ca0e5773c57e4ce813ad00b52f3d761de387a4ceb48a8b983c68	85	True	True	prevalidated_reference_input
nat_4d4e00d31d935ed0527d	data/processed/gv02_03_v2/member_b_handoff/gvpa_training_eligible.fasta	nat_4d4e00d31d935ed0527d	nat_4d4e00d31d935ed0527d	4d4e00d31d935ed0527dea10b018697cb7c3f72bf199a24b36075804bc95f4cd	95	True	True	prevalidated_reference_input
nat_4132d6e9996d37d7483a	data/processed/gv02_03_v2/member_b_handoff/gvpa_training_eligible.fasta	nat_4132d6e9996d37d7483a	nat_4132d6e9996d37d7483a	4132d6e9996d37d7483a43399d0cf509931b6bc7ffe8affe4d8014ed5a994667	92	True	True	prevalidated_reference_input
nat_fca422d4ddd5dcd65605	data/processed/gv02_03_v2/member_b_handoff/gvpa_training_eligible.fasta	nat_fca422d4ddd5dcd65605	nat_fca422d4ddd5dcd65605	fca422d4ddd5dcd65605aca73a48825de01049d9d8a1773ef99115068238d3f9	96	True	True	prevalidated_reference_input
nat_d4bbfd09a62903f1dd61	data/processed/gv02_03_v2/member_b_handoff/gvpa_training_eligible.fasta	nat_d4bbfd09a62903f1dd61	nat_d4bbfd09a62903f1dd61	d4bbfd09a62903f1dd61a6f9ad8db51b9835b18fbf9766c780f6719f9f1e9643	94	True	True	prevalidated_reference_input
nat_fd90bc846ac4fc169df6	data/processed/gv02_03_v2/member_b_handoff/gvpa_training_eligible.fasta	nat_fd90bc846ac4fc169df6	nat_fd90bc846ac4fc169df6	fd90bc846ac4fc169df6b72c6d79f22f65e19b6288aa31b62ee0ef2b7fbcbd95	92	True	True	prevalidated_reference_input
nat_6cb2a4a67fad0b3f22b1	data/processed/gv02_03_v2/member_b_handoff/gvpa_training_eligible.fasta	nat_6cb2a4a67fad0b3f22b1	nat_6cb2a4a67fad0b3f22b1	6cb2a4a67fad0b3f22b180db738bb3f59efd73950cd7b341fdf1ef17aafa121f	74	True	True	prevalidated_reference_input
nat_340bf83afc765d1b00fd	data/processed/gv02_03_v2/member_b_handoff/gvpa_training_eligible.fasta	nat_340bf83afc765d1b00fd	nat_340bf83afc765d1b00fd	340bf83afc765d1b00fdd15c36a88211b6ccc7b1557c106bec83457cd9bb095b	78	True	True	prevalidated_reference_input
nat_833a1708482ad34125e2	data/processed/gv02_03_v2/member_b_handoff/gvpa_training_eligible.fasta	nat_833a1708482ad34125e2	nat_833a1708482ad34125e2	833a1708482ad34125e281ec9a7bb5ff185d6b74e637c9a4e71748011be93051	98	True	True	prevalidated_reference_input
nat_0aeb545239a28bae61f9	data/processed/gv02_03_v2/member_b_handoff/gvpa_training_eligible.fasta	nat_0aeb545239a28bae61f9	nat_0aeb545239a28bae61f9	0aeb545239a28bae61f99fbd60bce02d7f124f3277108fc0d913126d6222ba8b	86	True	True	prevalidated_reference_input
nat_ce5dc523b5749c0ad99a	data/processed/gv02_03_v2/member_b_handoff/gvpa_training_eligible.fasta	nat_ce5dc523b5749c0ad99a	nat_ce5dc523b5749c0ad99a	ce5dc523b5749c0ad99a93b9d53e7343c2df1a582dcc1045a1caf959b34254dd	87	True	True	prevalidated_reference_input
nat_9fda348180c612303cdb	data/processed/gv02_03_v2/member_b_handoff/gvpa_training_eligible.fasta	nat_9fda348180c612303cdb	nat_9fda348180c612303cdb	9fda348180c612303cdb7da49eec263f1c4a969cd97d7811ee7730f5dc5f4d4e	95	True	True	prevalidated_reference_input
nat_0145b7d0415b25474bf7	data/processed/gv02_03_v2/member_b_handoff/gvpa_training_eligible.fasta	nat_0145b7d0415b25474bf7	nat_0145b7d0415b25474bf7	0145b7d0415b25474bf7a3c8e0a8c493009e798905f413a70669e51a92c9c25b	95	True	True	prevalidated_reference_input
nat_64b87c36790fe3acd4ba	data/processed/gv02_03_v2/member_b_handoff/gvpa_training_eligible.fasta	nat_64b87c36790fe3acd4ba	nat_64b87c36790fe3acd4ba	64b87c36790fe3acd4baa751c7e30662ba7fd5dddd03a8f17f2a097d90e9a793	94	True	True	prevalidated_reference_input
nat_0da4fc315e8c5fa1925f	data/processed/gv02_03_v2/member_b_handoff/gvpa_training_eligible.fasta	nat_0da4fc315e8c5fa1925f	nat_0da4fc315e8c5fa1925f	0da4fc315e8c5fa1925fb0764a91af43de57873340a143b142e0b66ac5307abb	76	True	True	prevalidated_reference_input
nat_62b65b4bdaad5382b6fd	data/processed/gv02_03_v2/member_b_handoff/gvpa_training_eligible.fasta	nat_62b65b4bdaad5382b6fd	nat_62b65b4bdaad5382b6fd	62b65b4bdaad5382b6fd1a8fe84b861f9f2785c845ef6d5232a5858759e89434	76	True	True	prevalidated_reference_input
nat_644a625ed987b37152d8	data/processed/gv02_03_v2/member_b_handoff/gvpa_training_eligible.fasta	nat_644a625ed987b37152d8	nat_644a625ed987b37152d8	644a625ed987b37152d8accd5afc91e83fbb7aa608bf5b736cb83e597789259b	76	True	True	prevalidated_reference_input
nat_3dd2d389f45d6f0511d2	data/processed/gv02_03_v2/member_b_handoff/gvpa_training_eligible.fasta	nat_3dd2d389f45d6f0511d2	nat_3dd2d389f45d6f0511d2	3dd2d389f45d6f0511d21268defb0f34c51a26455c8e3504fb137cf688b87ebe	93	True	True	prevalidated_reference_input
nat_bf00fc1bb4a6bea076a5	data/processed/gv02_03_v2/member_b_handoff/gvpa_training_eligible.fasta	nat_bf00fc1bb4a6bea076a5	nat_bf00fc1bb4a6bea076a5	bf00fc1bb4a6bea076a5150d4d94cbb2a3a41994343dd8761a39ebcf83a45c14	95	True	True	prevalidated_reference_input
nat_1f1d6fdb82f348ed948e	data/processed/gv02_03_v2/member_b_handoff/gvpa_training_eligible.fasta	nat_1f1d6fdb82f348ed948e	nat_1f1d6fdb82f348ed948e	1f1d6fdb82f348ed948e69813ca969e1811e69f665260cf74fa3f7a057c84e99	84	True	True	prevalidated_reference_input
nat_fe2e069c7d192a9aa4be	data/processed/gv02_03_v2/member_b_handoff/gvpa_training_eligible.fasta	nat_fe2e069c7d192a9aa4be	nat_fe2e069c7d192a9aa4be	fe2e069c7d192a9aa4be872c95d8c541ca761882f3f5cd67653cf6f33ac13f55	92	True	True	prevalidated_reference_input
nat_dc2b0da282a1a334132b	data/processed/gv02_03_v2/member_b_handoff/gvpa_training_eligible.fasta	nat_dc2b0da282a1a334132b	nat_dc2b0da282a1a334132b	dc2b0da282a1a334132b94fa6b433ee40a84ca23e7aee931a5e7e57eca9070ad	102	True	True	prevalidated_reference_input
nat_eb796c25a48cdf2ca2d4	data/processed/gv02_03_v2/member_b_handoff/gvpa_training_eligible.fasta	nat_eb796c25a48cdf2ca2d4	nat_eb796c25a48cdf2ca2d4	eb796c25a48cdf2ca2d4dadeba00b8fcbecdd1aafff9a5f2eef1c0b32866c085	82	True	True	prevalidated_reference_input
nat_4a87fc740463a61b2d05	data/processed/gv02_03_v2/member_b_handoff/gvpa_training_eligible.fasta	nat_4a87fc740463a61b2d05	nat_4a87fc740463a61b2d05	4a87fc740463a61b2d05a11bcb05ac53e96820f7fa9f523dbb26076210cd1f90	109	True	True	prevalidated_reference_input
nat_b9de124a92fba0281b06	data/processed/gv02_03_v2/member_b_handoff/gvpa_training_eligible.fasta	nat_b9de124a92fba0281b06	nat_b9de124a92fba0281b06	b9de124a92fba0281b06c043a18713db03fec66b97dafd593654c7d8ee4bdae4	93	True	True	prevalidated_reference_input
nat_140f5823a50b88bf41c9	data/processed/gv02_03_v2/member_b_handoff/gvpa_training_eligible.fasta	nat_140f5823a50b88bf41c9	nat_140f5823a50b88bf41c9	140f5823a50b88bf41c9cf8f0ecce11b98c5f03d7189a529d0efadf5d087eb18	93	True	True	prevalidated_reference_input
nat_461115b7000bfd74f566	data/processed/gv02_03_v2/member_b_handoff/gvpa_training_eligible.fasta	nat_461115b7000bfd74f566	nat_461115b7000bfd74f566	461115b7000bfd74f56636de688b3e75d1a99451a35df65d49a6e139de49cbf1	96	True	True	prevalidated_reference_input
nat_bc61cfaf37743c96bcc0	data/processed/gv02_03_v2/member_b_handoff/gvpa_training_eligible.fasta	nat_bc61cfaf37743c96bcc0	nat_bc61cfaf37743c96bcc0	bc61cfaf37743c96bcc099f173009a97501e9412f819aabc6f95ac7091dec987	93	True	True	prevalidated_reference_input
nat_fa2383cbfbff83286c61	data/processed/gv02_03_v2/member_b_handoff/gvpa_training_eligible.fasta	nat_fa2383cbfbff83286c61	nat_fa2383cbfbff83286c61	fa2383cbfbff83286c6190e5f9ab210e692563b8c092e007a6f07b929ad5936a	96	True	True	prevalidated_reference_input
nat_0ae199fc6d044a2da135	data/processed/gv02_03_v2/member_b_handoff/gvpa_training_eligible.fasta	nat_0ae199fc6d044a2da135	nat_0ae199fc6d044a2da135	0ae199fc6d044a2da1351509b524fc07b4da56bff0ab0a0763d56a10601c206a	95	True	True	prevalidated_reference_input
nat_dca06c4ca76aafac96e9	data/processed/gv02_03_v2/member_b_handoff/gvpa_training_eligible.fasta	nat_dca06c4ca76aafac96e9	nat_dca06c4ca76aafac96e9	dca06c4ca76aafac96e935b72d0eee29c4619e4488f965d6467f9755e642ab6b	97	True	True	prevalidated_reference_input
nat_c7cb28cf54b6a88ff785	data/processed/gv02_03_v2/member_b_handoff/gvpa_training_eligible.fasta	nat_c7cb28cf54b6a88ff785	nat_c7cb28cf54b6a88ff785	c7cb28cf54b6a88ff785e5323cd1bdbffa96279c0b39492eeb6a14c7568905bc	99	True	True	prevalidated_reference_input
nat_5577d4ac8367231fcec5	data/processed/gv02_03_v2/member_b_handoff/gvpa_training_eligible.fasta	nat_5577d4ac8367231fcec5	nat_5577d4ac8367231fcec5	5577d4ac8367231fcec50f83da91db8ca882c0dc8629ac4a66b76fa0e8de5f57	93	True	True	prevalidated_reference_input
nat_c5a4c69d0879da5e6614	data/processed/gv02_03_v2/member_b_handoff/gvpa_training_eligible.fasta	nat_c5a4c69d0879da5e6614	nat_c5a4c69d0879da5e6614	c5a4c69d0879da5e661497a4711c5ba745137829a29919810698fe674bd10d27	97	True	True	prevalidated_reference_input
nat_d6e9dabc7155ae370ddb	data/processed/gv02_03_v2/member_b_handoff/gvpa_training_eligible.fasta	nat_d6e9dabc7155ae370ddb	nat_d6e9dabc7155ae370ddb	d6e9dabc7155ae370ddb09e0bae20bdbc48caa253ce39756dca03bc4a0e50d8b	95	True	True	prevalidated_reference_input
nat_05a00477d12701f3890c	data/processed/gv02_03_v2/member_b_handoff/gvpa_training_eligible.fasta	nat_05a00477d12701f3890c	nat_05a00477d12701f3890c	05a00477d12701f3890c1dd96656653d2f67adee9a1f126760ee634cb9b35334	95	True	True	prevalidated_reference_input
nat_75679c0d4db585656573	data/processed/gv02_03_v2/member_b_handoff/gvpa_training_eligible.fasta	nat_75679c0d4db585656573	nat_75679c0d4db585656573	75679c0d4db585656573044908e13a67effd912339ddc8eec2ed6e7a995e9417	92	True	True	prevalidated_reference_input
nat_8d29ff35edf68fc809de	data/processed/gv02_03_v2/member_b_handoff/gvpa_training_eligible.fasta	nat_8d29ff35edf68fc809de	nat_8d29ff35edf68fc809de	8d29ff35edf68fc809deca67c394601f9988a9628d0099af15ed1cb1d44b7a5f	95	True	True	prevalidated_reference_input
nat_ee10b37a92559cba1989	data/processed/gv02_03_v2/member_b_handoff/gvpa_training_eligible.fasta	nat_ee10b37a92559cba1989	nat_ee10b37a92559cba1989	ee10b37a92559cba1989732ac44f05e8bde57068b78b573e193360b62d897bf7	92	True	True	prevalidated_reference_input
nat_f49fe3672d6fdfda7cc7	data/processed/gv02_03_v2/member_b_handoff/gvpa_training_eligible.fasta	nat_f49fe3672d6fdfda7cc7	nat_f49fe3672d6fdfda7cc7	f49fe3672d6fdfda7cc7ec0b9a4f54af44ee8f53326ed5f3c0b281e5a61cd93b	95	True	True	prevalidated_reference_input
nat_53979ea823175001b77b	data/processed/gv02_03_v2/member_b_handoff/gvpa_training_eligible.fasta	nat_53979ea823175001b77b	nat_53979ea823175001b77b	53979ea823175001b77b6bbf60f4288bd1629111bcc1c87c4ca10c6e175c17e6	95	True	True	prevalidated_reference_input
nat_84eddb9c9ecca10afd5a	data/processed/gv02_03_v2/member_b_handoff/gvpa_training_eligible.fasta	nat_84eddb9c9ecca10afd5a	nat_84eddb9c9ecca10afd5a	84eddb9c9ecca10afd5a775c11e3d7bab42a1aff8c6bad25b1b013a542f3bc54	99	True	True	prevalidated_reference_input
nat_a7791ad55c70e7fd3462	data/processed/gv02_03_v2/member_b_handoff/gvpa_training_eligible.fasta	nat_a7791ad55c70e7fd3462	nat_a7791ad55c70e7fd3462	a7791ad55c70e7fd346219c5a78230165d2e97e2e807cb98c29fac4b45d5a0de	95	True	True	prevalidated_reference_input
nat_b28a6bed955c267791e6	data/processed/gv02_03_v2/member_b_handoff/gvpa_training_eligible.fasta	nat_b28a6bed955c267791e6	nat_b28a6bed955c267791e6	b28a6bed955c267791e6d3709c242af34793b4f5066cb44d244505ac9d8b631f	109	True	True	prevalidated_reference_input
nat_2257aec2c4abeff42ec4	data/processed/gv02_03_v2/member_b_handoff/gvpa_training_eligible.fasta	nat_2257aec2c4abeff42ec4	nat_2257aec2c4abeff42ec4	2257aec2c4abeff42ec43bfebdc376d024c4499995e46a6ba2ec53fff8ad6556	97	True	True	prevalidated_reference_input
nat_0a5813d34fb4f832fd7d	data/processed/gv02_03_v2/member_b_handoff/gvpa_training_eligible.fasta	nat_0a5813d34fb4f832fd7d	nat_0a5813d34fb4f832fd7d	0a5813d34fb4f832fd7d9748d68c12fae82607f9da230322e66fab8afe74727b	95	True	True	prevalidated_reference_input
nat_a49cfe7d33cec22c3905	data/processed/gv02_03_v2/member_b_handoff/gvpa_training_eligible.fasta	nat_a49cfe7d33cec22c3905	nat_a49cfe7d33cec22c3905	a49cfe7d33cec22c39058e6f0aa13a93c8f0dfff7754574197d17888f1fc55ff	95	True	True	prevalidated_reference_input
nat_b14fdba1c12c78ac4485	data/processed/gv02_03_v2/member_b_handoff/gvpa_training_eligible.fasta	nat_b14fdba1c12c78ac4485	nat_b14fdba1c12c78ac4485	b14fdba1c12c78ac448516578d86300dcd54343b45823a68083ccd180c8caf83	84	True	True	prevalidated_reference_input
nat_27cf1e5aac6ec3dd931d	data/processed/gv02_03_v2/member_b_handoff/gvpa_training_eligible.fasta	nat_27cf1e5aac6ec3dd931d	nat_27cf1e5aac6ec3dd931d	27cf1e5aac6ec3dd931dff21f72095eed48d09c3f568003ed3775261bc0e6122	76	True	True	prevalidated_reference_input
nat_d4ba65189ba86a477cc5	data/processed/gv02_03_v2/member_b_handoff/gvpa_training_eligible.fasta	nat_d4ba65189ba86a477cc5	nat_d4ba65189ba86a477cc5	d4ba65189ba86a477cc5ef0f66429d8e911333cad147cb074025253abb37da7f	92	True	True	prevalidated_reference_input
nat_a9c10692b45d32f772b4	data/processed/gv02_03_v2/member_b_handoff/gvpa_training_eligible.fasta	nat_a9c10692b45d32f772b4	nat_a9c10692b45d32f772b4	a9c10692b45d32f772b49ae4400b85a55c24b3655085701096adf67a6d89a507	95	True	True	prevalidated_reference_input
nat_c477483bf308ed286daf	data/processed/gv02_03_v2/member_b_handoff/gvpa_training_eligible.fasta	nat_c477483bf308ed286daf	nat_c477483bf308ed286daf	c477483bf308ed286dafd66898b1afa93f47b811493f49b76b651d0d3dcb7403	87	True	True	prevalidated_reference_input
nat_e31d0685f6a3fa9a63fd	data/processed/gv02_03_v2/member_b_handoff/gvpa_training_eligible.fasta	nat_e31d0685f6a3fa9a63fd	nat_e31d0685f6a3fa9a63fd	e31d0685f6a3fa9a63fd6193f3d90958501acaa75a873ac24a4c438b68d2330c	90	True	True	prevalidated_reference_input
nat_4d722634e257d2a7d133	data/processed/gv02_03_v2/member_b_handoff/gvpa_training_eligible.fasta	nat_4d722634e257d2a7d133	nat_4d722634e257d2a7d133	4d722634e257d2a7d1338858bded9b52176fe2d51e0d0507a808dd93b62c2a49	95	True	True	prevalidated_reference_input
nat_3ca11356bba8d59e0a37	data/processed/gv02_03_v2/member_b_handoff/gvpa_training_eligible.fasta	nat_3ca11356bba8d59e0a37	nat_3ca11356bba8d59e0a37	3ca11356bba8d59e0a3715bee43b09845f1c7879f899f72959aa2bcf59603f68	93	True	True	prevalidated_reference_input
nat_7d1d4ec0845163a487d6	data/processed/gv02_03_v2/member_b_handoff/gvpa_training_eligible.fasta	nat_7d1d4ec0845163a487d6	nat_7d1d4ec0845163a487d6	7d1d4ec0845163a487d66c420796f6482ca852eab0c9282b03fc0c125ba15dd8	88	True	True	prevalidated_reference_input
nat_82e4660fb87f57daff30	data/processed/gv02_03_v2/member_b_handoff/gvpa_training_eligible.fasta	nat_82e4660fb87f57daff30	nat_82e4660fb87f57daff30	82e4660fb87f57daff301dfe4130bc4899fa88daf9461bb210d8b33d8160ea71	95	True	True	prevalidated_reference_input
nat_4dc9c1477d3d6b181da7	data/processed/gv02_03_v2/member_b_handoff/gvpa_training_eligible.fasta	nat_4dc9c1477d3d6b181da7	nat_4dc9c1477d3d6b181da7	4dc9c1477d3d6b181da7459081875eca89af9f16bfff711a31c8124578309943	95	True	True	prevalidated_reference_input
nat_1aef09f774a1818b7e24	data/processed/gv02_03_v2/member_b_handoff/gvpa_training_eligible.fasta	nat_1aef09f774a1818b7e24	nat_1aef09f774a1818b7e24	1aef09f774a1818b7e241a497f1019c8c5004db4b09485bc075fd1124e5b6cfb	96	True	True	prevalidated_reference_input
nat_dbd11e06d90ad48401af	data/processed/gv02_03_v2/member_b_handoff/gvpa_training_eligible.fasta	nat_dbd11e06d90ad48401af	nat_dbd11e06d90ad48401af	dbd11e06d90ad48401af88eed365b119c47a8a6791e5241aa2c7c16325b4a749	94	True	True	prevalidated_reference_input
nat_1ed909a554bd91f8870f	data/processed/gv02_03_v2/member_b_handoff/gvpa_training_eligible.fasta	nat_1ed909a554bd91f8870f	nat_1ed909a554bd91f8870f	1ed909a554bd91f8870f86101c7b69e680247a3cd2b0fa7e2abc3f136c712172	73	True	True	prevalidated_reference_input
nat_ac44a557fbffad89a437	data/processed/gv02_03_v2/member_b_handoff/gvpa_training_eligible.fasta	nat_ac44a557fbffad89a437	nat_ac44a557fbffad89a437	ac44a557fbffad89a437e1026e0c27f6123339c61d030f455ebf334321705841	72	True	True	prevalidated_reference_input
nat_4d627ec7ce40cceb1d25	data/processed/gv02_03_v2/member_b_handoff/gvpa_training_eligible.fasta	nat_4d627ec7ce40cceb1d25	nat_4d627ec7ce40cceb1d25	4d627ec7ce40cceb1d25b3a543fe91316e6bb43c760ea864dc599f514738fc0f	78	True	True	prevalidated_reference_input
nat_4a610b8daff21e476288	data/processed/gv02_03_v2/member_b_handoff/gvpa_training_eligible.fasta	nat_4a610b8daff21e476288	nat_4a610b8daff21e476288	4a610b8daff21e47628899f45527e056a293252b40315ad74c35fae02520e728	85	True	True	prevalidated_reference_input
nat_bf5abb4d953e0d6aaa1f	data/processed/gv02_03_v2/member_b_handoff/gvpa_training_eligible.fasta	nat_bf5abb4d953e0d6aaa1f	nat_bf5abb4d953e0d6aaa1f	bf5abb4d953e0d6aaa1f2b504bb07449e4a36340f9e5f7a959e4eda39973132d	95	True	True	prevalidated_reference_input
nat_32fcf9c5b6202c499dc1	data/processed/gv02_03_v2/member_b_handoff/gvpa_training_eligible.fasta	nat_32fcf9c5b6202c499dc1	nat_32fcf9c5b6202c499dc1	32fcf9c5b6202c499dc1a79030b4ef28d478a9d90e34a12676f797ac6b5f169d	88	True	True	prevalidated_reference_input
nat_34e09ae9d7236edc844b	data/processed/gv02_03_v2/member_b_handoff/gvpa_training_eligible.fasta	nat_34e09ae9d7236edc844b	nat_34e09ae9d7236edc844b	34e09ae9d7236edc844bd9d7cb469e7a24024a380d0d79604cbdba31a25abe91	85	True	True	prevalidated_reference_input
nat_05d62502987d9405b8af	data/processed/gv02_03_v2/member_b_handoff/gvpa_training_eligible.fasta	nat_05d62502987d9405b8af	nat_05d62502987d9405b8af	05d62502987d9405b8afcb2a362db70fdbd68e573d229f7913ad099b24cf88c6	95	True	True	prevalidated_reference_input
nat_48f4fc548c0153a5775e	data/processed/gv02_03_v2/member_b_handoff/gvpa_training_eligible.fasta	nat_48f4fc548c0153a5775e	nat_48f4fc548c0153a5775e	48f4fc548c0153a5775e2d82043989ed247fc9808988e192c6cac4754329cc1b	96	True	True	prevalidated_reference_input
nat_42d774e2b731f8e5de6a	data/processed/gv02_03_v2/member_b_handoff/gvpa_training_eligible.fasta	nat_42d774e2b731f8e5de6a	nat_42d774e2b731f8e5de6a	42d774e2b731f8e5de6ac1393aff775d6bee92ee1cc3dbf92e88a48dff3f6728	93	True	True	prevalidated_reference_input
nat_0077c6cbf903d0b80137	data/processed/gv02_03_v2/member_b_handoff/gvpa_training_eligible.fasta	nat_0077c6cbf903d0b80137	nat_0077c6cbf903d0b80137	0077c6cbf903d0b8013785e9c2d3858815e8c0423542a065d5cdb65ad21cfb84	96	True	True	prevalidated_reference_input
nat_373d638b02f47e751a57	data/processed/gv02_03_v2/member_b_handoff/gvpa_training_eligible.fasta	nat_373d638b02f47e751a57	nat_373d638b02f47e751a57	373d638b02f47e751a57c41721893eb012f9c8426d44eccf9a30d2d9afd3030c	95	True	True	prevalidated_reference_input
nat_873dfd59523575571c0b	data/processed/gv02_03_v2/member_b_handoff/gvpa_training_eligible.fasta	nat_873dfd59523575571c0b	nat_873dfd59523575571c0b	873dfd59523575571c0b5a852b23c36dbfdd894fd7b15dc4d7d0328398c94192	85	True	True	prevalidated_reference_input
nat_3beea3bf721df3e90ae2	data/processed/gv02_03_v2/member_b_handoff/gvpa_training_eligible.fasta	nat_3beea3bf721df3e90ae2	nat_3beea3bf721df3e90ae2	3beea3bf721df3e90ae2c6d908b7aae76b4eaf09f5b646a01af8ad8019adf5be	94	True	True	prevalidated_reference_input
nat_cac8cf4903b24e69aca8	data/processed/gv02_03_v2/member_b_handoff/gvpa_training_eligible.fasta	nat_cac8cf4903b24e69aca8	nat_cac8cf4903b24e69aca8	cac8cf4903b24e69aca846877fc06700a4c359f2f91bccf0bc18d01efd85d458	76	True	True	prevalidated_reference_input
nat_2a93193629740c6b70af	data/processed/gv02_03_v2/member_b_handoff/gvpa_training_eligible.fasta	nat_2a93193629740c6b70af	nat_2a93193629740c6b70af	2a93193629740c6b70afaf073c3de7dac6d79ebf780c22b99addd3e1a8872350	76	True	True	prevalidated_reference_input
nat_dc6aa26cbe06c32b68c2	data/processed/gv02_03_v2/member_b_handoff/gvpa_training_eligible.fasta	nat_dc6aa26cbe06c32b68c2	nat_dc6aa26cbe06c32b68c2	dc6aa26cbe06c32b68c260b69a10a159aad675ed26e13576b1dcb701f11fe265	94	True	True	prevalidated_reference_input
nat_bda4e304d446361a159c	data/processed/gv02_03_v2/member_b_handoff/gvpa_training_eligible.fasta	nat_bda4e304d446361a159c	nat_bda4e304d446361a159c	bda4e304d446361a159c993095577115b3473052d3000dd181865e8db68e4361	95	True	True	prevalidated_reference_input
nat_7d45d6cf3df5d3d36985	data/processed/gv02_03_v2/member_b_handoff/gvpa_training_eligible.fasta	nat_7d45d6cf3df5d3d36985	nat_7d45d6cf3df5d3d36985	7d45d6cf3df5d3d36985ffaae9b4dca4613dcc012597c5869c1497bfb7f7e173	95	True	True	prevalidated_reference_input
nat_200ecff40f6b83ca60f9	data/processed/gv02_03_v2/member_b_handoff/gvpa_training_eligible.fasta	nat_200ecff40f6b83ca60f9	nat_200ecff40f6b83ca60f9	200ecff40f6b83ca60f947ac373e44b4fa429130e9e83ff16612f1f26cfc3724	93	True	True	prevalidated_reference_input
nat_1f7ab0dfc808b4ef03c3	data/processed/gv02_03_v2/member_b_handoff/gvpa_training_eligible.fasta	nat_1f7ab0dfc808b4ef03c3	nat_1f7ab0dfc808b4ef03c3	1f7ab0dfc808b4ef03c3a3a7d3b7aff271b6b8d527a1dff74c65ce73a26aa483	95	True	True	prevalidated_reference_input
nat_9fd0842a53e077dc147a	data/processed/gv02_03_v2/member_b_handoff/gvpa_training_eligible.fasta	nat_9fd0842a53e077dc147a	nat_9fd0842a53e077dc147a	9fd0842a53e077dc147a850cd8d6e3deb845fe96e9ea825b3c2e830bac3b6ea8	111	True	True	prevalidated_reference_input
nat_74aacbad701be1598660	data/processed/gv02_03_v2/member_b_handoff/gvpa_training_eligible.fasta	nat_74aacbad701be1598660	nat_74aacbad701be1598660	74aacbad701be1598660e6ea3918fb6233e65fb0bdeacc530544ac385f3fcb28	95	True	True	prevalidated_reference_input
nat_7ee1d64f80049d71603c	data/processed/gv02_03_v2/member_b_handoff/gvpa_training_eligible.fasta	nat_7ee1d64f80049d71603c	nat_7ee1d64f80049d71603c	7ee1d64f80049d71603c3af6a49d66d0c0f9785517dba1e88c751b17d25cee31	95	True	True	prevalidated_reference_input
nat_9ba949b2aab9e2be6898	data/processed/gv02_03_v2/member_b_handoff/gvpa_training_eligible.fasta	nat_9ba949b2aab9e2be6898	nat_9ba949b2aab9e2be6898	9ba949b2aab9e2be689813d4dd9d11381224286210801b51bf61c9dc7415dff2	95	True	True	prevalidated_reference_input
nat_d1b057f953bd558c0457	data/processed/gv02_03_v2/member_b_handoff/gvpa_training_eligible.fasta	nat_d1b057f953bd558c0457	nat_d1b057f953bd558c0457	d1b057f953bd558c0457518dff2b0d5f7603c86a6714b7248bb19e85412d7a81	95	True	True	prevalidated_reference_input
nat_3e013aaa6defa9421798	data/processed/gv02_03_v2/member_b_handoff/gvpa_training_eligible.fasta	nat_3e013aaa6defa9421798	nat_3e013aaa6defa9421798	3e013aaa6defa9421798fff8e354ef30a45acf5afc839e06d7c6c6c1bded1ff1	90	True	True	prevalidated_reference_input
nat_ccd25408209dd226eaf9	data/processed/gv02_03_v2/member_b_handoff/gvpa_training_eligible.fasta	nat_ccd25408209dd226eaf9	nat_ccd25408209dd226eaf9	ccd25408209dd226eaf95c9255ff0de12c04411c57c39f04faa95f79a7841930	94	True	True	prevalidated_reference_input
nat_67dd37821af98e87666e	data/processed/gv02_03_v2/member_b_handoff/gvpa_training_eligible.fasta	nat_67dd37821af98e87666e	nat_67dd37821af98e87666e	67dd37821af98e87666e5a31bf3f8cca05fbcdf425b9706e6853ca251f145d21	96	True	True	prevalidated_reference_input
nat_87d470267a8c16ab7df9	data/processed/gv02_03_v2/member_b_handoff/gvpa_training_eligible.fasta	nat_87d470267a8c16ab7df9	nat_87d470267a8c16ab7df9	87d470267a8c16ab7df940fb92fc4a563e7753d63814e65247f4b39ca6166837	92	True	True	prevalidated_reference_input
nat_1eda5f35014077cd8e25	data/processed/gv02_03_v2/member_b_handoff/gvpa_training_eligible.fasta	nat_1eda5f35014077cd8e25	nat_1eda5f35014077cd8e25	1eda5f35014077cd8e255895b81bcbbd3ddca329cac29a21a39478022f8aeb9d	94	True	True	prevalidated_reference_input
nat_b872ca2d5a2d145dce35	data/processed/gv02_03_v2/member_b_handoff/gvpa_training_eligible.fasta	nat_b872ca2d5a2d145dce35	nat_b872ca2d5a2d145dce35	b872ca2d5a2d145dce354d36d77e70eb10a08b2055989b6d954f684f6957713d	90	True	True	prevalidated_reference_input
nat_b3561a1e0242e2259486	data/processed/gv02_03_v2/member_b_handoff/gvpa_training_eligible.fasta	nat_b3561a1e0242e2259486	nat_b3561a1e0242e2259486	b3561a1e0242e2259486fe4e0fe24920cc0a6cfa37ee2d5ee0f4ab2b949738c6	76	True	True	prevalidated_reference_input
nat_ede685c8031e89299cf7	data/processed/gv02_03_v2/member_b_handoff/gvpa_training_eligible.fasta	nat_ede685c8031e89299cf7	nat_ede685c8031e89299cf7	ede685c8031e89299cf7a422150732c34db87965882e0ac21561377ae427499f	76	True	True	prevalidated_reference_input
nat_d80e058d93177215aa4b	data/processed/gv02_03_v2/member_b_handoff/gvpa_training_eligible.fasta	nat_d80e058d93177215aa4b	nat_d80e058d93177215aa4b	d80e058d93177215aa4b827adc631f2a7322ab03a6cae75ab72c3d5738e3ecab	95	True	True	prevalidated_reference_input
nat_dbcea97f4e8354ba3556	data/processed/gv02_03_v2/member_b_handoff/gvpa_training_eligible.fasta	nat_dbcea97f4e8354ba3556	nat_dbcea97f4e8354ba3556	dbcea97f4e8354ba3556f158a30c55283df4e86ebf04d7cb671a0b5bc988481e	94	True	True	prevalidated_reference_input
nat_81de2b78d291d512c1e2	data/processed/gv02_03_v2/member_b_handoff/gvpa_training_eligible.fasta	nat_81de2b78d291d512c1e2	nat_81de2b78d291d512c1e2	81de2b78d291d512c1e2b89ae8836cdb922d557f92f68910cd6dc03255675b39	92	True	True	prevalidated_reference_input
nat_9ca97034ea4d97950343	data/processed/gv02_03_v2/member_b_handoff/gvpa_training_eligible.fasta	nat_9ca97034ea4d97950343	nat_9ca97034ea4d97950343	9ca97034ea4d97950343fc033bf484179c8f92c0a6eacdd99f4c28a6aec2bc6e	94	True	True	prevalidated_reference_input
nat_6b2c0d4d7468a9bb7cde	data/processed/gv02_03_v2/member_b_handoff/gvpa_training_eligible.fasta	nat_6b2c0d4d7468a9bb7cde	nat_6b2c0d4d7468a9bb7cde	6b2c0d4d7468a9bb7cde732e238d1ac37ecf48b7594a4e6dd060ed6a29af1d8a	94	True	True	prevalidated_reference_input
nat_4b58b860e36e01bdb682	data/processed/gv02_03_v2/member_b_handoff/gvpa_training_eligible.fasta	nat_4b58b860e36e01bdb682	nat_4b58b860e36e01bdb682	4b58b860e36e01bdb682367fbf44812eba6dd58e4e934c378bd9d6aadce1cc6b	95	True	True	prevalidated_reference_input
nat_d92cb9dcfcf48b731b50	data/processed/gv02_03_v2/member_b_handoff/gvpa_training_eligible.fasta	nat_d92cb9dcfcf48b731b50	nat_d92cb9dcfcf48b731b50	d92cb9dcfcf48b731b50931bffc59d2a1f06a3ae808fdec2f664a3f0d1d9d321	95	True	True	prevalidated_reference_input
nat_86af2bea85657bdc848a	data/processed/gv02_03_v2/member_b_handoff/gvpa_training_eligible.fasta	nat_86af2bea85657bdc848a	nat_86af2bea85657bdc848a	86af2bea85657bdc848aca42419445b798020105b889944f0f4a23c1f143c95c	93	True	True	prevalidated_reference_input
nat_6681febe116459c77b18	data/processed/gv02_03_v2/member_b_handoff/gvpa_training_eligible.fasta	nat_6681febe116459c77b18	nat_6681febe116459c77b18	6681febe116459c77b18efad7fef5a7301d8814a9125f9ef8f9f141b621e879c	94	True	True	prevalidated_reference_input
nat_3e6bf91c590be6684eed	data/processed/gv02_03_v2/member_b_handoff/gvpa_training_eligible.fasta	nat_3e6bf91c590be6684eed	nat_3e6bf91c590be6684eed	3e6bf91c590be6684eed9926f0f0e4b54a4578f221c09d95018d5a14908398b5	94	True	True	prevalidated_reference_input
nat_019e8d05123166c4099d	data/processed/gv02_03_v2/member_b_handoff/gvpa_training_eligible.fasta	nat_019e8d05123166c4099d	nat_019e8d05123166c4099d	019e8d05123166c4099d1d78d61a60881e08c412015de540a5f80e9c1fb5164f	86	True	True	prevalidated_reference_input
nat_7bd6d00159b2d7ed0289	data/processed/gv02_03_v2/member_b_handoff/gvpa_training_eligible.fasta	nat_7bd6d00159b2d7ed0289	nat_7bd6d00159b2d7ed0289	7bd6d00159b2d7ed0289baf8dbbc0ebb56120ef74e8b85de6d4ae75633b37760	87	True	True	prevalidated_reference_input
nat_fb877ea45a36f28c6227	data/processed/gv02_03_v2/member_b_handoff/gvpa_training_eligible.fasta	nat_fb877ea45a36f28c6227	nat_fb877ea45a36f28c6227	fb877ea45a36f28c6227d2338b208ab1161a2a4e796a6f84a45bb7d0af97d97c	87	True	True	prevalidated_reference_input
nat_ebb2fb66a808274ef5cf	data/processed/gv02_03_v2/member_b_handoff/gvpa_training_eligible.fasta	nat_ebb2fb66a808274ef5cf	nat_ebb2fb66a808274ef5cf	ebb2fb66a808274ef5cfe04707c1d81b3ad3ca9df72f30b25a365a4671a968a7	90	True	True	prevalidated_reference_input
nat_a8908cb0d732ddf5c6d4	data/processed/gv02_03_v2/member_b_handoff/gvpa_training_eligible.fasta	nat_a8908cb0d732ddf5c6d4	nat_a8908cb0d732ddf5c6d4	a8908cb0d732ddf5c6d4015b65fb6269eb16472b451882b8c89d16840fbc3e35	96	True	True	prevalidated_reference_input
nat_acb38079c01f07d0de6f	data/processed/gv02_03_v2/member_b_handoff/gvpa_training_eligible.fasta	nat_acb38079c01f07d0de6f	nat_acb38079c01f07d0de6f	acb38079c01f07d0de6f29f2273ec2474d3cad1e2f80da6f6ad246155c67ee1d	95	True	True	prevalidated_reference_input
nat_07248f2d3ff700c7afcd	data/processed/gv02_03_v2/member_b_handoff/gvpa_training_eligible.fasta	nat_07248f2d3ff700c7afcd	nat_07248f2d3ff700c7afcd	07248f2d3ff700c7afcd578e9123a5c406facb5736db0e6b2924d0c06383e9d8	82	True	True	prevalidated_reference_input
nat_edcfcd19baadeee00eaf	data/processed/gv02_03_v2/member_b_handoff/gvpa_training_eligible.fasta	nat_edcfcd19baadeee00eaf	nat_edcfcd19baadeee00eaf	edcfcd19baadeee00eaf88cd06aa255a44d20962443de37c5e4e6f69e5726912	95	True	True	prevalidated_reference_input
nat_320fa412f1f1ad675d12	data/processed/gv02_03_v2/member_b_handoff/gvpa_training_eligible.fasta	nat_320fa412f1f1ad675d12	nat_320fa412f1f1ad675d12	320fa412f1f1ad675d121137f62af03e9b7a5537d65ced7d2559d731d92bbefb	87	True	True	prevalidated_reference_input
nat_f7dbe09f7bde0afd3543	data/processed/gv02_03_v2/member_b_handoff/gvpa_training_eligible.fasta	nat_f7dbe09f7bde0afd3543	nat_f7dbe09f7bde0afd3543	f7dbe09f7bde0afd35430a77ff43add3b256326bed36cfc07fed23d5822002be	76	True	True	prevalidated_reference_input
nat_c8490949e18e771ed8c8	data/processed/gv02_03_v2/member_b_handoff/gvpa_training_eligible.fasta	nat_c8490949e18e771ed8c8	nat_c8490949e18e771ed8c8	c8490949e18e771ed8c8c54d9d56b4da4a1f8d86dfa0370f486346aacacdb834	94	True	True	prevalidated_reference_input
nat_94cdaea6b1db7bfe983f	data/processed/gv02_03_v2/member_b_handoff/gvpa_training_eligible.fasta	nat_94cdaea6b1db7bfe983f	nat_94cdaea6b1db7bfe983f	94cdaea6b1db7bfe983fd9e26f2c34a76d5b03114834feeda1e1a352b8bbdd5a	95	True	True	prevalidated_reference_input
nat_78005b3dddedd0251b7e	data/processed/gv02_03_v2/member_b_handoff/gvpa_training_eligible.fasta	nat_78005b3dddedd0251b7e	nat_78005b3dddedd0251b7e	78005b3dddedd0251b7e469f41fbcd8bf829877f05128bcc7791ccfc6e66686e	95	True	True	prevalidated_reference_input
nat_448d52f7c380acd65350	data/processed/gv02_03_v2/member_b_handoff/gvpa_training_eligible.fasta	nat_448d52f7c380acd65350	nat_448d52f7c380acd65350	448d52f7c380acd653509b909b66c6ae1230252cfa74026dcde3b1a46691dd4a	76	True	True	prevalidated_reference_input
nat_f603a0bdb36b55f44821	data/processed/gv02_03_v2/member_b_handoff/gvpa_training_eligible.fasta	nat_f603a0bdb36b55f44821	nat_f603a0bdb36b55f44821	f603a0bdb36b55f4482180fa3867f971263919a815b902f3c22fbd72cd37faeb	76	True	True	prevalidated_reference_input
nat_3cc2cb889cfdbbcaa17b	data/processed/gv02_03_v2/member_b_handoff/gvpa_training_eligible.fasta	nat_3cc2cb889cfdbbcaa17b	nat_3cc2cb889cfdbbcaa17b	3cc2cb889cfdbbcaa17bf78c8d1d3f4b5ca85aeafe19b48a7f83e9cfd59ead9f	72	True	True	prevalidated_reference_input
nat_b5ccff48f879b7cc34ad	data/processed/gv02_03_v2/member_b_handoff/gvpa_training_eligible.fasta	nat_b5ccff48f879b7cc34ad	nat_b5ccff48f879b7cc34ad	b5ccff48f879b7cc34ad8f5c36b63b1a1bb528349643c9b217bca4d7298417d4	92	True	True	prevalidated_reference_input
nat_32d58e5d24419efe5e0e	data/processed/gv02_03_v2/member_b_handoff/gvpa_training_eligible.fasta	nat_32d58e5d24419efe5e0e	nat_32d58e5d24419efe5e0e	32d58e5d24419efe5e0e2d345df828191c6edfe2f9e053ecf19a879f70d4d31e	76	True	True	prevalidated_reference_input
nat_b14dbbd56a14a6238029	data/processed/gv02_03_v2/member_b_handoff/gvpa_training_eligible.fasta	nat_b14dbbd56a14a6238029	nat_b14dbbd56a14a6238029	b14dbbd56a14a62380290dac535357a72a6641c6900bc8a641d3956ff85a3938	93	True	True	prevalidated_reference_input
nat_842bc418f0682cd2a9c8	data/processed/gv02_03_v2/member_b_handoff/gvpa_training_eligible.fasta	nat_842bc418f0682cd2a9c8	nat_842bc418f0682cd2a9c8	842bc418f0682cd2a9c8df6c49ea422dbc803155124a6846d7a60d9d83a8a90e	95	True	True	prevalidated_reference_input
nat_d5d6f3cedb33fb3328b6	data/processed/gv02_03_v2/member_b_handoff/gvpa_training_eligible.fasta	nat_d5d6f3cedb33fb3328b6	nat_d5d6f3cedb33fb3328b6	d5d6f3cedb33fb3328b601b229fc76346413f748702fa12fdf520f8cdc8519e2	95	True	True	prevalidated_reference_input
nat_30c8db5b2a48ec02340b	data/processed/gv02_03_v2/member_b_handoff/gvpa_training_eligible.fasta	nat_30c8db5b2a48ec02340b	nat_30c8db5b2a48ec02340b	30c8db5b2a48ec02340b2ce6c673667f0e2f4cfc8b42d7c7d20367dd7f71507f	94	True	True	prevalidated_reference_input
nat_69442765a7e1224b0435	data/processed/gv02_03_v2/member_b_handoff/gvpa_training_eligible.fasta	nat_69442765a7e1224b0435	nat_69442765a7e1224b0435	69442765a7e1224b043564331c6a208751a6131dc80765ddc7035960ee05acfe	96	True	True	prevalidated_reference_input
nat_90e82772d308676c7556	data/processed/gv02_03_v2/member_b_handoff/gvpa_training_eligible.fasta	nat_90e82772d308676c7556	nat_90e82772d308676c7556	90e82772d308676c75568c0c440d84add6c49bafb1f3bedb28a64fca998175f4	74	True	True	prevalidated_reference_input
nat_8f5ca23cd23d0262e12b	data/processed/gv02_03_v2/member_b_handoff/gvpa_training_eligible.fasta	nat_8f5ca23cd23d0262e12b	nat_8f5ca23cd23d0262e12b	8f5ca23cd23d0262e12ba17fdf7f59af0af7fbfbf872d5e03a508e72d66e5cf7	76	True	True	prevalidated_reference_input
nat_a4ce46bc0db75edd2892	data/processed/gv02_03_v2/member_b_handoff/gvpa_training_eligible.fasta	nat_a4ce46bc0db75edd2892	nat_a4ce46bc0db75edd2892	a4ce46bc0db75edd289273c61df2447a16f7eaa54328c95a55ded723eb926a9b	76	True	True	prevalidated_reference_input
nat_1564401f2a553c444667	data/processed/gv02_03_v2/member_b_handoff/gvpa_training_eligible.fasta	nat_1564401f2a553c444667	nat_1564401f2a553c444667	1564401f2a553c4446671309877ae8049b5a83a474fb16f11935710b111eab15	96	True	True	prevalidated_reference_input
nat_5d40201e59780a4578e1	data/processed/gv02_03_v2/member_b_handoff/gvpa_training_eligible.fasta	nat_5d40201e59780a4578e1	nat_5d40201e59780a4578e1	5d40201e59780a4578e1d59e27b596d8b7ecbc64ed4cc25e82feb3008c524ad8	95	True	True	prevalidated_reference_input
nat_718f9add2c10ca08b4a5	data/processed/gv02_03_v2/member_b_handoff/gvpa_training_eligible.fasta	nat_718f9add2c10ca08b4a5	nat_718f9add2c10ca08b4a5	718f9add2c10ca08b4a575acf96abc0dcfd73ebbeae7c2909b168d955ffc5d3f	87	True	True	prevalidated_reference_input
nat_0101bc590c89813c161a	data/processed/gv02_03_v2/member_b_handoff/gvpa_training_eligible.fasta	nat_0101bc590c89813c161a	nat_0101bc590c89813c161a	0101bc590c89813c161ae168ca4f86007d01c01c36444a15865973f349d0339a	94	True	True	prevalidated_reference_input
nat_c0d8f1302fa41452efbc	data/processed/gv02_03_v2/member_b_handoff/gvpa_training_eligible.fasta	nat_c0d8f1302fa41452efbc	nat_c0d8f1302fa41452efbc	c0d8f1302fa41452efbc27f0da36de9737dad5583e87b081c35fdb231d1dfb9e	95	True	True	prevalidated_reference_input
nat_6dc60142a293ec7c6dcb	data/processed/gv02_03_v2/member_b_handoff/gvpa_training_eligible.fasta	nat_6dc60142a293ec7c6dcb	nat_6dc60142a293ec7c6dcb	6dc60142a293ec7c6dcbc27c09b6bd4ab18fe21e29a4c461e5c54fe81310b371	87	True	True	prevalidated_reference_input
nat_3d7fc725cd17cf23a73c	data/processed/gv02_03_v2/member_b_handoff/gvpa_training_eligible.fasta	nat_3d7fc725cd17cf23a73c	nat_3d7fc725cd17cf23a73c	3d7fc725cd17cf23a73cdd2fb181a785b4c0ce2fd640f88c1f716c829b659260	97	True	True	prevalidated_reference_input
nat_729a9790a662e92ab379	data/processed/gv02_03_v2/member_b_handoff/gvpa_training_eligible.fasta	nat_729a9790a662e92ab379	nat_729a9790a662e92ab379	729a9790a662e92ab3799a9b33c364191eba685ca2792cdf185ac1d3fb9631ce	96	True	True	prevalidated_reference_input
nat_215f48254c804f1f2876	data/processed/gv02_03_v2/member_b_handoff/gvpa_training_eligible.fasta	nat_215f48254c804f1f2876	nat_215f48254c804f1f2876	215f48254c804f1f2876885b96f7a1981396e0fb0da219049cbad3c376111fab	94	True	True	prevalidated_reference_input
nat_62bc5089576517d5fad1	data/processed/gv02_03_v2/member_b_handoff/gvpa_training_eligible.fasta	nat_62bc5089576517d5fad1	nat_62bc5089576517d5fad1	62bc5089576517d5fad1f755bd6f0eda8ed64f4dc9ca1f0cd5ab9ed08b8ae872	93	True	True	prevalidated_reference_input
nat_8189ed3c9ac18707f549	data/processed/gv02_03_v2/member_b_handoff/gvpa_training_eligible.fasta	nat_8189ed3c9ac18707f549	nat_8189ed3c9ac18707f549	8189ed3c9ac18707f54985fd1f832186b5ab06ffd03b98d13b6a5a880b456e0a	94	True	True	prevalidated_reference_input
nat_168a7720be25950ce7a5	data/processed/gv02_03_v2/member_b_handoff/gvpa_training_eligible.fasta	nat_168a7720be25950ce7a5	nat_168a7720be25950ce7a5	168a7720be25950ce7a56e347f224374ee278a9197375f2b7d12fea4130f8457	94	True	True	prevalidated_reference_input
nat_c468502803b4ab5981f1	data/processed/gv02_03_v2/member_b_handoff/gvpa_training_eligible.fasta	nat_c468502803b4ab5981f1	nat_c468502803b4ab5981f1	c468502803b4ab5981f1302a02b554d7384ecf63ec65dfc34a329984ff234ccc	95	True	True	prevalidated_reference_input
nat_d07d112598796fe30d76	data/processed/gv02_03_v2/member_b_handoff/gvpa_training_eligible.fasta	nat_d07d112598796fe30d76	nat_d07d112598796fe30d76	d07d112598796fe30d761bb0dee53a532c60b6f2660ff50f32e5608f27b8723f	95	True	True	prevalidated_reference_input
nat_dad443e0412ef646de5e	data/processed/gv02_03_v2/member_b_handoff/gvpa_training_eligible.fasta	nat_dad443e0412ef646de5e	nat_dad443e0412ef646de5e	dad443e0412ef646de5e1ae6b2283ed6666f0e42f2690ca0f566cbd01cf47c41	95	True	True	prevalidated_reference_input
nat_145768217677e4dfa78e	data/processed/gv02_03_v2/member_b_handoff/gvpa_training_eligible.fasta	nat_145768217677e4dfa78e	nat_145768217677e4dfa78e	145768217677e4dfa78ed5dde6674fe0ca135ad06080e9e3798a31edb3c3e23c	78	True	True	prevalidated_reference_input
nat_1f956fdbc151f2ec0ffb	data/processed/gv02_03_v2/member_b_handoff/gvpa_training_eligible.fasta	nat_1f956fdbc151f2ec0ffb	nat_1f956fdbc151f2ec0ffb	1f956fdbc151f2ec0ffb1f0d512e8c72eb59659a79d6fdd4047293e97fad8dda	95	True	True	prevalidated_reference_input
nat_00058845722df3ede422	data/processed/gv02_03_v2/member_b_handoff/gvpa_training_eligible.fasta	nat_00058845722df3ede422	nat_00058845722df3ede422	00058845722df3ede42246221d3dd0d68e42ec4d53ca2d5b48576007b95adbfe	94	True	True	prevalidated_reference_input
nat_0c143ad343586201fcf9	data/processed/gv02_03_v2/member_b_handoff/gvpa_training_eligible.fasta	nat_0c143ad343586201fcf9	nat_0c143ad343586201fcf9	0c143ad343586201fcf9a3504764a20810d30e8d1de52807930145512c74f4c8	69	True	True	prevalidated_reference_input
nat_2708b2500f3eefced6c0	data/processed/gv02_03_v2/member_b_handoff/gvpa_training_eligible.fasta	nat_2708b2500f3eefced6c0	nat_2708b2500f3eefced6c0	2708b2500f3eefced6c03a2e849c6957074512fb0f014e8343be33cf184f5066	69	True	True	prevalidated_reference_input
nat_444b2346dad8b8d36df2	data/processed/gv02_03_v2/member_b_handoff/gvpa_training_eligible.fasta	nat_444b2346dad8b8d36df2	nat_444b2346dad8b8d36df2	444b2346dad8b8d36df26a3c5f4c05fe76772f974e7bcd020fa19b6132e0ca44	71	True	True	prevalidated_reference_input
nat_5fb53d83d56d48c68c10	data/processed/gv02_03_v2/member_b_handoff/gvpa_training_eligible.fasta	nat_5fb53d83d56d48c68c10	nat_5fb53d83d56d48c68c10	5fb53d83d56d48c68c10c69bbbc1d2674a8448de312e77544dac1fbb63c5f949	71	True	True	prevalidated_reference_input
nat_dd1c249d0891ddb7284f	data/processed/gv02_03_v2/member_b_handoff/gvpa_training_eligible.fasta	nat_dd1c249d0891ddb7284f	nat_dd1c249d0891ddb7284f	dd1c249d0891ddb7284f0f9c047e5891ce47556dd767e6235b9e039efc5e7d8f	71	True	True	prevalidated_reference_input
nat_25fcb1b7b6c3c6f6f29d	data/processed/gv02_03_v2/member_b_handoff/gvpa_training_eligible.fasta	nat_25fcb1b7b6c3c6f6f29d	nat_25fcb1b7b6c3c6f6f29d	25fcb1b7b6c3c6f6f29d297ffe5e8ee45369c0012ecf179b3592855f1435475b	68	True	True	prevalidated_reference_input
nat_ffde9c8a0aa4cd762cfd	data/processed/gv02_03_v2/member_b_handoff/gvpa_training_eligible.fasta	nat_ffde9c8a0aa4cd762cfd	nat_ffde9c8a0aa4cd762cfd	ffde9c8a0aa4cd762cfdac8019aa7ff22a264d2536d40a17ae6ed8124c75dfc6	70	True	True	prevalidated_reference_input
nat_08ca607a70bf3998101a	data/processed/gv02_03_v2/member_b_handoff/gvpa_training_eligible.fasta	nat_08ca607a70bf3998101a	nat_08ca607a70bf3998101a	08ca607a70bf3998101a9512eb52b57c1b80e2c13c49a70a6984ed5d0bef0b30	70	True	True	prevalidated_reference_input
nat_9f8db13e803cecc901b7	data/processed/gv02_03_v2/member_b_handoff/gvpa_training_eligible.fasta	nat_9f8db13e803cecc901b7	nat_9f8db13e803cecc901b7	9f8db13e803cecc901b782bc92f7a669b196f8d1559a4f7432d1ca4dfbec22bc	70	True	True	prevalidated_reference_input
nat_505ccb0a3946a89f0437	data/processed/gv02_03_v2/member_b_handoff/gvpa_training_eligible.fasta	nat_505ccb0a3946a89f0437	nat_505ccb0a3946a89f0437	505ccb0a3946a89f043772a19b0276f10c34dede49965e1817e861e3000c1cba	70	True	True	prevalidated_reference_input
nat_d43d1d5ec03e055dcf06	data/processed/gv02_03_v2/member_b_handoff/gvpa_training_eligible.fasta	nat_d43d1d5ec03e055dcf06	nat_d43d1d5ec03e055dcf06	d43d1d5ec03e055dcf06d5715d69b3a4b218fb2526beaf4ce6cd8aff93b974a4	70	True	True	prevalidated_reference_input
nat_c8ff85651c16b5c02641	data/processed/gv02_03_v2/member_b_handoff/gvpa_training_eligible.fasta	nat_c8ff85651c16b5c02641	nat_c8ff85651c16b5c02641	c8ff85651c16b5c02641dea13a8c9f6200d4c67afc73ad60421d9105f5bbec37	68	True	True	prevalidated_reference_input
nat_6b39f5a7fb6bca78b4de	data/processed/gv02_03_v2/member_b_handoff/gvpa_training_eligible.fasta	nat_6b39f5a7fb6bca78b4de	nat_6b39f5a7fb6bca78b4de	6b39f5a7fb6bca78b4de78848a0590c9ba9381a0596c3f500d9bf9a9db38751f	68	True	True	prevalidated_reference_input
nat_1f4f50f1349e137c7f32	data/processed/gv02_03_v2/member_b_handoff/gvpa_training_eligible.fasta	nat_1f4f50f1349e137c7f32	nat_1f4f50f1349e137c7f32	1f4f50f1349e137c7f3208f16caa01bdad2970714663a63d2c93485d175437c7	71	True	True	prevalidated_reference_input
nat_5ff91e8d3cfc9ac60d0d	data/processed/gv02_03_v2/member_b_handoff/gvpa_training_eligible.fasta	nat_5ff91e8d3cfc9ac60d0d	nat_5ff91e8d3cfc9ac60d0d	5ff91e8d3cfc9ac60d0da6d4bff769a4c4cef44d9e8b9d3dac677e2e966ed6fa	72	True	True	prevalidated_reference_input
nat_b07305ca6f722d02988a	data/processed/gv02_03_v2/member_b_handoff/gvpa_training_eligible.fasta	nat_b07305ca6f722d02988a	nat_b07305ca6f722d02988a	b07305ca6f722d02988a3d0c756feb0815d3b6a95c9e62b3013a423b137a8b56	71	True	True	prevalidated_reference_input
nat_8d6274f78693091697cf	data/processed/gv02_03_v2/member_b_handoff/gvpa_training_eligible.fasta	nat_8d6274f78693091697cf	nat_8d6274f78693091697cf	8d6274f78693091697cf066d860d6107e0284d36ff784ac52e8bdd59f203229b	70	True	True	prevalidated_reference_input
nat_262acad32bf64e600812	data/processed/gv02_03_v2/member_b_handoff/gvpa_training_eligible.fasta	nat_262acad32bf64e600812	nat_262acad32bf64e600812	262acad32bf64e600812dbe317d432363f2a5c5dcb0bea6cfaa11de3ef08c572	75	True	True	prevalidated_reference_input
nat_86ba936b09d3d4c2dbfa	data/processed/gv02_03_v2/member_b_handoff/gvpa_training_eligible.fasta	nat_86ba936b09d3d4c2dbfa	nat_86ba936b09d3d4c2dbfa	86ba936b09d3d4c2dbfaae01e2029bfa42384277d05b3999043640c63145625b	68	True	True	prevalidated_reference_input
nat_c96b24fc03ee6b66c3d6	data/processed/gv02_03_v2/member_b_handoff/gvpa_training_eligible.fasta	nat_c96b24fc03ee6b66c3d6	nat_c96b24fc03ee6b66c3d6	c96b24fc03ee6b66c3d6db1d4dbfdf5a829cb2f5a5ac51723c83800ae81e4aff	68	True	True	prevalidated_reference_input
nat_ed3338aeeaf3197e41d9	data/processed/gv02_03_v2/member_b_handoff/gvpa_training_eligible.fasta	nat_ed3338aeeaf3197e41d9	nat_ed3338aeeaf3197e41d9	ed3338aeeaf3197e41d9f3b49f822f83be8358d114c4e683180c9cbe5b6e2647	68	True	True	prevalidated_reference_input
nat_5883761e33f67abd193e	data/processed/gv02_03_v2/member_b_handoff/gvpa_training_eligible.fasta	nat_5883761e33f67abd193e	nat_5883761e33f67abd193e	5883761e33f67abd193ec3c033807077fa86d7441f5480dedb0c45c47de2d2d7	68	True	True	prevalidated_reference_input
nat_fb63ecbac61c302167f9	data/processed/gv02_03_v2/member_b_handoff/gvpa_training_eligible.fasta	nat_fb63ecbac61c302167f9	nat_fb63ecbac61c302167f9	fb63ecbac61c302167f920fcc1a3500f2fbbd2afc3ff29984a0762f6ce0653bf	147	True	True	prevalidated_reference_input
nat_2b769a64bdbe24f6dbc7	data/processed/gv02_03_v2/member_b_handoff/gvpa_training_eligible.fasta	nat_2b769a64bdbe24f6dbc7	nat_2b769a64bdbe24f6dbc7	2b769a64bdbe24f6dbc761932d2659e2b37730bb31d575bda50d22ede5ca9712	147	True	True	prevalidated_reference_input
nat_219e1145c7c5f874f9d7	data/processed/gv02_03_v2/member_b_handoff/gvpa_training_eligible.fasta	nat_219e1145c7c5f874f9d7	nat_219e1145c7c5f874f9d7	219e1145c7c5f874f9d797ec77f60d84bedf5ec098c216185b4d62eb20b62e9e	154	True	True	prevalidated_reference_input
nat_7b9e043074608d733fa7	data/processed/gv02_03_v2/member_b_handoff/gvpa_training_eligible.fasta	nat_7b9e043074608d733fa7	nat_7b9e043074608d733fa7	7b9e043074608d733fa72c2d1537a85a9f066180f066c7dccb48472069ce640e	154	True	True	prevalidated_reference_input
nat_93acd62cda39262797de	data/processed/gv02_03_v2/member_b_handoff/gvpa_training_eligible.fasta	nat_93acd62cda39262797de	nat_93acd62cda39262797de	93acd62cda39262797de612ea5c4652847758913fa8ff8c766e84ebd13a17f87	160	True	True	prevalidated_reference_input
nat_81c712b2f98895c40a2d	data/processed/gv02_03_v2/member_b_handoff/gvpa_training_eligible.fasta	nat_81c712b2f98895c40a2d	nat_81c712b2f98895c40a2d	81c712b2f98895c40a2ddd233e82cd441e197a9c3c238140dfe93eb144babaad	152	True	True	prevalidated_reference_input
nat_45d8bf8bea0b0845fea0	data/processed/gv02_03_v2/member_b_handoff/gvpa_training_eligible.fasta	nat_45d8bf8bea0b0845fea0	nat_45d8bf8bea0b0845fea0	45d8bf8bea0b0845fea0454ddcc5aeef60886812481cab811e7b2c5e31b593c1	139	True	True	prevalidated_reference_input
nat_5d7c3d0594612da43ea2	data/processed/gv02_03_v2/member_b_handoff/gvpa_training_eligible.fasta	nat_5d7c3d0594612da43ea2	nat_5d7c3d0594612da43ea2	5d7c3d0594612da43ea22e75595e807f8d301c7b38eca653a97700234387055e	137	True	True	prevalidated_reference_input
nat_4469cb3e6c41fb1309a3	data/processed/gv02_03_v2/member_b_handoff/gvpa_training_eligible.fasta	nat_4469cb3e6c41fb1309a3	nat_4469cb3e6c41fb1309a3	4469cb3e6c41fb1309a310573d010aa354b164353318ad7adc1b75671a984659	148	True	True	prevalidated_reference_input
nat_747d60b2bd9f9baa6cfc	data/processed/gv02_03_v2/member_b_handoff/gvpa_training_eligible.fasta	nat_747d60b2bd9f9baa6cfc	nat_747d60b2bd9f9baa6cfc	747d60b2bd9f9baa6cfc25e72c691c86ac561a9e907c34cc5085913170b5fcb5	156	True	True	prevalidated_reference_input
nat_8a4162d5996844339fef	data/processed/gv02_03_v2/member_b_handoff/gvpa_training_eligible.fasta	nat_8a4162d5996844339fef	nat_8a4162d5996844339fef	8a4162d5996844339fefcc7949127c12b1face55cf3ba1afda2a99f8bb5ad3a5	135	True	True	prevalidated_reference_input
nat_e3ae3cb5783250fb742f	data/processed/gv02_03_v2/member_b_handoff/gvpa_training_eligible.fasta	nat_e3ae3cb5783250fb742f	nat_e3ae3cb5783250fb742f	e3ae3cb5783250fb742fb71fd41788066eafe4e9503a858545a216b3b1c140a9	155	True	True	prevalidated_reference_input
nat_9c7fbca4e03cd6830bf2	data/processed/gv02_03_v2/member_b_handoff/gvpa_training_eligible.fasta	nat_9c7fbca4e03cd6830bf2	nat_9c7fbca4e03cd6830bf2	9c7fbca4e03cd6830bf22f375f47a20a578d93a8f16380964946093df4e4685f	146	True	True	prevalidated_reference_input
nat_a781ed1499476fa04028	data/processed/gv02_03_v2/member_b_handoff/gvpa_training_eligible.fasta	nat_a781ed1499476fa04028	nat_a781ed1499476fa04028	a781ed1499476fa04028456993ef07a195b09521cebe488ec92344ff87e2e2d5	151	True	True	prevalidated_reference_input
nat_8430c66867e7555de5e1	data/processed/gv02_03_v2/member_b_handoff/gvpa_training_eligible.fasta	nat_8430c66867e7555de5e1	nat_8430c66867e7555de5e1	8430c66867e7555de5e15b2954a1ef6fecbe33c07883a824ca457f6cecf46e1f	155	True	True	prevalidated_reference_input
nat_29fc4eacaf44be490bad	data/processed/gv02_03_v2/member_b_handoff/gvpa_training_eligible.fasta	nat_29fc4eacaf44be490bad	nat_29fc4eacaf44be490bad	29fc4eacaf44be490badeadbce3c4cd75afe1507fe0e57c73f835b331eeefd20	154	True	True	prevalidated_reference_input
nat_6bd198e130544a8380c7	data/processed/gv02_03_v2/member_b_handoff/gvpa_training_eligible.fasta	nat_6bd198e130544a8380c7	nat_6bd198e130544a8380c7	6bd198e130544a8380c7db1d2cbbf6fb92a84322fdf266b455cc5224aabe209b	158	True	True	prevalidated_reference_input
nat_be1dac504153ecab385d	data/processed/gv02_03_v2/member_b_handoff/gvpa_training_eligible.fasta	nat_be1dac504153ecab385d	nat_be1dac504153ecab385d	be1dac504153ecab385d6451585ae431c1a72f137cf109d97d662157c10dd226	154	True	True	prevalidated_reference_input
nat_074f333dec93d43ec001	data/processed/gv02_03_v2/member_b_handoff/gvpa_training_eligible.fasta	nat_074f333dec93d43ec001	nat_074f333dec93d43ec001	074f333dec93d43ec001ab5196dc8d9407e32e65e924082593fdfab9b32f9cc2	153	True	True	prevalidated_reference_input
nat_70cf8e4638ff311302cb	data/processed/gv02_03_v2/member_b_handoff/gvpa_training_eligible.fasta	nat_70cf8e4638ff311302cb	nat_70cf8e4638ff311302cb	70cf8e4638ff311302cb5ca8bdaf2b05615557c2718837bce8b58329e68c16b3	157	True	True	prevalidated_reference_input
nat_b80283670de4d1ac6811	data/processed/gv02_03_v2/member_b_handoff/gvpa_training_eligible.fasta	nat_b80283670de4d1ac6811	nat_b80283670de4d1ac6811	b80283670de4d1ac68117d77d77f5ad0da0d86aa1820dfb25d4d15984fb85944	155	True	True	prevalidated_reference_input
nat_4b01b5214abfe7d6396a	data/processed/gv02_03_v2/member_b_handoff/gvpa_training_eligible.fasta	nat_4b01b5214abfe7d6396a	nat_4b01b5214abfe7d6396a	4b01b5214abfe7d6396a3eb166a64cd0d4023bda7fada08d77ce4076434a441f	153	True	True	prevalidated_reference_input
nat_d71b202a146af4e5c40e	data/processed/gv02_03_v2/member_b_handoff/gvpa_training_eligible.fasta	nat_d71b202a146af4e5c40e	nat_d71b202a146af4e5c40e	d71b202a146af4e5c40e1d8651f7c026298b5e7307054da065294585b1a2834f	157	True	True	prevalidated_reference_input
nat_f1843d79acb220241dfc	data/processed/gv02_03_v2/member_b_handoff/gvpa_training_eligible.fasta	nat_f1843d79acb220241dfc	nat_f1843d79acb220241dfc	f1843d79acb220241dfcc797c35d9cdf333bd84f6a2cdf15949d578320dc0326	154	True	True	prevalidated_reference_input
nat_d69494036b1115ae54ae	data/processed/gv02_03_v2/member_b_handoff/gvpa_training_eligible.fasta	nat_d69494036b1115ae54ae	nat_d69494036b1115ae54ae	d69494036b1115ae54ae393e4fc3b3c8b3154e29a8cc4f7d49c7bcabdaaca116	156	True	True	prevalidated_reference_input
nat_48a350d902c4c631f095	data/processed/gv02_03_v2/member_b_handoff/gvpa_training_eligible.fasta	nat_48a350d902c4c631f095	nat_48a350d902c4c631f095	48a350d902c4c631f095b6d66737f2825d9eb62b9637b7f9290a69b11513f2c7	154	True	True	prevalidated_reference_input
nat_8d5392221648a605a7c2	data/processed/gv02_03_v2/member_b_handoff/gvpa_training_eligible.fasta	nat_8d5392221648a605a7c2	nat_8d5392221648a605a7c2	8d5392221648a605a7c200c6891205f9bc7671101816b410142de5be6593b9ad	134	True	True	prevalidated_reference_input
nat_3997c1e8cae542beb07c	data/processed/gv02_03_v2/member_b_handoff/gvpa_training_eligible.fasta	nat_3997c1e8cae542beb07c	nat_3997c1e8cae542beb07c	3997c1e8cae542beb07c015028a096879da4b6d8a654cba6edf95cbe386718b3	156	True	True	prevalidated_reference_input
nat_67d45ce3d0daa27e3aa3	data/processed/gv02_03_v2/member_b_handoff/gvpa_training_eligible.fasta	nat_67d45ce3d0daa27e3aa3	nat_67d45ce3d0daa27e3aa3	67d45ce3d0daa27e3aa3c9478875543a71c41471e413409d150d415759cb9525	156	True	True	prevalidated_reference_input
nat_c7e8400b87d18c0ef7e0	data/processed/gv02_03_v2/member_b_handoff/gvpa_training_eligible.fasta	nat_c7e8400b87d18c0ef7e0	nat_c7e8400b87d18c0ef7e0	c7e8400b87d18c0ef7e0fce724bd3e50a675687052b9b2896b89fa9dc2806374	152	True	True	prevalidated_reference_input
nat_45b0f1ea69baf732de14	data/processed/gv02_03_v2/member_b_handoff/gvpa_training_eligible.fasta	nat_45b0f1ea69baf732de14	nat_45b0f1ea69baf732de14	45b0f1ea69baf732de14489d7621432c589f3147754cf2a724ee76af338459bf	147	True	True	prevalidated_reference_input
nat_33d8dbb5443a9dadf56d	data/processed/gv02_03_v2/member_b_handoff/gvpa_training_eligible.fasta	nat_33d8dbb5443a9dadf56d	nat_33d8dbb5443a9dadf56d	33d8dbb5443a9dadf56dd26ec9768c6243bb1b51920d6d16f721c17ca4f06646	157	True	True	prevalidated_reference_input
nat_ff800aecb7c2e95dee99	data/processed/gv02_03_v2/member_b_handoff/gvpa_training_eligible.fasta	nat_ff800aecb7c2e95dee99	nat_ff800aecb7c2e95dee99	ff800aecb7c2e95dee995632f38f39f4f8a9337144730532c4a4464e60a684bd	156	True	True	prevalidated_reference_input
nat_9065be60727dc7f9b388	data/processed/gv02_03_v2/member_b_handoff/gvpa_training_eligible.fasta	nat_9065be60727dc7f9b388	nat_9065be60727dc7f9b388	9065be60727dc7f9b38883de26c912c2e67f5ca2230e5b0a4fadad7b5578bff7	148	True	True	prevalidated_reference_input
nat_cefd53f493008d2ff90c	data/processed/gv02_03_v2/member_b_handoff/gvpa_training_eligible.fasta	nat_cefd53f493008d2ff90c	nat_cefd53f493008d2ff90c	cefd53f493008d2ff90c013a3bef3626dafd83b20c3f35464070601743941cab	159	True	True	prevalidated_reference_input
nat_e3077655950eb8305d3c	data/processed/gv02_03_v2/member_b_handoff/gvpa_training_eligible.fasta	nat_e3077655950eb8305d3c	nat_e3077655950eb8305d3c	e3077655950eb8305d3cf37e4839e30e88a91376f65493a909adb159a3d26f6b	153	True	True	prevalidated_reference_input
nat_3bac021c5495186db378	data/processed/gv02_03_v2/member_b_handoff/gvpa_training_eligible.fasta	nat_3bac021c5495186db378	nat_3bac021c5495186db378	3bac021c5495186db378739542247176693480f30681e1cab53b024b73311da3	150	True	True	prevalidated_reference_input
nat_d5cf1fda20a7d9852de3	data/processed/gv02_03_v2/member_b_handoff/gvpa_training_eligible.fasta	nat_d5cf1fda20a7d9852de3	nat_d5cf1fda20a7d9852de3	d5cf1fda20a7d9852de3ff1cc9f71fe738c0a0ea7a9b9f88376dcdc5aca2492c	137	True	True	prevalidated_reference_input
nat_47c6d3995b8146f9e99e	data/processed/gv02_03_v2/member_b_handoff/gvpa_training_eligible.fasta	nat_47c6d3995b8146f9e99e	nat_47c6d3995b8146f9e99e	47c6d3995b8146f9e99e8398246c032f09511347b340131ac62fbd578b3785fd	155	True	True	prevalidated_reference_input
nat_51872cd8b900b7db59b4	data/processed/gv02_03_v2/member_b_handoff/gvpa_training_eligible.fasta	nat_51872cd8b900b7db59b4	nat_51872cd8b900b7db59b4	51872cd8b900b7db59b4cb4c59f81cffbdf3d79cd890be22619e7a1259ad8788	153	True	True	prevalidated_reference_input
nat_9c754b1740d1977b7a29	data/processed/gv02_03_v2/member_b_handoff/gvpa_training_eligible.fasta	nat_9c754b1740d1977b7a29	nat_9c754b1740d1977b7a29	9c754b1740d1977b7a29f9164e475cadaf302bb79ba19fbee1471c103818a6b9	155	True	True	prevalidated_reference_input
nat_0eb236c2a0a999a958fc	data/processed/gv02_03_v2/member_b_handoff/gvpa_training_eligible.fasta	nat_0eb236c2a0a999a958fc	nat_0eb236c2a0a999a958fc	0eb236c2a0a999a958fc0e5ac90d917c24af942e904da8a6c29f20ec71e7cf1f	156	True	True	prevalidated_reference_input
nat_1f2decc9d9629b127278	data/processed/gv02_03_v2/member_b_handoff/gvpa_training_eligible.fasta	nat_1f2decc9d9629b127278	nat_1f2decc9d9629b127278	1f2decc9d9629b127278278a79c2631cfe1372e33fb9f7fa3062c90a64d8e731	158	True	True	prevalidated_reference_input
nat_101346775bd8fc719b54	data/processed/gv02_03_v2/member_b_handoff/gvpa_training_eligible.fasta	nat_101346775bd8fc719b54	nat_101346775bd8fc719b54	101346775bd8fc719b54979e083bfbf7f14d0836e1721babe826a6889b637cab	150	True	True	prevalidated_reference_input
nat_d53262c07427087628bb	data/processed/gv02_03_v2/member_b_handoff/gvpa_training_eligible.fasta	nat_d53262c07427087628bb	nat_d53262c07427087628bb	d53262c07427087628bb5a498703d5d97e379e19f0caa81d058eaa98a59eb751	155	True	True	prevalidated_reference_input
nat_05faae01597311327997	data/processed/gv02_03_v2/member_b_handoff/gvpa_training_eligible.fasta	nat_05faae01597311327997	nat_05faae01597311327997	05faae01597311327997dcaa18a986a0dcf6a39f96c69beb335d17057b021d9c	155	True	True	prevalidated_reference_input
nat_210e9a5f9b72676b9ce0	data/processed/gv02_03_v2/member_b_handoff/gvpa_training_eligible.fasta	nat_210e9a5f9b72676b9ce0	nat_210e9a5f9b72676b9ce0	210e9a5f9b72676b9ce0414231b8690a99fbf64edbe8fd9feb7357e5592b915a	157	True	True	prevalidated_reference_input
nat_6ee0ebbf185af1c7d346	data/processed/gv02_03_v2/member_b_handoff/gvpa_training_eligible.fasta	nat_6ee0ebbf185af1c7d346	nat_6ee0ebbf185af1c7d346	6ee0ebbf185af1c7d3460764754f389d48c1ea9ffab11a5e7f9dcc9084296705	135	True	True	prevalidated_reference_input
nat_6d257d8cbeb3f3af448a	data/processed/gv02_03_v2/member_b_handoff/gvpa_training_eligible.fasta	nat_6d257d8cbeb3f3af448a	nat_6d257d8cbeb3f3af448a	6d257d8cbeb3f3af448a4055c1cecbeae018a2b575e09fa0c35fc7d6c4bef6ea	150	True	True	prevalidated_reference_input
nat_31ec72d1a2119ce61d3a	data/processed/gv02_03_v2/member_b_handoff/gvpa_training_eligible.fasta	nat_31ec72d1a2119ce61d3a	nat_31ec72d1a2119ce61d3a	31ec72d1a2119ce61d3ab1c9e881b91ab153f970f83c6bec9c667d411415707c	157	True	True	prevalidated_reference_input
nat_fd6df642808b7adaae7d	data/processed/gv02_03_v2/member_b_handoff/gvpa_training_eligible.fasta	nat_fd6df642808b7adaae7d	nat_fd6df642808b7adaae7d	fd6df642808b7adaae7d2540069b145a548b9730b610a70e72cead707ae5250d	156	True	True	prevalidated_reference_input
nat_f5d47642f8821cca8f9a	data/processed/gv02_03_v2/member_b_handoff/gvpa_training_eligible.fasta	nat_f5d47642f8821cca8f9a	nat_f5d47642f8821cca8f9a	f5d47642f8821cca8f9ae6329a4214c7befc7fa09fd18d127a835b12ef107cce	156	True	True	prevalidated_reference_input
nat_fb2578ea0ecaed2ea0af	data/processed/gv02_03_v2/member_b_handoff/gvpa_training_eligible.fasta	nat_fb2578ea0ecaed2ea0af	nat_fb2578ea0ecaed2ea0af	fb2578ea0ecaed2ea0af684106804e701bda55c6acad0db623d791b8fbbb5933	157	True	True	prevalidated_reference_input
nat_ae1ae553d673be7a537f	data/processed/gv02_03_v2/member_b_handoff/gvpa_training_eligible.fasta	nat_ae1ae553d673be7a537f	nat_ae1ae553d673be7a537f	ae1ae553d673be7a537f7df1b7fdc086f9c3132ced6a0e0e96c315e46a084408	157	True	True	prevalidated_reference_input
nat_e3bf29001a743e3b64f9	data/processed/gv02_03_v2/member_b_handoff/gvpa_training_eligible.fasta	nat_e3bf29001a743e3b64f9	nat_e3bf29001a743e3b64f9	e3bf29001a743e3b64f9658118850b01ee4b7e48a2ec05c9bd0f6c62dcbbd652	158	True	True	prevalidated_reference_input
nat_f7d9d7742f0844e679ec	data/processed/gv02_03_v2/member_b_handoff/gvpa_training_eligible.fasta	nat_f7d9d7742f0844e679ec	nat_f7d9d7742f0844e679ec	f7d9d7742f0844e679ecf4dff72420dd25def443ad8a737939309d3f808b5be7	148	True	True	prevalidated_reference_input
nat_4b3cb9501939449bf9be	data/processed/gv02_03_v2/member_b_handoff/gvpa_training_eligible.fasta	nat_4b3cb9501939449bf9be	nat_4b3cb9501939449bf9be	4b3cb9501939449bf9be23813d969b79c18281ea8363a4cbe40d0dfd3828e677	152	True	True	prevalidated_reference_input
nat_82d1db25aa951a1ad609	data/processed/gv02_03_v2/member_b_handoff/gvpa_training_eligible.fasta	nat_82d1db25aa951a1ad609	nat_82d1db25aa951a1ad609	82d1db25aa951a1ad609e3a872c1bdb29c7e21be28b1f7c62674683a96fbfd40	159	True	True	prevalidated_reference_input
nat_dbbc85b2e6d8fc6f3682	data/processed/gv02_03_v2/member_b_handoff/gvpa_training_eligible.fasta	nat_dbbc85b2e6d8fc6f3682	nat_dbbc85b2e6d8fc6f3682	dbbc85b2e6d8fc6f3682ed28d3bb4d943032c767f908a24caf77a87e4685ae6c	154	True	True	prevalidated_reference_input
nat_754029d7fdddcf0dda8b	data/processed/gv02_03_v2/member_b_handoff/gvpa_training_eligible.fasta	nat_754029d7fdddcf0dda8b	nat_754029d7fdddcf0dda8b	754029d7fdddcf0dda8b015b10b770c0008b645dbb85625039485f8277785d13	147	True	True	prevalidated_reference_input
nat_65c51b0fd105cce694ee	data/processed/gv02_03_v2/member_b_handoff/gvpa_training_eligible.fasta	nat_65c51b0fd105cce694ee	nat_65c51b0fd105cce694ee	65c51b0fd105cce694eed49b439146435ebb1a08266d1e0993f7209e52213395	150	True	True	prevalidated_reference_input
nat_3d9edce97c58d4805f58	data/processed/gv02_03_v2/member_b_handoff/gvpa_training_eligible.fasta	nat_3d9edce97c58d4805f58	nat_3d9edce97c58d4805f58	3d9edce97c58d4805f58219bd99dd9c4a329696adfbb02a5c8e29fb166a6f2e4	152	True	True	prevalidated_reference_input
nat_e8032b7ad48d42a9adf3	data/processed/gv02_03_v2/member_b_handoff/gvpa_training_eligible.fasta	nat_e8032b7ad48d42a9adf3	nat_e8032b7ad48d42a9adf3	e8032b7ad48d42a9adf341dc5b56f9a1336c504eaf87c101307c80ef7dbc1f68	135	True	True	prevalidated_reference_input
nat_e62ac75b3affa97a2f5a	data/processed/gv02_03_v2/member_b_handoff/gvpa_training_eligible.fasta	nat_e62ac75b3affa97a2f5a	nat_e62ac75b3affa97a2f5a	e62ac75b3affa97a2f5aff1f1d462b17657ce662836aa9235041d53281de2dc4	151	True	True	prevalidated_reference_input
nat_0ccad4d436403131ae6a	data/processed/gv02_03_v2/member_b_handoff/gvpa_training_eligible.fasta	nat_0ccad4d436403131ae6a	nat_0ccad4d436403131ae6a	0ccad4d436403131ae6a894a73ced6b99066d09e653accf28c91d02a61204d81	135	True	True	prevalidated_reference_input
nat_c730fb33477ca08f29e8	data/processed/gv02_03_v2/member_b_handoff/gvpa_training_eligible.fasta	nat_c730fb33477ca08f29e8	nat_c730fb33477ca08f29e8	c730fb33477ca08f29e8cbf859a237dc5790d467c07f2d7ec5e06e070d8eaff6	153	True	True	prevalidated_reference_input
nat_c0749f9d4ae82bdc9955	data/processed/gv02_03_v2/member_b_handoff/gvpa_training_eligible.fasta	nat_c0749f9d4ae82bdc9955	nat_c0749f9d4ae82bdc9955	c0749f9d4ae82bdc99555b501d74c198148ce13a1ab3df22c693a7b377bcabb6	154	True	True	prevalidated_reference_input
nat_945d9af2ef988f085e3c	data/processed/gv02_03_v2/member_b_handoff/gvpa_training_eligible.fasta	nat_945d9af2ef988f085e3c	nat_945d9af2ef988f085e3c	945d9af2ef988f085e3ce7edb7b4de3dda976a89f6d93d97b5eab1c95ff47e23	151	True	True	prevalidated_reference_input
nat_25e53f7654eeb15d035e	data/processed/gv02_03_v2/member_b_handoff/gvpa_training_eligible.fasta	nat_25e53f7654eeb15d035e	nat_25e53f7654eeb15d035e	25e53f7654eeb15d035efa89ea5ba9943e3d7876da6919025fde4eac14cfb3c9	156	True	True	prevalidated_reference_input
nat_db787bdce100ebe0b52f	data/processed/gv02_03_v2/member_b_handoff/gvpa_training_eligible.fasta	nat_db787bdce100ebe0b52f	nat_db787bdce100ebe0b52f	db787bdce100ebe0b52fc38bb0155a3ad5f1651f4b14e266522119f6fb676e1f	137	True	True	prevalidated_reference_input
nat_038b08407425f0209cdb	data/processed/gv02_03_v2/member_b_handoff/gvpa_training_eligible.fasta	nat_038b08407425f0209cdb	nat_038b08407425f0209cdb	038b08407425f0209cdb96cc36e42259071302c926fe63bba6c5ab699b4b4051	157	True	True	prevalidated_reference_input
nat_a8224f75d4d10d7151b8	data/processed/gv02_03_v2/member_b_handoff/gvpa_training_eligible.fasta	nat_a8224f75d4d10d7151b8	nat_a8224f75d4d10d7151b8	a8224f75d4d10d7151b8627a5242efdf0753354ffb996ca0fbb77b8351a7de4f	149	True	True	prevalidated_reference_input
nat_0942555d17806690a15c	data/processed/gv02_03_v2/member_b_handoff/gvpa_training_eligible.fasta	nat_0942555d17806690a15c	nat_0942555d17806690a15c	0942555d17806690a15c355f4e1761c5e2dda87e2d17c83e509389ac7c0876bb	148	True	True	prevalidated_reference_input
nat_c74d6e1106797b3a3d0f	data/processed/gv02_03_v2/member_b_handoff/gvpa_training_eligible.fasta	nat_c74d6e1106797b3a3d0f	nat_c74d6e1106797b3a3d0f	c74d6e1106797b3a3d0f9f32beed9effd36b7ae2b05c5bc6ecb844e804aec026	133	True	True	prevalidated_reference_input
nat_ab559af1ffee249b9549	data/processed/gv02_03_v2/member_b_handoff/gvpa_training_eligible.fasta	nat_ab559af1ffee249b9549	nat_ab559af1ffee249b9549	ab559af1ffee249b9549b06b7a0e03f68bf19bc47a00652b59719583773bf401	155	True	True	prevalidated_reference_input
nat_e10062d88e50908c95d3	data/processed/gv02_03_v2/member_b_handoff/gvpa_training_eligible.fasta	nat_e10062d88e50908c95d3	nat_e10062d88e50908c95d3	e10062d88e50908c95d32467f65133028c80139484c803365c9bce8aea466500	135	True	True	prevalidated_reference_input
nat_84b5083183d75de0f365	data/processed/gv02_03_v2/member_b_handoff/gvpa_training_eligible.fasta	nat_84b5083183d75de0f365	nat_84b5083183d75de0f365	84b5083183d75de0f365a2ef8890f4d0856d6028e68b24f4ba69d2ae8f2cf419	154	True	True	prevalidated_reference_input
nat_25ee00a9c2b4e74f79dd	data/processed/gv02_03_v2/member_b_handoff/gvpa_training_eligible.fasta	nat_25ee00a9c2b4e74f79dd	nat_25ee00a9c2b4e74f79dd	25ee00a9c2b4e74f79dddf96434d433971716d5f11893c48c16e2298f089d9f2	155	True	True	prevalidated_reference_input
nat_31b4ab378929e0c134fa	data/processed/gv02_03_v2/member_b_handoff/gvpa_training_eligible.fasta	nat_31b4ab378929e0c134fa	nat_31b4ab378929e0c134fa	31b4ab378929e0c134fa3e30ad8dc9c132145ff4ebd41c9917a31214252630f2	155	True	True	prevalidated_reference_input
nat_619107fa48650be1a768	data/processed/gv02_03_v2/member_b_handoff/gvpa_training_eligible.fasta	nat_619107fa48650be1a768	nat_619107fa48650be1a768	619107fa48650be1a768db3b7104edc348599f6ebace7a8862224cf94c9fe4bd	156	True	True	prevalidated_reference_input
nat_2f6261679e76a403b7de	data/processed/gv02_03_v2/member_b_handoff/gvpa_training_eligible.fasta	nat_2f6261679e76a403b7de	nat_2f6261679e76a403b7de	2f6261679e76a403b7de70718aabc364a5318a12e13b4dedc055c65f2350fec9	156	True	True	prevalidated_reference_input
nat_cbdc755c61207d00c902	data/processed/gv02_03_v2/member_b_handoff/gvpa_training_eligible.fasta	nat_cbdc755c61207d00c902	nat_cbdc755c61207d00c902	cbdc755c61207d00c902ba0c1788c6a05ea2d6e169819de36a5b18ba9a3eba03	151	True	True	prevalidated_reference_input
nat_d565583d15eb6f192c57	data/processed/gv02_03_v2/member_b_handoff/gvpa_training_eligible.fasta	nat_d565583d15eb6f192c57	nat_d565583d15eb6f192c57	d565583d15eb6f192c5761839f38d47464b1db2d5e7452ae290140b6cf00e933	67	True	True	prevalidated_reference_input
nat_2dee131e85e06a8f9fdd	data/processed/gv02_03_v2/member_b_handoff/gvpa_training_eligible.fasta	nat_2dee131e85e06a8f9fdd	nat_2dee131e85e06a8f9fdd	2dee131e85e06a8f9fdd1f16d5b875342f538bb1ea66657c2b5608c2e467e2ae	76	True	True	prevalidated_reference_input
nat_bbadf719897c45da08f0	data/processed/gv02_03_v2/member_b_handoff/gvpa_training_eligible.fasta	nat_bbadf719897c45da08f0	nat_bbadf719897c45da08f0	bbadf719897c45da08f00f3b5f1f3fcf48ea263b44d9048a5714c4e62a107b0c	156	True	True	prevalidated_reference_input
nat_16be3cd3d97ccaa2c7df	data/processed/gv02_03_v2/member_b_handoff/gvpa_training_eligible.fasta	nat_16be3cd3d97ccaa2c7df	nat_16be3cd3d97ccaa2c7df	16be3cd3d97ccaa2c7df3673a38aba6c6123df942540b93ca25dbb3f21523668	146	True	True	prevalidated_reference_input
nat_13ee99e71183bcf01114	data/processed/gv02_03_v2/member_b_handoff/gvpa_training_eligible.fasta	nat_13ee99e71183bcf01114	nat_13ee99e71183bcf01114	13ee99e71183bcf0111471c794073cd1a279d137f0bceb4cbb0ebcb2716406cc	156	True	True	prevalidated_reference_input
nat_5c045ab07969cb21b0ad	data/processed/gv02_03_v2/member_b_handoff/gvpa_training_eligible.fasta	nat_5c045ab07969cb21b0ad	nat_5c045ab07969cb21b0ad	5c045ab07969cb21b0adc650d10e1f76e3eb17c96311c8130658a00ccf3eb10f	142	True	True	prevalidated_reference_input
nat_1ecba3351cb7c8c6d3e7	data/processed/gv02_03_v2/member_b_handoff/gvpa_training_eligible.fasta	nat_1ecba3351cb7c8c6d3e7	nat_1ecba3351cb7c8c6d3e7	1ecba3351cb7c8c6d3e7ede9054328338a77f37abae1c23858b9814c9ac04ca7	146	True	True	prevalidated_reference_input
nat_234ee7db19bcd2cc0f16	data/processed/gv02_03_v2/member_b_handoff/gvpa_training_eligible.fasta	nat_234ee7db19bcd2cc0f16	nat_234ee7db19bcd2cc0f16	234ee7db19bcd2cc0f1630cf366548d80bba5a2dc1fe9d0a807aebb36b390595	157	True	True	prevalidated_reference_input
nat_158c0216b95ce3304bfe	data/processed/gv02_03_v2/member_b_handoff/gvpa_training_eligible.fasta	nat_158c0216b95ce3304bfe	nat_158c0216b95ce3304bfe	158c0216b95ce3304bfed35a0ee8cc2949c56511ab24bda79ffa63f1631f0140	156	True	True	prevalidated_reference_input
nat_6ec46415f5fc553cea18	data/processed/gv02_03_v2/member_b_handoff/gvpa_training_eligible.fasta	nat_6ec46415f5fc553cea18	nat_6ec46415f5fc553cea18	6ec46415f5fc553cea18aaf0315bbe4de3a8aea445a680c864c8d1790a407c51	152	True	True	prevalidated_reference_input
nat_4b655799ef9e19953b56	data/processed/gv02_03_v2/member_b_handoff/gvpa_training_eligible.fasta	nat_4b655799ef9e19953b56	nat_4b655799ef9e19953b56	4b655799ef9e19953b56ab1a0b8027da55f99fd77de850a0c270d8016642a5dd	133	True	True	prevalidated_reference_input
nat_8ea71d3ab15e5cf268b1	data/processed/gv02_03_v2/member_b_handoff/gvpa_training_eligible.fasta	nat_8ea71d3ab15e5cf268b1	nat_8ea71d3ab15e5cf268b1	8ea71d3ab15e5cf268b147f59986a63ab493f41d0036f621f12c8f76f133d967	136	True	True	prevalidated_reference_input
nat_25f8dd28e9511c933322	data/processed/gv02_03_v2/member_b_handoff/gvpa_training_eligible.fasta	nat_25f8dd28e9511c933322	nat_25f8dd28e9511c933322	25f8dd28e9511c933322c57174f186bc422c18c0e97e640a746de970707bfe66	137	True	True	prevalidated_reference_input
nat_8bfb3056e00dc3525ee8	data/processed/gv02_03_v2/member_b_handoff/gvpa_training_eligible.fasta	nat_8bfb3056e00dc3525ee8	nat_8bfb3056e00dc3525ee8	8bfb3056e00dc3525ee86889dad6377e8eb6accd3a327a53a7d5801ee1c40850	145	True	True	prevalidated_reference_input
nat_1aeb097a28c863a862e4	data/processed/gv02_03_v2/member_b_handoff/gvpa_training_eligible.fasta	nat_1aeb097a28c863a862e4	nat_1aeb097a28c863a862e4	1aeb097a28c863a862e47893fba7e73025976bb3a228c4c640b2ef60b1fad365	137	True	True	prevalidated_reference_input
nat_4a95098f433ac14617bc	data/processed/gv02_03_v2/member_b_handoff/gvpa_training_eligible.fasta	nat_4a95098f433ac14617bc	nat_4a95098f433ac14617bc	4a95098f433ac14617bce2f5f17d41173d4ea0bba8f08c7fcebe4180207e25ec	136	True	True	prevalidated_reference_input
nat_1cc68774b93a831e1a93	data/processed/gv02_03_v2/member_b_handoff/gvpa_training_eligible.fasta	nat_1cc68774b93a831e1a93	nat_1cc68774b93a831e1a93	1cc68774b93a831e1a935eaf2415c472a5f058450211ee5ed86c0a1037cfc92e	137	True	True	prevalidated_reference_input
nat_baa6b104c739419a55bf	data/processed/gv02_03_v2/member_b_handoff/gvpa_training_eligible.fasta	nat_baa6b104c739419a55bf	nat_baa6b104c739419a55bf	baa6b104c739419a55bfad93a6f62c8fb45469593f933f4777b8b180196495e1	147	True	True	prevalidated_reference_input
nat_eac8d42dcf851f8eb6d8	data/processed/gv02_03_v2/member_b_handoff/gvpa_training_eligible.fasta	nat_eac8d42dcf851f8eb6d8	nat_eac8d42dcf851f8eb6d8	eac8d42dcf851f8eb6d8e6d157d9202b4157f06d3f5722da88eec6eb15d21516	154	True	True	prevalidated_reference_input
nat_438c70c6875cb7fc8740	data/processed/gv02_03_v2/member_b_handoff/gvpa_training_eligible.fasta	nat_438c70c6875cb7fc8740	nat_438c70c6875cb7fc8740	438c70c6875cb7fc8740cef9d78954de9ef17fb674afe443e67ee3f25ab4eb1e	136	True	True	prevalidated_reference_input
nat_495c2735bcdc48076ab6	data/processed/gv02_03_v2/member_b_handoff/gvpa_training_eligible.fasta	nat_495c2735bcdc48076ab6	nat_495c2735bcdc48076ab6	495c2735bcdc48076ab650d642331359242e43e96bdc724fdf700722933826ad	140	True	True	prevalidated_reference_input
nat_82b87d3bb03732004ea1	data/processed/gv02_03_v2/member_b_handoff/gvpa_training_eligible.fasta	nat_82b87d3bb03732004ea1	nat_82b87d3bb03732004ea1	82b87d3bb03732004ea1990715264711abd0cd34b6a722226d77d45ff12c49c6	159	True	True	prevalidated_reference_input
nat_43e7561c7d05facf2895	data/processed/gv02_03_v2/member_b_handoff/gvpa_training_eligible.fasta	nat_43e7561c7d05facf2895	nat_43e7561c7d05facf2895	43e7561c7d05facf2895cca6f3c3c6e2a202e91eb37ce64eb2826529f182a684	140	True	True	prevalidated_reference_input
nat_e1f5f0f2180e18c35aa7	data/processed/gv02_03_v2/member_b_handoff/gvpa_training_eligible.fasta	nat_e1f5f0f2180e18c35aa7	nat_e1f5f0f2180e18c35aa7	e1f5f0f2180e18c35aa77a97e2118fee01ee32bcec70bfa5e2781b97d1793da7	156	True	True	prevalidated_reference_input
nat_942bc0624c6f9016a403	data/processed/gv02_03_v2/member_b_handoff/gvpa_training_eligible.fasta	nat_942bc0624c6f9016a403	nat_942bc0624c6f9016a403	942bc0624c6f9016a4036b5d098d15bda7f75fcc9095d79accc6a330fee570d5	135	True	True	prevalidated_reference_input
nat_f4f90ca0708a5faa9c5b	data/processed/gv02_03_v2/member_b_handoff/gvpa_training_eligible.fasta	nat_f4f90ca0708a5faa9c5b	nat_f4f90ca0708a5faa9c5b	f4f90ca0708a5faa9c5b2bd5ea4357a36aed984fdf2a5337250963afd8b178a6	137	True	True	prevalidated_reference_input
nat_15e32a2edd6bff0d0784	data/processed/gv02_03_v2/member_b_handoff/gvpa_training_eligible.fasta	nat_15e32a2edd6bff0d0784	nat_15e32a2edd6bff0d0784	15e32a2edd6bff0d07849a52374c60eb3d5bd1d9e3c285f616856865392aa17f	137	True	True	prevalidated_reference_input
nat_0e118acdc2771e80b4ea	data/processed/gv02_03_v2/member_b_handoff/gvpa_training_eligible.fasta	nat_0e118acdc2771e80b4ea	nat_0e118acdc2771e80b4ea	0e118acdc2771e80b4ea40e4568be213694b4a93066053194c8ff76600b7631d	137	True	True	prevalidated_reference_input
nat_240500bb8aaece16c8a7	data/processed/gv02_03_v2/member_b_handoff/gvpa_training_eligible.fasta	nat_240500bb8aaece16c8a7	nat_240500bb8aaece16c8a7	240500bb8aaece16c8a75fd1d1cf674532e0e6eb7dfc4d06a226490a7bc70c75	156	True	True	prevalidated_reference_input
nat_93fc211ea4b34cbb8750	data/processed/gv02_03_v2/member_b_handoff/gvpa_training_eligible.fasta	nat_93fc211ea4b34cbb8750	nat_93fc211ea4b34cbb8750	93fc211ea4b34cbb875026509884d43be1642502a001de29bc657940ba5ea750	153	True	True	prevalidated_reference_input
nat_2f6b62c5722bcacabd8e	data/processed/gv02_03_v2/member_b_handoff/gvpa_training_eligible.fasta	nat_2f6b62c5722bcacabd8e	nat_2f6b62c5722bcacabd8e	2f6b62c5722bcacabd8e9a74967ad765236922ec0dc735ad65edb568da95afe3	136	True	True	prevalidated_reference_input
nat_8bf5071aed606f94333c	data/processed/gv02_03_v2/member_b_handoff/gvpa_training_eligible.fasta	nat_8bf5071aed606f94333c	nat_8bf5071aed606f94333c	8bf5071aed606f94333c40e1154f7bf277018881c63235d9d51a9dbff1df8710	157	True	True	prevalidated_reference_input
nat_1cefe08dae83aa5bd96d	data/processed/gv02_03_v2/member_b_handoff/gvpa_training_eligible.fasta	nat_1cefe08dae83aa5bd96d	nat_1cefe08dae83aa5bd96d	1cefe08dae83aa5bd96d5c9b9bd24c393c1f652249ff602956f86a2b0c2b46d9	156	True	True	prevalidated_reference_input
nat_d1717d58239a48d6df6a	data/processed/gv02_03_v2/member_b_handoff/gvpa_training_eligible.fasta	nat_d1717d58239a48d6df6a	nat_d1717d58239a48d6df6a	d1717d58239a48d6df6a814099de9a54fbd7f0234f2930a239e86e408e1361ae	149	True	True	prevalidated_reference_input
nat_55802cc1c7918b91c298	data/processed/gv02_03_v2/member_b_handoff/gvpa_training_eligible.fasta	nat_55802cc1c7918b91c298	nat_55802cc1c7918b91c298	55802cc1c7918b91c298790d7b83918135c897e3b2e614ea64f0e15ee7124dd9	139	True	True	prevalidated_reference_input
nat_bdb27357528f1d5d6c47	data/processed/gv02_03_v2/member_b_handoff/gvpa_training_eligible.fasta	nat_bdb27357528f1d5d6c47	nat_bdb27357528f1d5d6c47	bdb27357528f1d5d6c478d788d5eca2708cf02769b8c548319a44df8931d36fb	155	True	True	prevalidated_reference_input
nat_47270a133b8b28fe68b5	data/processed/gv02_03_v2/member_b_handoff/gvpa_training_eligible.fasta	nat_47270a133b8b28fe68b5	nat_47270a133b8b28fe68b5	47270a133b8b28fe68b5ad327d6e02e4d7036304777930e0726d7dfb216ce637	147	True	True	prevalidated_reference_input
nat_57c2b381c8bb4035d01c	data/processed/gv02_03_v2/member_b_handoff/gvpa_training_eligible.fasta	nat_57c2b381c8bb4035d01c	nat_57c2b381c8bb4035d01c	57c2b381c8bb4035d01ccddabe10745199d9a5f91d5e7ed4ff892561b35c7fc7	133	True	True	prevalidated_reference_input
nat_0f515c4258dc68fd3f9c	data/processed/gv02_03_v2/member_b_handoff/gvpa_training_eligible.fasta	nat_0f515c4258dc68fd3f9c	nat_0f515c4258dc68fd3f9c	0f515c4258dc68fd3f9cedc7bd0ec1d8363965240a977e06e73a05c2f6d73f7a	149	True	True	prevalidated_reference_input
nat_40df730c74b4411daafa	data/processed/gv02_03_v2/member_b_handoff/gvpa_training_eligible.fasta	nat_40df730c74b4411daafa	nat_40df730c74b4411daafa	40df730c74b4411daafada5d994cd3ff1f924e92d736710a3286ef57e6cbe4a0	136	True	True	prevalidated_reference_input
nat_d57269e318a762146774	data/processed/gv02_03_v2/member_b_handoff/gvpa_training_eligible.fasta	nat_d57269e318a762146774	nat_d57269e318a762146774	d57269e318a7621467749038a83199c9e2557366487c989d3edf2b762a7e4c75	137	True	True	prevalidated_reference_input
nat_7d62c45eb5711910c788	data/processed/gv02_03_v2/member_b_handoff/gvpa_training_eligible.fasta	nat_7d62c45eb5711910c788	nat_7d62c45eb5711910c788	7d62c45eb5711910c788fda85d31fc32669666e75e5de15546de735897e3dfc8	136	True	True	prevalidated_reference_input
nat_b44c98ec309ed12410ab	data/processed/gv02_03_v2/member_b_handoff/gvpa_training_eligible.fasta	nat_b44c98ec309ed12410ab	nat_b44c98ec309ed12410ab	b44c98ec309ed12410abbe1e2ebb0d0a4e69c3ea07603df36b7a3d946d68e525	144	True	True	prevalidated_reference_input
