sequence_id	length	standard_aa_only	duplicate_candidate	generation_cap_warning	low_complexity_warning	composition_outlier_checked	composition_js_divergence	composition_js_threshold	composition_outlier_warning	training_match_checked	exact_training_match	training_match_ids	reference_match_checked	exact_reference_match	reference_match_ids	hydrophobic_checked	hydrophobic_warning	hydrophobic_segments	homopolymer_checked	homopolymer_warning	homopolymer_segments	tandem_repeat_checked	tandem_repeat_warning	tandem_repeat_segments	qc_pass	qc_reasons	qc_warnings
gen_0	99	True	False	False	False	True	0.10030699988824114	0.060619256010025824	True	True	False	[]	True	False	[]	True	False	[]	True	False	[]	True	False	[]	True	composition_outlier_warning	composition_outlier_warning
gen_1	104	True	False	False	False	True	0.14151541200516327	0.060619256010025824	True	True	False	[]	True	False	[]	True	False	[]	True	False	[]	True	False	[]	True	composition_outlier_warning	composition_outlier_warning
gen_2	345	True	False	False	False	True	0.029159583959652062	0.060619256010025824	False	True	False	[]	True	False	[]	True	False	[]	True	False	[]	True	False	[]	False	length_above_maximum	
gen_3	105	True	False	False	False	True	0.14947663744438766	0.060619256010025824	True	True	False	[]	True	False	[]	True	False	[]	True	False	[]	True	False	[]	True	composition_outlier_warning	composition_outlier_warning
gen_4	95	True	False	False	False	True	0.15573158322030595	0.060619256010025824	True	True	False	[]	True	False	[]	True	False	[]	True	False	[]	True	False	[]	True	composition_outlier_warning	composition_outlier_warning
gen_5	101	True	False	False	False	True	0.13988422286524527	0.060619256010025824	True	True	False	[]	True	False	[]	True	False	[]	True	False	[]	True	False	[]	True	composition_outlier_warning	composition_outlier_warning
gen_6	86	True	False	False	False	True	0.013809845369544497	0.060619256010025824	False	True	False	[]	True	False	[]	True	False	[]	True	False	[]	True	False	[]	True		
gen_7	93	True	False	False	False	True	0.13593152048314522	0.060619256010025824	True	True	False	[]	True	False	[]	True	False	[]	True	False	[]	True	False	[]	True	composition_outlier_warning	composition_outlier_warning
gen_8	114	True	False	False	False	True	0.05651553479762744	0.060619256010025824	False	True	False	[]	True	False	[]	True	False	[]	True	False	[]	True	False	[]	True		
gen_9	84	True	False	False	False	True	0.10334225402364491	0.060619256010025824	True	True	False	[]	True	False	[]	True	False	[]	True	False	[]	True	False	[]	True	composition_outlier_warning	composition_outlier_warning
gen_10	111	True	False	False	False	True	0.18056288321881653	0.060619256010025824	True	True	False	[]	True	False	[]	True	False	[]	True	False	[]	True	False	[]	True	composition_outlier_warning	composition_outlier_warning
gen_11	113	True	False	False	False	True	0.12564040686543193	0.060619256010025824	True	True	False	[]	True	False	[]	True	False	[]	True	False	[]	True	False	[]	True	composition_outlier_warning	composition_outlier_warning
gen_12	97	True	False	False	False	True	0.13761446874432084	0.060619256010025824	True	True	False	[]	True	False	[]	True	False	[]	True	False	[]	True	False	[]	True	composition_outlier_warning	composition_outlier_warning
gen_13	89	True	False	False	False	True	0.13433566793959034	0.060619256010025824	True	True	False	[]	True	False	[]	True	False	[]	True	False	[]	True	False	[]	True	composition_outlier_warning	composition_outlier_warning
gen_14	294	True	False	False	False	True	0.05588851682776234	0.060619256010025824	False	True	False	[]	True	False	[]	True	False	[]	True	False	[]	True	False	[]	False	length_above_maximum	
gen_15	102	True	False	False	False	True	0.1110982314652384	0.060619256010025824	True	True	False	[]	True	False	[]	True	False	[]	True	False	[]	True	False	[]	True	composition_outlier_warning	composition_outlier_warning
gen_16	95	True	False	False	False	True	0.15694409006835225	0.060619256010025824	True	True	False	[]	True	False	[]	True	False	[]	True	False	[]	True	False	[]	True	composition_outlier_warning	composition_outlier_warning
gen_17	115	True	False	False	False	True	0.10023044195465178	0.060619256010025824	True	True	False	[]	True	False	[]	True	False	[]	True	False	[]	True	False	[]	True	composition_outlier_warning	composition_outlier_warning
gen_18	126	True	False	False	False	True	0.10582852333575951	0.060619256010025824	True	True	False	[]	True	False	[]	True	False	[]	True	True	"[{""start"": 15, ""end"": 21, ""length"": 7, ""residue"": ""A""}]"	True	False	[]	True	composition_outlier_warning;homopolymer_warning	composition_outlier_warning;homopolymer_warning
gen_19	98	True	False	False	False	True	0.128767681557407	0.060619256010025824	True	True	False	[]	True	False	[]	True	False	[]	True	False	[]	True	False	[]	True	composition_outlier_warning	composition_outlier_warning
gen_20	81	True	False	False	False	True	0.11656621087591554	0.060619256010025824	True	True	False	[]	True	False	[]	True	False	[]	True	False	[]	True	False	[]	True	composition_outlier_warning	composition_outlier_warning
gen_21	109	True	False	False	False	True	0.12208180664869493	0.060619256010025824	True	True	False	[]	True	False	[]	True	False	[]	True	False	[]	True	False	[]	True	composition_outlier_warning	composition_outlier_warning
gen_22	112	True	False	False	False	True	0.10858195345227185	0.060619256010025824	True	True	False	[]	True	False	[]	True	False	[]	True	False	[]	True	False	[]	True	composition_outlier_warning	composition_outlier_warning
gen_23	99	True	False	False	False	True	0.07532163822946997	0.060619256010025824	True	True	False	[]	True	False	[]	True	False	[]	True	False	[]	True	False	[]	True	composition_outlier_warning	composition_outlier_warning
gen_24	105	True	False	False	False	True	0.15056711669451966	0.060619256010025824	True	True	False	[]	True	False	[]	True	False	[]	True	False	[]	True	False	[]	True	composition_outlier_warning	composition_outlier_warning
gen_25	84	True	False	False	False	True	0.0643267901528197	0.060619256010025824	True	True	False	[]	True	False	[]	True	False	[]	True	False	[]	True	False	[]	True	composition_outlier_warning	composition_outlier_warning
gen_26	102	True	False	False	False	True	0.12543979850508896	0.060619256010025824	True	True	False	[]	True	False	[]	True	False	[]	True	False	[]	True	False	[]	True	composition_outlier_warning	composition_outlier_warning
gen_27	104	True	False	False	False	True	0.054613005634765135	0.060619256010025824	False	True	False	[]	True	False	[]	True	False	[]	True	False	[]	True	False	[]	True		
gen_28	66	True	False	False	False	True	0.11480002685807533	0.060619256010025824	True	True	False	[]	True	False	[]	True	False	[]	True	False	[]	True	False	[]	True	composition_outlier_warning	composition_outlier_warning
gen_29	366	True	False	False	False	True	0.10121017833991153	0.060619256010025824	True	True	False	[]	True	False	[]	True	False	[]	True	False	[]	True	False	[]	False	length_above_maximum;composition_outlier_warning	composition_outlier_warning
gen_30	288	True	False	False	False	True	0.08922386547721392	0.060619256010025824	True	True	False	[]	True	False	[]	True	False	[]	True	True	"[{""start"": 277, ""end"": 282, ""length"": 6, ""residue"": ""G""}]"	True	False	[]	False	length_above_maximum;composition_outlier_warning;homopolymer_warning	composition_outlier_warning;homopolymer_warning
gen_31	305	True	False	False	False	True	0.05234160679870853	0.060619256010025824	False	True	False	[]	True	False	[]	True	False	[]	True	False	[]	True	False	[]	False	length_above_maximum	
gen_32	104	True	False	False	False	True	0.05896956444386317	0.060619256010025824	False	True	False	[]	True	False	[]	True	False	[]	True	False	[]	True	False	[]	True		
gen_33	482	True	False	False	False	True	0.035579819233191506	0.060619256010025824	False	True	False	[]	True	False	[]	True	False	[]	True	False	[]	True	False	[]	False	length_above_maximum	
gen_34	115	True	False	False	False	True	0.12003477133666716	0.060619256010025824	True	True	False	[]	True	False	[]	True	False	[]	True	False	[]	True	False	[]	True	composition_outlier_warning	composition_outlier_warning
gen_35	155	True	False	False	False	True	0.04375336119519799	0.060619256010025824	False	True	False	[]	True	False	[]	True	False	[]	True	True	"[{""start"": 148, ""end"": 154, ""length"": 7, ""residue"": ""R""}]"	True	False	[]	True	homopolymer_warning	homopolymer_warning
gen_36	100	True	False	False	False	True	0.12363957565715986	0.060619256010025824	True	True	False	[]	True	False	[]	True	False	[]	True	False	[]	True	False	[]	True	composition_outlier_warning	composition_outlier_warning
gen_37	114	True	False	False	False	True	0.05993804667201084	0.060619256010025824	False	True	False	[]	True	False	[]	True	False	[]	True	False	[]	True	False	[]	True		
gen_38	106	True	False	False	False	True	0.1059671800278219	0.060619256010025824	True	True	False	[]	True	False	[]	True	False	[]	True	False	[]	True	False	[]	True	composition_outlier_warning	composition_outlier_warning
gen_39	71	True	False	False	False	True	0.03153631033797766	0.060619256010025824	False	True	False	[]	True	False	[]	True	False	[]	True	False	[]	True	False	[]	True		
gen_40	136	True	False	False	False	True	0.04156627790692874	0.060619256010025824	False	True	False	[]	True	False	[]	True	False	[]	True	True	"[{""start"": 10, ""end"": 15, ""length"": 6, ""residue"": ""G""}]"	True	False	[]	True	homopolymer_warning	homopolymer_warning
gen_41	303	True	False	False	False	True	0.05598823335818929	0.060619256010025824	False	True	False	[]	True	False	[]	True	False	[]	True	False	[]	True	False	[]	False	length_above_maximum	
gen_42	84	True	False	False	False	True	0.021313950129048045	0.060619256010025824	False	True	False	[]	True	False	[]	True	False	[]	True	False	[]	True	False	[]	True		
gen_43	98	True	False	False	False	True	0.1593583986396248	0.060619256010025824	True	True	False	[]	True	False	[]	True	False	[]	True	False	[]	True	False	[]	True	composition_outlier_warning	composition_outlier_warning
gen_44	70	True	False	False	False	True	0.02071532008066167	0.060619256010025824	False	True	False	[]	True	False	[]	True	False	[]	True	False	[]	True	False	[]	True		
gen_45	319	True	False	False	False	True	0.06245879784693757	0.060619256010025824	True	True	False	[]	True	False	[]	True	False	[]	True	True	"[{""start"": 150, ""end"": 155, ""length"": 6, ""residue"": ""D""}]"	True	False	[]	False	length_above_maximum;composition_outlier_warning;homopolymer_warning	composition_outlier_warning;homopolymer_warning
gen_46	96	True	False	False	False	True	0.053151754925967964	0.060619256010025824	False	True	False	[]	True	False	[]	True	False	[]	True	False	[]	True	False	[]	True		
gen_47	100	True	False	False	False	True	0.16385090167280436	0.060619256010025824	True	True	False	[]	True	False	[]	True	False	[]	True	False	[]	True	False	[]	True	composition_outlier_warning	composition_outlier_warning
gen_48	347	True	False	False	False	True	0.06261698330655845	0.060619256010025824	True	True	False	[]	True	False	[]	True	False	[]	True	True	"[{""start"": 315, ""end"": 320, ""length"": 6, ""residue"": ""P""}]"	True	False	[]	False	length_above_maximum;composition_outlier_warning;homopolymer_warning	composition_outlier_warning;homopolymer_warning
gen_49	112	True	False	False	False	True	0.1063076782456905	0.060619256010025824	True	True	False	[]	True	False	[]	True	False	[]	True	False	[]	True	False	[]	True	composition_outlier_warning	composition_outlier_warning
gen_50	306	True	False	False	False	True	0.04856060104051517	0.060619256010025824	False	True	False	[]	True	False	[]	True	False	[]	True	False	[]	True	False	[]	False	length_above_maximum	
gen_51	101	True	False	False	False	True	0.11812956907142745	0.060619256010025824	True	True	False	[]	True	False	[]	True	False	[]	True	False	[]	True	False	[]	True	composition_outlier_warning	composition_outlier_warning
gen_52	103	True	False	False	False	True	0.10447819089125077	0.060619256010025824	True	True	False	[]	True	False	[]	True	False	[]	True	False	[]	True	False	[]	True	composition_outlier_warning	composition_outlier_warning
gen_53	109	True	False	False	False	True	0.12228226395525986	0.060619256010025824	True	True	False	[]	True	False	[]	True	False	[]	True	False	[]	True	False	[]	True	composition_outlier_warning	composition_outlier_warning
gen_54	109	True	False	False	False	True	0.12800959891425634	0.060619256010025824	True	True	False	[]	True	False	[]	True	False	[]	True	False	[]	True	False	[]	True	composition_outlier_warning	composition_outlier_warning
gen_55	94	True	False	False	False	True	0.03689507919711343	0.060619256010025824	False	True	False	[]	True	False	[]	True	False	[]	True	False	[]	True	False	[]	True		
gen_56	103	True	False	False	False	True	0.05079058430175831	0.060619256010025824	False	True	False	[]	True	False	[]	True	False	[]	True	False	[]	True	False	[]	True		
gen_57	111	True	False	False	False	True	0.12915064733907522	0.060619256010025824	True	True	False	[]	True	False	[]	True	False	[]	True	False	[]	True	False	[]	True	composition_outlier_warning	composition_outlier_warning
gen_58	104	True	False	False	False	True	0.05216972195344529	0.060619256010025824	False	True	False	[]	True	False	[]	True	False	[]	True	False	[]	True	False	[]	True		
gen_59	315	True	False	False	False	True	0.06039427114748866	0.060619256010025824	False	True	False	[]	True	False	[]	True	False	[]	True	False	[]	True	False	[]	False	length_above_maximum	
gen_60	106	True	False	False	False	True	0.16540937382571994	0.060619256010025824	True	True	False	[]	True	False	[]	True	False	[]	True	False	[]	True	False	[]	True	composition_outlier_warning	composition_outlier_warning
gen_61	114	True	False	False	False	True	0.04552730201152069	0.060619256010025824	False	True	False	[]	True	False	[]	True	False	[]	True	False	[]	True	False	[]	True		
gen_62	84	True	False	False	False	True	0.08789804953160102	0.060619256010025824	True	True	False	[]	True	False	[]	True	False	[]	True	False	[]	True	False	[]	True	composition_outlier_warning	composition_outlier_warning
gen_63	97	True	False	False	False	True	0.09814445251088934	0.060619256010025824	True	True	False	[]	True	False	[]	True	False	[]	True	False	[]	True	False	[]	True	composition_outlier_warning	composition_outlier_warning
gen_64	490	True	False	False	False	True	0.04058046187880558	0.060619256010025824	False	True	False	[]	True	False	[]	True	False	[]	True	False	[]	True	False	[]	False	length_above_maximum	
gen_65	84	True	False	False	False	True	0.09666009598985797	0.060619256010025824	True	True	False	[]	True	False	[]	True	False	[]	True	False	[]	True	False	[]	True	composition_outlier_warning	composition_outlier_warning
gen_66	94	True	False	False	False	True	0.09801632041019938	0.060619256010025824	True	True	False	[]	True	False	[]	True	False	[]	True	False	[]	True	False	[]	True	composition_outlier_warning	composition_outlier_warning
gen_67	92	True	False	False	False	True	0.030018997127661998	0.060619256010025824	False	True	False	[]	True	False	[]	True	False	[]	True	False	[]	True	False	[]	True		
gen_68	145	True	False	False	False	True	0.03687893391855191	0.060619256010025824	False	True	False	[]	True	False	[]	True	False	[]	True	True	"[{""start"": 7, ""end"": 14, ""length"": 8, ""residue"": ""G""}]"	True	False	[]	True	homopolymer_warning	homopolymer_warning
gen_69	103	True	False	False	False	True	0.07490895018276249	0.060619256010025824	True	True	False	[]	True	False	[]	True	False	[]	True	False	[]	True	False	[]	True	composition_outlier_warning	composition_outlier_warning
gen_70	107	True	False	False	False	True	0.17097101563397304	0.060619256010025824	True	True	False	[]	True	False	[]	True	False	[]	True	False	[]	True	False	[]	True	composition_outlier_warning	composition_outlier_warning
gen_71	84	True	False	False	False	True	0.1271474531774248	0.060619256010025824	True	True	False	[]	True	False	[]	True	False	[]	True	False	[]	True	False	[]	True	composition_outlier_warning	composition_outlier_warning
gen_72	512	True	False	False	False	True	0.04382465044740941	0.060619256010025824	False	True	False	[]	True	False	[]	True	False	[]	True	False	[]	True	False	[]	False	length_above_maximum	
gen_73	103	True	False	False	False	True	0.13164168179240046	0.060619256010025824	True	True	False	[]	True	False	[]	True	False	[]	True	False	[]	True	False	[]	True	composition_outlier_warning	composition_outlier_warning
gen_74	103	True	False	False	False	True	0.1089864509321886	0.060619256010025824	True	True	False	[]	True	False	[]	True	False	[]	True	False	[]	True	False	[]	True	composition_outlier_warning	composition_outlier_warning
gen_75	306	True	False	False	False	True	0.04261669893462823	0.060619256010025824	False	True	False	[]	True	False	[]	True	False	[]	True	False	[]	True	False	[]	False	length_above_maximum	
gen_76	155	True	False	False	False	True	0.052581414483218215	0.060619256010025824	False	True	False	[]	True	False	[]	True	False	[]	True	True	"[{""start"": 145, ""end"": 151, ""length"": 7, ""residue"": ""R""}]"	True	False	[]	True	homopolymer_warning	homopolymer_warning
gen_77	100	True	False	False	False	True	0.14493754691229088	0.060619256010025824	True	True	False	[]	True	False	[]	True	False	[]	True	False	[]	True	False	[]	True	composition_outlier_warning	composition_outlier_warning
gen_78	105	True	False	False	False	True	0.1840149511077812	0.060619256010025824	True	True	False	[]	True	False	[]	True	False	[]	True	False	[]	True	False	[]	True	composition_outlier_warning	composition_outlier_warning
gen_79	112	True	False	False	False	True	0.09595616371549986	0.060619256010025824	True	True	False	[]	True	False	[]	True	False	[]	True	False	[]	True	False	[]	True	composition_outlier_warning	composition_outlier_warning
gen_80	91	True	False	False	False	True	0.12492262071787708	0.060619256010025824	True	True	False	[]	True	False	[]	True	False	[]	True	False	[]	True	False	[]	True	composition_outlier_warning	composition_outlier_warning
gen_81	93	True	False	False	False	True	0.1333839706589705	0.060619256010025824	True	True	False	[]	True	False	[]	True	False	[]	True	False	[]	True	False	[]	True	composition_outlier_warning	composition_outlier_warning
gen_82	103	True	False	False	False	True	0.11153769639398695	0.060619256010025824	True	True	False	[]	True	False	[]	True	False	[]	True	False	[]	True	False	[]	True	composition_outlier_warning	composition_outlier_warning
gen_83	84	True	False	False	False	True	0.10904318031594638	0.060619256010025824	True	True	False	[]	True	False	[]	True	False	[]	True	False	[]	True	False	[]	True	composition_outlier_warning	composition_outlier_warning
gen_84	92	True	False	False	False	True	0.1535353165039643	0.060619256010025824	True	True	False	[]	True	False	[]	True	False	[]	True	False	[]	True	False	[]	True	composition_outlier_warning	composition_outlier_warning
gen_85	104	True	False	False	False	True	0.12241618689328165	0.060619256010025824	True	True	False	[]	True	False	[]	True	False	[]	True	False	[]	True	False	[]	True	composition_outlier_warning	composition_outlier_warning
gen_86	102	True	False	False	False	True	0.11429793372281982	0.060619256010025824	True	True	False	[]	True	False	[]	True	False	[]	True	False	[]	True	False	[]	True	composition_outlier_warning	composition_outlier_warning
gen_87	104	True	False	False	False	True	0.10031069596916584	0.060619256010025824	True	True	False	[]	True	False	[]	True	False	[]	True	False	[]	True	False	[]	True	composition_outlier_warning	composition_outlier_warning
gen_88	98	True	False	False	False	True	0.13735773290091502	0.060619256010025824	True	True	False	[]	True	False	[]	True	False	[]	True	False	[]	True	False	[]	True	composition_outlier_warning	composition_outlier_warning
gen_89	96	True	False	False	False	True	0.1315700750855835	0.060619256010025824	True	True	False	[]	True	False	[]	True	False	[]	True	False	[]	True	False	[]	True	composition_outlier_warning	composition_outlier_warning
gen_90	97	True	False	False	False	True	0.1329553452136168	0.060619256010025824	True	True	False	[]	True	False	[]	True	False	[]	True	False	[]	True	False	[]	True	composition_outlier_warning	composition_outlier_warning
gen_91	83	True	False	False	False	True	0.13337700987223622	0.060619256010025824	True	True	False	[]	True	False	[]	True	False	[]	True	False	[]	True	False	[]	True	composition_outlier_warning	composition_outlier_warning
gen_92	89	True	False	False	False	True	0.02420720274422237	0.060619256010025824	False	True	False	[]	True	False	[]	True	False	[]	True	False	[]	True	False	[]	True		
gen_93	266	True	False	False	False	True	0.06780877943917482	0.060619256010025824	True	True	False	[]	True	False	[]	True	False	[]	True	False	[]	True	False	[]	False	length_above_maximum;composition_outlier_warning	composition_outlier_warning
gen_94	74	True	False	False	False	True	0.048375391099869096	0.060619256010025824	False	True	False	[]	True	False	[]	True	False	[]	True	False	[]	True	False	[]	True		
gen_95	104	True	False	False	False	True	0.07131533659328292	0.060619256010025824	True	True	False	[]	True	False	[]	True	False	[]	True	False	[]	True	False	[]	True	composition_outlier_warning	composition_outlier_warning
gen_96	304	True	False	False	False	True	0.055041374182175855	0.060619256010025824	False	True	False	[]	True	False	[]	True	False	[]	True	False	[]	True	False	[]	False	length_above_maximum	
gen_97	136	True	False	False	False	True	0.035081557430436464	0.060619256010025824	False	True	False	[]	True	False	[]	True	False	[]	True	True	"[{""start"": 7, ""end"": 15, ""length"": 9, ""residue"": ""G""}]"	True	False	[]	True	homopolymer_warning	homopolymer_warning
gen_98	104	True	False	False	False	True	0.057006419977046	0.060619256010025824	False	True	False	[]	True	False	[]	True	False	[]	True	False	[]	True	False	[]	True		
gen_99	114	True	False	False	False	True	0.05464635696234117	0.060619256010025824	False	True	False	[]	True	False	[]	True	False	[]	True	False	[]	True	False	[]	True		
gen_100	110	True	False	False	False	True	0.12962247223284484	0.060619256010025824	True	True	False	[]	True	False	[]	True	False	[]	True	False	[]	True	False	[]	True	composition_outlier_warning	composition_outlier_warning
gen_101	71	True	False	False	False	True	0.039989760064265134	0.060619256010025824	False	True	False	[]	True	False	[]	True	False	[]	True	False	[]	True	False	[]	True		
gen_102	119	True	False	False	False	True	0.08153439226546455	0.060619256010025824	True	True	False	[]	True	False	[]	True	False	[]	True	False	[]	True	False	[]	True	composition_outlier_warning	composition_outlier_warning
gen_103	98	True	False	False	False	True	0.09238953265590394	0.060619256010025824	True	True	False	[]	True	False	[]	True	False	[]	True	False	[]	True	False	[]	True	composition_outlier_warning	composition_outlier_warning
gen_104	74	True	False	False	False	True	0.11199346107148972	0.060619256010025824	True	True	False	[]	True	False	[]	True	False	[]	True	False	[]	True	False	[]	True	composition_outlier_warning	composition_outlier_warning
gen_105	341	True	False	False	False	True	0.02866221903138262	0.060619256010025824	False	True	False	[]	True	False	[]	True	False	[]	True	False	[]	True	False	[]	False	length_above_maximum	
gen_106	101	True	False	False	False	True	0.14980367008707626	0.060619256010025824	True	True	False	[]	True	False	[]	True	False	[]	True	False	[]	True	False	[]	True	composition_outlier_warning	composition_outlier_warning
gen_107	98	True	False	False	False	True	0.1619457571093213	0.060619256010025824	True	True	False	[]	True	False	[]	True	False	[]	True	False	[]	True	False	[]	True	composition_outlier_warning	composition_outlier_warning
gen_108	103	True	False	False	False	True	0.15502811193740876	0.060619256010025824	True	True	False	[]	True	False	[]	True	False	[]	True	False	[]	True	False	[]	True	composition_outlier_warning	composition_outlier_warning
gen_109	86	True	False	False	False	True	0.028620441395519027	0.060619256010025824	False	True	False	[]	True	False	[]	True	False	[]	True	False	[]	True	False	[]	True		
gen_110	93	True	False	False	False	True	0.13093498371828816	0.060619256010025824	True	True	False	[]	True	False	[]	True	False	[]	True	False	[]	True	False	[]	True	composition_outlier_warning	composition_outlier_warning
gen_111	110	True	False	False	False	True	0.15410491820995753	0.060619256010025824	True	True	False	[]	True	False	[]	True	False	[]	True	False	[]	True	False	[]	True	composition_outlier_warning	composition_outlier_warning
gen_112	106	True	False	False	False	True	0.1687076714609742	0.060619256010025824	True	True	False	[]	True	False	[]	True	False	[]	True	False	[]	True	False	[]	True	composition_outlier_warning	composition_outlier_warning
gen_113	301	True	False	False	False	True	0.0798829987940575	0.060619256010025824	True	True	False	[]	True	False	[]	True	False	[]	True	False	[]	True	False	[]	False	length_above_maximum;composition_outlier_warning	composition_outlier_warning
gen_114	444	True	False	False	False	True	0.040117498999578796	0.060619256010025824	False	True	False	[]	True	False	[]	True	False	[]	True	False	[]	True	False	[]	False	length_above_maximum	
gen_115	127	True	False	False	False	True	0.06493435772427683	0.060619256010025824	True	True	False	[]	True	False	[]	True	False	[]	True	False	[]	True	False	[]	True	composition_outlier_warning	composition_outlier_warning
gen_116	100	True	False	False	False	True	0.13051596613651872	0.060619256010025824	True	True	False	[]	True	False	[]	True	False	[]	True	False	[]	True	False	[]	True	composition_outlier_warning	composition_outlier_warning
gen_117	103	True	False	False	False	True	0.07794038690642159	0.060619256010025824	True	True	False	[]	True	False	[]	True	False	[]	True	False	[]	True	False	[]	True	composition_outlier_warning	composition_outlier_warning
gen_118	156	True	False	False	False	True	0.04828658132729624	0.060619256010025824	False	True	False	[]	True	False	[]	True	False	[]	True	False	[]	True	False	[]	True		
gen_119	337	True	False	False	False	True	0.09805252763941943	0.060619256010025824	True	True	False	[]	True	False	[]	True	False	[]	True	False	[]	True	False	[]	False	length_above_maximum;composition_outlier_warning	composition_outlier_warning
gen_120	347	True	False	False	False	True	0.03384858591184685	0.060619256010025824	False	True	False	[]	True	False	[]	True	False	[]	True	False	[]	True	False	[]	False	length_above_maximum	
gen_121	114	True	False	False	False	True	0.10142898994264499	0.060619256010025824	True	True	False	[]	True	False	[]	True	False	[]	True	False	[]	True	False	[]	True	composition_outlier_warning	composition_outlier_warning
gen_122	92	True	False	False	False	True	0.14883489691592397	0.060619256010025824	True	True	False	[]	True	False	[]	True	False	[]	True	False	[]	True	False	[]	True	composition_outlier_warning	composition_outlier_warning
gen_123	120	True	False	False	False	True	0.03522013689252797	0.060619256010025824	False	True	False	[]	True	False	[]	True	False	[]	True	False	[]	True	False	[]	True		
gen_124	282	True	False	False	False	True	0.06624974946931235	0.060619256010025824	True	True	False	[]	True	False	[]	True	False	[]	True	False	[]	True	False	[]	False	length_above_maximum;composition_outlier_warning	composition_outlier_warning
gen_125	114	True	False	False	False	True	0.05740601773852454	0.060619256010025824	False	True	False	[]	True	False	[]	True	False	[]	True	False	[]	True	False	[]	True		
gen_126	92	True	False	False	False	True	0.181667262260775	0.060619256010025824	True	True	False	[]	True	False	[]	True	False	[]	True	False	[]	True	False	[]	True	composition_outlier_warning	composition_outlier_warning
gen_127	114	True	False	False	False	True	0.045681204217545755	0.060619256010025824	False	True	False	[]	True	False	[]	True	False	[]	True	False	[]	True	False	[]	True		
gen_128	93	True	False	False	False	True	0.132583577148403	0.060619256010025824	True	True	False	[]	True	False	[]	True	False	[]	True	False	[]	True	False	[]	True	composition_outlier_warning	composition_outlier_warning
gen_129	73	True	False	False	False	True	0.1269155533852655	0.060619256010025824	True	True	False	[]	True	False	[]	True	False	[]	True	False	[]	True	False	[]	True	composition_outlier_warning	composition_outlier_warning
gen_130	120	True	False	False	False	True	0.08245324201908702	0.060619256010025824	True	True	False	[]	True	False	[]	True	False	[]	True	False	[]	True	False	[]	True	composition_outlier_warning	composition_outlier_warning
gen_131	94	True	False	False	False	True	0.10875426971657962	0.060619256010025824	True	True	False	[]	True	False	[]	True	False	[]	True	False	[]	True	False	[]	True	composition_outlier_warning	composition_outlier_warning
gen_132	107	True	False	False	False	True	0.05705510102152459	0.060619256010025824	False	True	False	[]	True	False	[]	True	False	[]	True	False	[]	True	False	[]	True		
gen_133	106	True	False	False	False	True	0.11762706023719526	0.060619256010025824	True	True	False	[]	True	False	[]	True	False	[]	True	False	[]	True	False	[]	True	composition_outlier_warning	composition_outlier_warning
gen_134	107	True	False	False	False	True	0.11893023946073292	0.060619256010025824	True	True	False	[]	True	False	[]	True	False	[]	True	False	[]	True	False	[]	True	composition_outlier_warning	composition_outlier_warning
gen_135	98	True	False	False	False	True	0.11783451044456246	0.060619256010025824	True	True	False	[]	True	False	[]	True	False	[]	True	False	[]	True	False	[]	True	composition_outlier_warning	composition_outlier_warning
gen_136	95	True	False	False	False	True	0.13493828858990803	0.060619256010025824	True	True	False	[]	True	False	[]	True	False	[]	True	False	[]	True	False	[]	True	composition_outlier_warning	composition_outlier_warning
gen_137	93	True	False	False	False	True	0.1618344875547798	0.060619256010025824	True	True	False	[]	True	False	[]	True	False	[]	True	False	[]	True	False	[]	True	composition_outlier_warning	composition_outlier_warning
gen_138	94	True	False	False	False	True	0.17356972266372833	0.060619256010025824	True	True	False	[]	True	False	[]	True	False	[]	True	False	[]	True	False	[]	True	composition_outlier_warning	composition_outlier_warning
gen_139	91	True	False	False	False	True	0.09449113997223219	0.060619256010025824	True	True	False	[]	True	False	[]	True	False	[]	True	False	[]	True	False	[]	True	composition_outlier_warning	composition_outlier_warning
gen_140	97	True	False	False	False	True	0.14214240151934665	0.060619256010025824	True	True	False	[]	True	False	[]	True	False	[]	True	False	[]	True	False	[]	True	composition_outlier_warning	composition_outlier_warning
gen_141	94	True	False	False	False	True	0.11450915254037947	0.060619256010025824	True	True	False	[]	True	False	[]	True	False	[]	True	False	[]	True	False	[]	True	composition_outlier_warning	composition_outlier_warning
gen_142	87	True	False	False	False	True	0.030502654908446135	0.060619256010025824	False	True	False	[]	True	False	[]	True	False	[]	True	False	[]	True	False	[]	True		
gen_143	112	True	False	False	False	True	0.19263893856595832	0.060619256010025824	True	True	False	[]	True	False	[]	True	False	[]	True	False	[]	True	False	[]	True	composition_outlier_warning	composition_outlier_warning
gen_144	99	True	False	False	False	True	0.12082753320663535	0.060619256010025824	True	True	False	[]	True	False	[]	True	False	[]	True	False	[]	True	False	[]	True	composition_outlier_warning	composition_outlier_warning
gen_145	91	True	False	False	False	True	0.13304197953051886	0.060619256010025824	True	True	False	[]	True	False	[]	True	False	[]	True	False	[]	True	False	[]	True	composition_outlier_warning	composition_outlier_warning
gen_146	307	True	False	False	False	True	0.06868799768713085	0.060619256010025824	True	True	False	[]	True	False	[]	True	False	[]	True	False	[]	True	False	[]	False	length_above_maximum;composition_outlier_warning	composition_outlier_warning
gen_147	97	True	False	False	False	True	0.1474719684109196	0.060619256010025824	True	True	False	[]	True	False	[]	True	False	[]	True	False	[]	True	False	[]	True	composition_outlier_warning	composition_outlier_warning
gen_148	76	True	False	False	False	True	0.09642292546080196	0.060619256010025824	True	True	False	[]	True	False	[]	True	False	[]	True	False	[]	True	False	[]	True	composition_outlier_warning	composition_outlier_warning
gen_149	87	True	False	False	False	True	0.15866899591988623	0.060619256010025824	True	True	False	[]	True	False	[]	True	False	[]	True	False	[]	True	False	[]	True	composition_outlier_warning	composition_outlier_warning
gen_150	97	True	False	False	False	True	0.09103648753624563	0.060619256010025824	True	True	False	[]	True	False	[]	True	False	[]	True	False	[]	True	False	[]	True	composition_outlier_warning	composition_outlier_warning
gen_151	92	True	False	False	False	True	0.13442749574181262	0.060619256010025824	True	True	False	[]	True	False	[]	True	False	[]	True	False	[]	True	False	[]	True	composition_outlier_warning	composition_outlier_warning
gen_152	103	True	False	False	False	True	0.11441878726396201	0.060619256010025824	True	True	False	[]	True	False	[]	True	False	[]	True	False	[]	True	False	[]	True	composition_outlier_warning	composition_outlier_warning
gen_153	107	True	False	False	False	True	0.13250757619159304	0.060619256010025824	True	True	False	[]	True	False	[]	True	False	[]	True	False	[]	True	False	[]	True	composition_outlier_warning	composition_outlier_warning
gen_154	121	True	False	False	False	True	0.1122340689116002	0.060619256010025824	True	True	False	[]	True	False	[]	True	False	[]	True	False	[]	True	False	[]	True	composition_outlier_warning	composition_outlier_warning
gen_155	98	True	False	False	False	True	0.168441936728918	0.060619256010025824	True	True	False	[]	True	False	[]	True	False	[]	True	False	[]	True	False	[]	True	composition_outlier_warning	composition_outlier_warning
gen_156	93	True	False	False	False	True	0.17324495434132833	0.060619256010025824	True	True	False	[]	True	False	[]	True	False	[]	True	False	[]	True	False	[]	True	composition_outlier_warning	composition_outlier_warning
gen_157	104	True	False	False	False	True	0.08443095964843912	0.060619256010025824	True	True	False	[]	True	False	[]	True	False	[]	True	False	[]	True	False	[]	True	composition_outlier_warning	composition_outlier_warning
gen_158	115	True	False	False	False	True	0.13403201133966625	0.060619256010025824	True	True	False	[]	True	False	[]	True	False	[]	True	False	[]	True	False	[]	True	composition_outlier_warning	composition_outlier_warning
gen_159	114	True	False	False	False	True	0.10376201048479478	0.060619256010025824	True	True	False	[]	True	False	[]	True	False	[]	True	False	[]	True	False	[]	True	composition_outlier_warning	composition_outlier_warning
gen_160	90	True	False	False	False	True	0.1311603434723748	0.060619256010025824	True	True	False	[]	True	False	[]	True	False	[]	True	False	[]	True	False	[]	True	composition_outlier_warning	composition_outlier_warning
gen_161	70	True	False	False	False	True	0.027976068015494154	0.060619256010025824	False	True	False	[]	True	False	[]	True	False	[]	True	False	[]	True	False	[]	True		
gen_162	92	True	False	False	False	True	0.13569014596663753	0.060619256010025824	True	True	False	[]	True	False	[]	True	False	[]	True	False	[]	True	False	[]	True	composition_outlier_warning	composition_outlier_warning
gen_163	96	True	False	False	False	True	0.13911604348166406	0.060619256010025824	True	True	False	[]	True	False	[]	True	False	[]	True	False	[]	True	False	[]	True	composition_outlier_warning	composition_outlier_warning
gen_164	97	True	False	False	False	True	0.0999808629509911	0.060619256010025824	True	True	False	[]	True	False	[]	True	False	[]	True	False	[]	True	False	[]	True	composition_outlier_warning	composition_outlier_warning
gen_165	91	True	False	False	False	True	0.10057185605605634	0.060619256010025824	True	True	False	[]	True	False	[]	True	False	[]	True	False	[]	True	False	[]	True	composition_outlier_warning	composition_outlier_warning
gen_166	98	True	False	False	False	True	0.07545545350890773	0.060619256010025824	True	True	False	[]	True	False	[]	True	False	[]	True	False	[]	True	False	[]	True	composition_outlier_warning	composition_outlier_warning
gen_167	512	True	False	False	False	True	0.13738567706216565	0.060619256010025824	True	True	False	[]	True	False	[]	True	False	[]	True	True	"[{""start"": 71, ""end"": 78, ""length"": 8, ""residue"": ""G""}]"	True	False	[]	False	length_above_maximum;composition_outlier_warning;homopolymer_warning	composition_outlier_warning;homopolymer_warning
gen_168	305	True	False	False	False	True	0.05335312643893624	0.060619256010025824	False	True	False	[]	True	False	[]	True	False	[]	True	False	[]	True	False	[]	False	length_above_maximum	
gen_169	119	True	False	False	False	True	0.1027517027731003	0.060619256010025824	True	True	False	[]	True	False	[]	True	False	[]	True	False	[]	True	False	[]	True	composition_outlier_warning	composition_outlier_warning
gen_170	103	True	False	False	False	True	0.1331715810197901	0.060619256010025824	True	True	False	[]	True	False	[]	True	False	[]	True	False	[]	True	False	[]	True	composition_outlier_warning	composition_outlier_warning
gen_171	92	True	False	False	False	True	0.19365857342138554	0.060619256010025824	True	True	False	[]	True	False	[]	True	False	[]	True	False	[]	True	False	[]	True	composition_outlier_warning	composition_outlier_warning
gen_172	304	True	False	False	False	True	0.047559486587332514	0.060619256010025824	False	True	False	[]	True	False	[]	True	False	[]	True	False	[]	True	False	[]	False	length_above_maximum	
gen_173	86	True	False	False	False	True	0.014275134354205531	0.060619256010025824	False	True	False	[]	True	False	[]	True	False	[]	True	False	[]	True	False	[]	True		
gen_174	96	True	False	False	False	True	0.16271373901246128	0.060619256010025824	True	True	False	[]	True	False	[]	True	False	[]	True	False	[]	True	False	[]	True	composition_outlier_warning	composition_outlier_warning
gen_175	101	True	False	False	False	True	0.12233374801053552	0.060619256010025824	True	True	False	[]	True	False	[]	True	False	[]	True	False	[]	True	False	[]	True	composition_outlier_warning	composition_outlier_warning
gen_176	92	True	False	False	False	True	0.14208641462147073	0.060619256010025824	True	True	False	[]	True	False	[]	True	False	[]	True	False	[]	True	False	[]	True	composition_outlier_warning	composition_outlier_warning
gen_177	125	True	False	False	False	True	0.11449491097644032	0.060619256010025824	True	True	False	[]	True	False	[]	True	False	[]	True	False	[]	True	False	[]	True	composition_outlier_warning	composition_outlier_warning
gen_178	104	True	False	False	False	True	0.12299319792265519	0.060619256010025824	True	True	False	[]	True	False	[]	True	False	[]	True	False	[]	True	False	[]	True	composition_outlier_warning	composition_outlier_warning
gen_179	87	True	False	False	False	True	0.03195048776890134	0.060619256010025824	False	True	False	[]	True	False	[]	True	False	[]	True	False	[]	True	False	[]	True		
gen_180	93	True	False	False	False	True	0.11963309600561403	0.060619256010025824	True	True	False	[]	True	False	[]	True	False	[]	True	False	[]	True	False	[]	True	composition_outlier_warning	composition_outlier_warning
gen_181	106	True	False	False	False	True	0.12310587302985045	0.060619256010025824	True	True	False	[]	True	False	[]	True	False	[]	True	False	[]	True	False	[]	True	composition_outlier_warning	composition_outlier_warning
gen_182	113	True	False	False	False	True	0.12826360895537414	0.060619256010025824	True	True	False	[]	True	False	[]	True	False	[]	True	False	[]	True	False	[]	True	composition_outlier_warning	composition_outlier_warning
gen_183	97	True	False	False	False	True	0.13892076192635275	0.060619256010025824	True	True	False	[]	True	False	[]	True	False	[]	True	False	[]	True	False	[]	True	composition_outlier_warning	composition_outlier_warning
gen_184	112	True	False	False	False	True	0.10988688958093956	0.060619256010025824	True	True	False	[]	True	False	[]	True	False	[]	True	False	[]	True	False	[]	True	composition_outlier_warning	composition_outlier_warning
gen_185	299	True	False	False	False	True	0.06538273393206581	0.060619256010025824	True	True	False	[]	True	False	[]	True	False	[]	True	False	[]	True	False	[]	False	length_above_maximum;composition_outlier_warning	composition_outlier_warning
gen_186	395	True	False	False	False	True	0.05239635066420327	0.060619256010025824	False	True	False	[]	True	False	[]	True	False	[]	True	False	[]	True	False	[]	False	length_above_maximum	
gen_187	490	True	False	False	False	True	0.037286300881833226	0.060619256010025824	False	True	False	[]	True	False	[]	True	False	[]	True	False	[]	True	False	[]	False	length_above_maximum	
gen_188	482	True	False	False	False	True	0.0305836596702435	0.060619256010025824	False	True	False	[]	True	False	[]	True	False	[]	True	False	[]	True	False	[]	False	length_above_maximum	
gen_189	77	True	False	False	False	True	0.08677358831063828	0.060619256010025824	True	True	False	[]	True	False	[]	True	False	[]	True	False	[]	True	False	[]	True	composition_outlier_warning	composition_outlier_warning
gen_190	97	True	False	False	False	True	0.12246411246148113	0.060619256010025824	True	True	False	[]	True	False	[]	True	False	[]	True	False	[]	True	False	[]	True	composition_outlier_warning	composition_outlier_warning
gen_191	84	True	False	False	False	True	0.11393251160400922	0.060619256010025824	True	True	False	[]	True	False	[]	True	False	[]	True	False	[]	True	False	[]	True	composition_outlier_warning	composition_outlier_warning
gen_192	90	True	False	False	False	True	0.18074879877276967	0.060619256010025824	True	True	False	[]	True	False	[]	True	False	[]	True	False	[]	True	False	[]	True	composition_outlier_warning	composition_outlier_warning
gen_193	104	True	False	False	False	True	0.09703276866952534	0.060619256010025824	True	True	False	[]	True	False	[]	True	False	[]	True	False	[]	True	False	[]	True	composition_outlier_warning	composition_outlier_warning
gen_194	99	True	False	False	False	True	0.021382965951341502	0.060619256010025824	False	True	False	[]	True	False	[]	True	False	[]	True	False	[]	True	False	[]	True		
gen_195	84	True	False	False	False	True	0.07246981464857866	0.060619256010025824	True	True	False	[]	True	False	[]	True	False	[]	True	False	[]	True	False	[]	True	composition_outlier_warning	composition_outlier_warning
gen_196	91	True	False	False	False	True	0.12274690085173043	0.060619256010025824	True	True	False	[]	True	False	[]	True	False	[]	True	False	[]	True	False	[]	True	composition_outlier_warning	composition_outlier_warning
gen_197	97	True	False	False	False	True	0.09391409520965668	0.060619256010025824	True	True	False	[]	True	False	[]	True	False	[]	True	False	[]	True	False	[]	True	composition_outlier_warning	composition_outlier_warning
gen_198	93	True	False	False	False	True	0.13860826009189287	0.060619256010025824	True	True	False	[]	True	False	[]	True	False	[]	True	False	[]	True	False	[]	True	composition_outlier_warning	composition_outlier_warning
gen_199	120	True	False	False	False	True	0.03492641063896323	0.060619256010025824	False	True	False	[]	True	False	[]	True	False	[]	True	False	[]	True	False	[]	True		
