sequence_id	length	domain_status	domain_score	domain_evalue	sequence_evalue	sequence_score	model_coverage	domain_pass	constraint_score	hmm_from	hmm_to	alignment_from	alignment_to	conserved_sites_total	conserved_sites_covered	conserved_sites_matched	conservation_coverage	conservation_score	closest_reference_id	closest_reference_pident	closest_reference_effective_identity	closest_reference_query_coverage	closest_reference_target_coverage	closest_reference_evalue	novelty_score	uniqueness_score	nearest_candidate_id	nearest_candidate_identity	nearest_candidate_distance
vae_candidate_000001	84	detected	60.3	1.2e-18	7.8e-19	60.9	1	True	0.9836065574	1	39	12	50	23	23	23	1	1	nat_c8490949e18e771ed8c8	0.81818	0.7659557447	1	0.9361702128	2.35e-44	0.2340442553	0.4006221882	vae_candidate_000857	0.7717372826	0.2282627174
vae_candidate_000018	98	detected	48.9	4.2e-15	2.2e-15	49.8	1	True	0.3606557377	1	39	12	52	23	23	23	1	1	nat_67dd37821af98e87666e	0.60396	0.6224485714	1	1	2.19e-33	0.3775514286	0.5091714657	vae_candidate_000913	0.6326530612	0.3673469388
vae_candidate_000020	107	detected	45.9	3.8e-14	6e-16	51.6	1	True	0.2786885246	1	39	12	54	23	23	23	1	1	nat_acb38079c01f07d0de6f	0.80189	0.7943957009	0.9906542056	1	2.96e-44	0.2056042991	0.3967373098	vae_candidate_000967	0.8037375701	0.1962624299
vae_candidate_000029	90	detected	59.7	1.9e-18	1.3e-18	60.2	1	True	0.9590163934	1	39	11	49	23	23	23	1	1	nat_75679c0d4db585656573	0.89773	0.8586982609	0.9777777778	0.9565217391	7.53e-54	0.1413017391	0.3893334186	vae_candidate_000857	0.84783	0.15217
vae_candidate_000032	97	detected	42.9	3.2e-13	2.2e-13	43.4	1	True	0.09016393443	1	39	14	52	23	23	22	1	0.9565217391	nat_0ae199fc6d044a2da135	0.75581	0.6700995876	0.8865979381	0.9052631579	3.97e-44	0.3299004124	0.5052538243	vae_candidate_000121	0.6597913402	0.3402086598
vae_candidate_000034	92	detected	59.2	2.6e-18	1.9e-18	59.6	1	True	0.9098360656	1	39	8	46	23	23	23	1	1	nat_a36a3359d46f89a3e9c6	0.91011	0.8709654839	0.9673913043	0.9569892473	1.26e-41	0.1290345161	0.3679950275	vae_candidate_000070	0.8913055435	0.1086944565
vae_candidate_000050	70	detected	57.1	1.2e-17	9.6e-18	57.4	1	True	0.737704918	1	39	11	49	23	23	23	1	1	nat_ea5746ec582bf06f4e03	0.82258	0.7083327778	0.8857142857	0.8611111111	8.6e-36	0.2916672222	0.4401555376	vae_candidate_000792	0.797292973	0.202707027
vae_candidate_000058	86	detected	58.7	3.7e-18	2.8e-18	59.1	1	True	0.8606557377	1	39	12	50	23	23	23	1	1	nat_5d40201e59780a4578e1	0.78652	0.7368450526	1	0.9368421053	5.73e-43	0.2631549474	0.4163191808	vae_candidate_000905	0.7499967391	0.2500032609
vae_candidate_000061	110	detected	46.4	2.7e-14	1.7e-14	47	1	True	0.2786885246	1	39	19	57	23	23	20	1	0.8695652174	nat_8bfb3056e00dc3525ee8	0.66667	0.4413815172	0.8727272727	0.6620689655	1.12e-36	0.5586184828	0.6955816265	vae_candidate_000894	0.4460418705	0.5539581295
vae_candidate_000065	81	detected	52.6	2.9e-16	2.9e-16	52.6	1	True	0.4918032787	1	39	12	51	23	23	23	1	1	nat_64b87c36790fe3acd4ba	0.70833	0.7234008511	1	1	6.9e-36	0.2765991489	0.4302064776	vae_candidate_000582	0.7558131395	0.2441868605
vae_candidate_000070	91	detected	60	1.4e-18	1.1e-18	60.4	1	True	0.9836065574	1	39	8	46	23	23	23	1	1	nat_a49cfe7d33cec22c3905	0.93684	0.93684	1	1	2.33e-58	0.06316	0.3493738905	vae_candidate_000623	0.91398	0.08602
vae_candidate_000088	101	detected	43.8	1.7e-13	1.1e-13	44.3	1	True	0.237704918	1	39	12	52	23	23	22	1	0.9565217391	nat_7ee1d64f80049d71603c	0.69565	0.6336613861	0.9108910891	0.9684210526	1.28e-35	0.3663386139	0.4900680884	vae_candidate_000995	0.6336665347	0.3663334653
vae_candidate_000090	93	detected	59.1	2.7e-18	2.1e-18	59.5	1	True	0.893442623	1	39	12	50	23	23	23	1	1	nat_b5ccff48f879b7cc34ad	0.8172	0.8172	1	1	2.68e-51	0.1828	0.3880776711	vae_candidate_000135	0.8279604301	0.1720395699
vae_candidate_000095	121	detected	53.2	1.9e-16	3.8e-17	55.5	1	True	0.5163934426	1	39	11	49	23	23	23	1	1	nat_200ecff40f6b83ca60f9	0.55102	0.4462806612	0.8099173554	1	2.86e-26	0.5537193388	0.6137821126	vae_candidate_000948	0.5289292562	0.4710707438
vae_candidate_000108	108	detected	49.3	3.1e-15	1.8e-15	50.1	1	True	0.3606557377	1	39	13	49	23	23	23	1	1	nat_004ac783975534947324	0.61538	0.5925881481	0.962962963	1	1.72e-31	0.4074118519	0.5340798557	vae_candidate_000293	0.5833359259	0.4166640741
vae_candidate_000118	70	detected	57	1.3e-17	1e-17	57.3	1	True	0.7295081967	1	39	10	48	23	23	23	1	1	nat_a4ce46bc0db75edd2892	0.74286	0.6842131579	1	0.9210526316	1.03e-33	0.3157868421	0.4773671023	vae_candidate_000792	0.7702735135	0.2297264865
vae_candidate_000121	96	detected	52.3	3.6e-16	2.4e-16	52.9	1	True	0.4918032787	1	39	11	49	23	23	22	1	0.9565217391	nat_4b58b860e36e01bdb682	0.89691	0.9062528125	1	1	6.81e-47	0.0937471875	0.3680686343	vae_candidate_000070	0.84375	0.15625
vae_candidate_000128	117	detected	56.1	2.4e-17	1.7e-17	56.6	1	True	0.6967213115	1	39	10	48	23	23	23	1	1	nat_842bc418f0682cd2a9c8	0.92045	0.6923042735	0.7521367521	0.9263157895	1.75e-46	0.3076957265	0.4855500749	vae_candidate_000772	0.7179487179	0.2820512821
vae_candidate_000133	102	detected	52.2	4e-16	3.1e-16	52.5	1	True	0.4836065574	1	39	10	48	23	23	23	1	1	nat_7ee1d64f80049d71603c	0.70707	0.6862738235	0.9705882353	1	1.12e-38	0.3137261765	0.4648454095	vae_candidate_000914	0.6568673529	0.3431326471
vae_candidate_000135	93	detected	55.6	3.5e-17	2.6e-17	56	1	True	0.6393442623	1	39	12	50	23	23	23	1	1	nat_05d62502987d9405b8af	0.96774	0.9473665263	1	0.9789473684	3.84e-62	0.05263347368	0.3421858043	vae_candidate_000841	0.90526	0.09474
vae_candidate_000136	95	detected	57.1	1.2e-17	9e-18	57.5	1	True	0.737704918	1	39	8	46	23	23	23	1	1	nat_a36a3359d46f89a3e9c6	0.90323	0.8842146316	0.9789473684	1	1.29e-43	0.1157853684	0.3905520243	vae_candidate_000967	0.87368	0.12632
vae_candidate_000140	108	detected	44.5	9.9e-14	6.8e-14	45	1	True	0.2540983607	1	39	28	67	23	23	23	1	1	nat_0ae199fc6d044a2da135	0.75532	0.6574081481	0.8703703704	0.9894736842	1.3e-40	0.3425918519	0.4915777198	vae_candidate_000857	0.6574081481	0.3425918519
vae_candidate_000143	92	detected	42.4	4.4e-13	2.8e-13	43.1	0.8205128205	False	0.06371540453	8	39	14	45	23	22	22	0.9565217391	0.9565217391	nat_ee10b37a92559cba1989	0.65	0.5652173913	0.8695652174	0.8695652174	6.68e-31	0.4347826087	0.5624975704	vae_candidate_000905	0.58696	0.41304
vae_candidate_000149	121	detected	55.8	2.9e-17	2.2e-17	56.2	1	True	0.6557377049	1	39	10	48	23	23	22	1	0.9565217391	nat_75679c0d4db585656573	0.58333	0.5206581818	0.8925619835	1	9.84e-32	0.4793418182	0.6105106095	vae_candidate_000343	0.5619864463	0.4380135537
vae_candidate_000151	73	detected	55.1	5e-17	3.6e-17	55.5	0.9487179487	False	0.5975531515	3	39	15	51	23	23	23	1	1	nat_1ed909a554bd91f8870f	0.74648	0.7260284932	0.9726027397	0.9726027397	2.74e-31	0.2739715068	0.5307493414	vae_candidate_000792	0.7297310811	0.2702689189
vae_candidate_000153	104	detected	41.9	6.5e-13	4.5e-13	42.4	0.8205128205	False	0.02123846818	8	39	16	47	23	22	22	0.9565217391	0.9565217391	nat_2257aec2c4abeff42ec4	0.5	0.5	1	1	1.25e-23	0.5	0.5990502535	vae_candidate_000388	0.5961538462	0.4038461538
vae_candidate_000157	99	detected	57.1	1.2e-17	9.1e-18	57.4	1	True	0.737704918	1	39	12	50	23	23	23	1	1	nat_a7791ad55c70e7fd3462	0.90909	0.90909	1	1	4.41e-52	0.09091	0.3740556356	vae_candidate_000750	0.8484848485	0.1515151515
vae_candidate_000160	121	detected	58.4	4.7e-18	7.8e-22	70.5	1	True	0.8524590164	1	39	12	50	23	23	23	1	1	nat_75679c0d4db585656573	0.61261	0.5619810744	0.9173553719	1	9.36e-36	0.4380189256	0.5711403589	vae_candidate_000948	0.5867771901	0.4132228099
vae_candidate_000179	91	detected	55.9	2.7e-17	2.1e-17	56.3	1	True	0.6803278689	1	39	12	50	23	23	23	1	1	nat_b5ccff48f879b7cc34ad	0.70732	0.6304373913	0.9010989011	0.8913043478	2.91e-34	0.3695626087	0.4947569651	vae_candidate_000836	0.6263763736	0.3736236264
vae_candidate_000191	94	detected	45.8	4.1e-14	3e-14	46.2	0.8717948718	False	0.2557465543	6	39	15	48	23	23	23	1	1	nat_4482775e0979509e45d2	0.84375	0.8526315789	1	1	1.65e-42	0.1473684211	0.4092439983	vae_candidate_000967	0.8210526316	0.1789473684
vae_candidate_000200	88	detected	52.7	2.8e-16	2.2e-16	53	1	True	0.5	1	39	13	51	23	23	23	1	1	nat_b5ccff48f879b7cc34ad	0.80899	0.7826098913	1	0.9673913043	1.04e-45	0.2173901087	0.4310423214	vae_candidate_000344	0.76135875	0.23864125
vae_candidate_000212	111	detected	58.6	3.9e-18	2.9e-18	59	1	True	0.8606557377	1	39	12	50	23	23	23	1	1	nat_78005b3dddedd0251b7e	0.62963	0.612612973	0.972972973	1	3.09e-37	0.387387027	0.4989317824	vae_candidate_000715	0.6306312613	0.3693687387
vae_candidate_000216	100	detected	52.4	3.3e-16	2.5e-16	52.8	1	True	0.4918032787	1	39	13	51	23	23	21	1	0.9130434783	nat_2257aec2c4abeff42ec4	0.62366	0.5800038	0.93	0.9587628866	4.34e-32	0.4199962	0.5533641078	vae_candidate_000536	0.5599969	0.4400031
vae_candidate_000219	97	detected	58.5	4.2e-18	3.2e-18	58.9	1	True	0.8524590164	1	39	12	50	23	23	23	1	1	nat_78005b3dddedd0251b7e	0.90323	0.8659834021	0.9587628866	0.9789473684	1.26e-51	0.1340165979	0.3735648161	vae_candidate_000070	0.8247470103	0.1752529897
vae_candidate_000220	84	detected	59.9	1.6e-18	1.2e-18	60.3	1	True	0.9754098361	1	39	11	49	23	23	23	1	1	nat_75679c0d4db585656573	0.91139	0.7826066304	0.9404761905	0.8586956522	5.61e-45	0.2173933696	0.4058384976	vae_candidate_000396	0.7865191011	0.2134808989
vae_candidate_000228	124	detected	59.3	2.4e-18	1.8e-18	59.7	1	True	0.9180327869	1	39	17	55	23	23	23	1	1	nat_dca06c4ca76aafac96e9	0.60577	0.5080651613	0.8387096774	1	3.79e-36	0.4919348387	0.5727150473	vae_candidate_000731	0.5359968	0.4640032
vae_candidate_000230	92	detected	59.2	2.6e-18	2e-18	59.6	1	True	0.9098360656	1	39	12	50	23	23	23	1	1	nat_d6e9dabc7155ae370ddb	0.87097	0.8526337895	1	0.9789473684	9.39e-45	0.1473662105	0.3707252474	vae_candidate_000399	0.8829748936	0.1170251064
vae_candidate_000247	96	detected	56.5	1.8e-17	1.3e-17	57	1	True	0.7213114754	1	39	12	50	23	23	23	1	1	nat_dca06c4ca76aafac96e9	0.82979	0.8041263918	0.9791666667	0.9690721649	2.69e-48	0.1958736082	0.4098967726	vae_candidate_000841	0.80208	0.19792
vae_candidate_000249	107	detected	53.6	1.5e-16	1e-16	54.1	1	True	0.5245901639	1	39	25	63	23	23	23	1	1	nat_49d3875a5ef4bbb644f9	0.90323	0.7850503738	0.8691588785	0.9789473684	6.9e-46	0.2149496262	0.4474118473	vae_candidate_000157	0.7289745794	0.2710254206
vae_candidate_000258	93	detected	56.7	1.6e-17	1.2e-17	57.1	1	True	0.7213114754	1	39	11	49	23	23	23	1	1	nat_c8490949e18e771ed8c8	0.87778	0.8404276596	0.9677419355	0.9574468085	1.64e-45	0.1595723404	0.3948677051	vae_candidate_000903	0.8000029474	0.1999970526
vae_candidate_000264	110	detected	58.6	3.8e-18	2.9e-18	59	1	True	0.8606557377	1	39	27	65	23	23	23	1	1	nat_1f956fdbc151f2ec0ffb	0.95506	0.7727303636	0.8090909091	0.9368421053	5.58e-45	0.2272696364	0.4416504081	vae_candidate_000696	0.7727272727	0.2272727273
vae_candidate_000266	89	detected	57.4	9.5e-18	7.3e-18	57.8	1	True	0.762295082	1	39	12	50	23	23	23	1	1	nat_dbd11e06d90ad48401af	0.8617	0.8617	1	1	9.81e-47	0.1383	0.3545472529	vae_candidate_000230	0.8587	0.1413
vae_candidate_000273	108	detected	44.3	1.2e-13	6.3e-14	45.2	1	True	0.2540983607	1	39	12	53	23	23	23	1	1	nat_9ba949b2aab9e2be6898	0.60952	0.5925888889	0.9722222222	1	5.43e-34	0.4074111111	0.5281081585	vae_candidate_000627	0.6203748148	0.3796251852
vae_candidate_000284	91	detected	58.1	5.6e-18	4.3e-18	58.5	1	True	0.8114754098	1	39	12	50	23	23	23	1	1	nat_30c8db5b2a48ec02340b	0.82418	0.797876383	1	0.9680851064	5.05e-46	0.202123617	0.4344135465	vae_candidate_000266	0.7802208791	0.2197791209
vae_candidate_000288	114	detected	49.4	3e-15	3e-15	49.4	0.8717948718	False	0.346010044	1	34	14	47	23	23	20	1	0.8695652174	nat_a49cfe7d33cec22c3905	0.74074	0.5263152632	0.7105263158	0.8526315789	9.87e-32	0.4736847368	0.556941451	vae_candidate_000948	0.5964913158	0.4035086842
vae_candidate_000293	93	detected	60.9	7.5e-19	5.9e-19	61.2	1	True	0.9918032787	1	39	12	50	23	23	23	1	1	nat_004ac783975534947324	0.62245	0.648937234	1	1	9.97e-34	0.351062766	0.503451581	vae_candidate_000536	0.6559143011	0.3440856989
vae_candidate_000295	87	detected	40.2	2.2e-12	1.5e-12	40.8	1	True	0	1	39	12	49	23	23	21	1	0.9130434783	nat_9ba949b2aab9e2be6898	0.74074	0.6315783158	0.9310344828	0.8526315789	7.18e-35	0.3684216842	0.4853945773	vae_candidate_000058	0.666668046	0.333331954
vae_candidate_000316	85	detected	52.2	3.9e-16	2.7e-16	52.7	0.9743589744	True	0.4836065574	2	39	14	51	23	23	22	1	0.9565217391	nat_4d627ec7ce40cceb1d25	0.6375	0.6	0.9411764706	1	4.23e-32	0.4	0.507798259	vae_candidate_000536	0.6590922727	0.3409077273
vae_candidate_000318	77	detected	56.9	1.3e-17	1.3e-17	56.9	1	True	0.7295081967	1	39	12	50	23	23	23	1	1	nat_39696a92cfeac6f208a2	0.76056	0.6923046154	0.9220779221	0.9102564103	2.25e-33	0.3076953846	0.4857696796	vae_candidate_000792	0.6753272727	0.3246727273
vae_candidate_000323	103	detected	54.9	5.6e-17	4.4e-17	55.3	1	True	0.5983606557	1	39	22	60	23	23	22	1	0.9565217391	nat_9ba949b2aab9e2be6898	0.80952	0.660191068	0.8155339806	0.8842105263	1.52e-38	0.339808932	0.5030375352	vae_candidate_000401	0.6796121359	0.3203878641
vae_candidate_000327	96	detected	37.1	2.1e-11	1.5e-11	37.5	1	True	0	1	39	9	46	23	22	21	0.9565217391	0.9130434783	nat_0ae199fc6d044a2da135	0.77011	0.6979121875	0.90625	0.9157894737	9.68e-40	0.3020878125	0.4728571466	vae_candidate_000219	0.7113385567	0.2886614433
vae_candidate_000332	105	detected	33.6	2.6e-10	6.1e-11	35.6	0.8974358974	False	0	5	39	23	58	23	23	23	1	1	nat_8f3e753527c876cd94f0	0.85714	0.7999973333	0.9333333333	1	8.2e-46	0.2000026667	0.4234200527	vae_candidate_000533	0.7714285714	0.2285714286
vae_candidate_000338	93	detected	60	1.5e-18	1.1e-18	60.4	1	True	0.9836065574	1	39	14	52	23	23	23	1	1	nat_9ca97034ea4d97950343	0.98876	0.936166383	0.9569892473	0.9468085106	1.72e-60	0.06383361702	0.3416137107	vae_candidate_000399	0.9042589362	0.09574106383
vae_candidate_000343	114	detected	58.5	4.1e-18	2.7e-18	59.1	1	True	0.8524590164	1	39	8	46	23	23	23	1	1	nat_942bc0624c6f9016a403	0.56452	0.5185220741	1	0.9185185185	3.77e-38	0.4814779259	0.5562027613	vae_candidate_000273	0.6052605263	0.3947394737
vae_candidate_000344	88	detected	56.4	1.9e-17	1.4e-17	56.8	1	True	0.7131147541	1	39	12	50	23	23	22	1	0.9565217391	nat_9ba949b2aab9e2be6898	0.82418	0.7894776842	1	0.9578947368	4.17e-46	0.2105223158	0.379374539	vae_candidate_000266	0.80899	0.19101
vae_candidate_000345	101	detected	57	1.2e-17	6.6e-18	57.9	1	True	0.7295081967	1	39	12	50	23	23	22	1	0.9565217391	nat_5d40201e59780a4578e1	0.62	0.6138613861	0.9900990099	1	6.08e-37	0.3861386139	0.512459393	vae_candidate_000948	0.63462	0.36538
vae_candidate_000346	115	detected	61.1	6.6e-19	4.5e-19	61.6	1	True	0.9918032787	1	39	25	63	23	23	22	1	0.9565217391	nat_7ee1d64f80049d71603c	0.63964	0.6173916522	0.9652173913	1	8.65e-37	0.3826083478	0.5005147707	vae_candidate_000574	0.6521711304	0.3478288696
vae_candidate_000347	93	detected	57.2	1.1e-17	7.7e-18	57.7	1	True	0.7540983607	1	39	11	49	23	23	22	1	0.9565217391	nat_78005b3dddedd0251b7e	0.67416	0.6315814737	0.9569892473	0.9368421053	1.4e-30	0.3684185263	0.5145247068	vae_candidate_000070	0.6344073118	0.3655926882
vae_candidate_000352	72	detected	60.2	1.2e-18	9.8e-19	60.5	1	True	0.9836065574	1	39	10	48	23	23	22	1	0.9565217391	nat_9f8db13e803cecc901b7	0.90164	0.7638894444	0.8472222222	0.8714285714	1.8e-33	0.2361105556	0.5239458345	vae_candidate_000318	0.6623411688	0.3376588312
vae_candidate_000354	95	detected	58.9	3.1e-18	2.3e-18	59.3	1	True	0.868852459	1	39	12	50	23	23	23	1	1	nat_c8490949e18e771ed8c8	0.89474	0.89474	1	1	3.72e-51	0.10526	0.3696978687	vae_candidate_000967	0.8526294737	0.1473705263
vae_candidate_000356	111	detected	43.4	2.3e-13	7.2e-14	45	1	True	0.1803278689	1	39	14	55	23	23	23	1	1	nat_d1b057f953bd558c0457	0.86598	0.7567572973	0.8738738739	1	2.39e-43	0.2432427027	0.4504052898	vae_candidate_000841	0.7297295495	0.2702704505
vae_candidate_000359	106	detected	57.6	7.9e-18	5.3e-18	58.2	1	True	0.7704918033	1	39	21	59	23	23	23	1	1	nat_1aef09f774a1818b7e24	0.69792	0.6320784906	0.9056603774	1	1.66e-37	0.3679215094	0.4954309351	vae_candidate_000401	0.6132118868	0.3867881132
vae_candidate_000364	95	detected	56.1	2.4e-17	1.5e-17	56.8	1	True	0.6967213115	1	39	12	50	23	23	23	1	1	nat_81de2b78d291d512c1e2	0.63158	0.63158	1	1	2.25e-35	0.36842	0.489055645	vae_candidate_000633	0.6666690909	0.3333309091
vae_candidate_000369	88	detected	38.5	7.3e-12	4.5e-12	39.2	1	True	0	1	39	12	51	23	23	23	1	1	nat_9ba949b2aab9e2be6898	0.88764	0.8315785263	1	0.9368421053	5.28e-50	0.1684214737	0.4005047084	vae_candidate_000841	0.8210557895	0.1789442105
vae_candidate_000374	106	detected	49.8	2.3e-15	1.7e-15	50.2	1	True	0.3852459016	1	39	11	49	23	23	22	1	0.9565217391	nat_49d3875a5ef4bbb644f9	0.87059	0.6981146226	0.8018867925	0.8947368421	1.23e-41	0.3018853774	0.4632062694	vae_candidate_000157	0.7358528302	0.2641471698
vae_candidate_000383	98	detected	55.1	4.8e-17	3.2e-17	55.7	1	True	0.5983606557	1	39	20	58	23	23	22	1	0.9565217391	nat_9ba949b2aab9e2be6898	0.78495	0.7449015306	0.9489795918	0.9789473684	4.32e-43	0.2550984694	0.46130543	vae_candidate_000908	0.7346938776	0.2653061224
vae_candidate_000388	104	detected	59.6	1.9e-18	1.9e-18	59.6	1	True	0.9590163934	1	39	10	48	23	23	23	1	1	nat_67dd37821af98e87666e	0.70588	0.6923053846	0.9807692308	1	2.11e-38	0.3076946154	0.4779625287	vae_candidate_000399	0.65384875	0.34615125
vae_candidate_000396	89	detected	59.7	1.8e-18	1.3e-18	60.2	1	True	0.9590163934	1	39	12	50	23	23	23	1	1	nat_75679c0d4db585656573	0.85393	0.8260844565	1	0.9673913043	3.7e-49	0.1739155435	0.3624209304	vae_candidate_000338	0.8494645161	0.1505354839
vae_candidate_000399	94	detected	58.3	4.8e-18	3.6e-18	58.7	1	True	0.8442622951	1	39	12	50	23	23	23	1	1	nat_9ca97034ea4d97950343	0.95699	0.9468092553	0.9893617021	0.9893617021	1.28e-59	0.05319074468	0.3492157683	vae_candidate_000967	0.9157856842	0.08421431579
vae_candidate_000401	95	detected	57.2	1.1e-17	8.3e-18	57.6	1	True	0.7540983607	1	39	22	60	23	23	23	1	1	nat_d5d6f3cedb33fb3328b6	0.94253	0.8631590526	0.9157894737	0.9157894737	6.98e-54	0.1368409474	0.3685486298	vae_candidate_000338	0.8315826316	0.1684173684
vae_candidate_000411	96	detected	55.1	4.9e-17	3.8e-17	55.5	1	True	0.5983606557	1	39	17	55	23	23	23	1	1	nat_dc6aa26cbe06c32b68c2	0.88764	0.82291625	0.9270833333	0.9468085106	4.47e-51	0.17708375	0.4172734358	vae_candidate_000501	0.8124958333	0.1875041667
vae_candidate_000426	94	detected	56.5	1.8e-17	1.4e-17	56.9	1	True	0.7213114754	1	39	12	50	23	23	23	1	1	nat_d5d6f3cedb33fb3328b6	0.90426	0.8947414737	1	0.9894736842	4.33e-45	0.1052585263	0.3719213278	vae_candidate_000135	0.88298	0.11702
vae_candidate_000439	87	detected	60.1	1.3e-18	9e-19	60.7	1	True	0.9836065574	1	39	13	51	23	23	23	1	1	nat_75679c0d4db585656573	0.65591	0.6630394565	1	1	8.4e-38	0.3369605435	0.483455341	vae_candidate_000591	0.63636	0.36364
vae_candidate_000463	85	detected	56.8	1.4e-17	1e-17	57.3	1	True	0.7213114754	1	39	11	49	23	23	23	1	1	nat_873dfd59523575571c0b	0.79487	0.7294101176	0.9176470588	0.9176470588	2.27e-41	0.2705898824	0.4397579846	vae_candidate_000582	0.7325569767	0.2674430233
vae_candidate_000467	102	detected	58.9	3.2e-18	2.4e-18	59.3	1	True	0.868852459	1	39	20	58	23	23	23	1	1	nat_dad443e0412ef646de5e	0.85294	0.85294	1	1	4.73e-49	0.14706	0.3963260999	vae_candidate_000135	0.8137219608	0.1862780392
vae_candidate_000493	91	detected	60	1.4e-18	8.3e-19	60.8	1	True	0.9836065574	1	39	8	46	23	23	23	1	1	nat_c8490949e18e771ed8c8	0.96341	0.8404214894	0.9010989011	0.8723404255	5.3e-51	0.1595785106	0.3987028086	vae_candidate_000501	0.8571432967	0.1428567033
vae_candidate_000501	90	detected	60.1	1.4e-18	1e-18	60.5	1	True	0.9836065574	1	39	11	49	23	23	23	1	1	nat_215f48254c804f1f2876	0.94382	0.8936168085	0.9888888889	0.9468085106	1.23e-47	0.1063831915	0.3591337906	vae_candidate_000857	0.8695643478	0.1304356522
vae_candidate_000505	82	detected	59.6	1.9e-18	1.6e-18	59.9	1	True	0.9590163934	1	39	14	52	23	23	22	1	0.9565217391	nat_73e0b5aa88a198c56cae	0.77333	0.6666637931	0.9146341463	0.8620689655	1.78e-34	0.3333362069	0.4802175808	vae_candidate_000792	0.6951219512	0.3048780488
vae_candidate_000520	73	detected	35.5	6.6e-11	5e-11	35.9	0.8205128205	False	0	1	32	10	41	23	22	20	0.9565217391	0.8695652174	nat_1ed909a554bd91f8870f	0.69333	0.7123253425	1	1	5.73e-29	0.2876746575	0.5230942022	vae_candidate_000050	0.6712284932	0.3287715068
vae_candidate_000523	109	detected	43.1	2.8e-13	2e-13	43.6	1	True	0.131147541	1	39	28	65	23	23	23	1	1	nat_7ee1d64f80049d71603c	0.57143	0.5137627523	0.8990825688	1	3.47e-28	0.4862372477	0.5769728528	vae_candidate_000247	0.5137627523	0.4862372477
vae_candidate_000527	93	detected	57.2	1.1e-17	8.8e-18	57.5	1	True	0.7540983607	1	39	13	51	23	23	23	1	1	nat_78005b3dddedd0251b7e	0.8	0.8	1	1	9.47e-45	0.2	0.3917730781	vae_candidate_000070	0.8064483871	0.1935516129
vae_candidate_000533	101	detected	40	2.6e-12	3.4e-14	46	1	True	0	1	39	12	54	23	23	23	1	1	nat_9fda348180c612303cdb	0.86869	0.8514882178	0.9801980198	1	2.09e-44	0.1485117822	0.4102655874	vae_candidate_000967	0.7920784158	0.2079215842
vae_candidate_000535	92	detected	58	6.1e-18	4.7e-18	58.4	1	True	0.8114754098	1	39	13	51	23	23	23	1	1	nat_b5ccff48f879b7cc34ad	0.81395	0.7608663043	0.9347826087	0.9347826087	1.93e-45	0.2391336957	0.4161056853	vae_candidate_000090	0.7634425806	0.2365574194
vae_candidate_000536	88	detected	58.6	4e-18	3.1e-18	58.9	1	True	0.8606557377	1	39	12	50	23	23	23	1	1	nat_004ac783975534947324	0.73913	0.7234038298	1	0.9787234043	2.08e-43	0.2765961702	0.4161247762	vae_candidate_000582	0.7840952273	0.2159047727
vae_candidate_000539	91	detected	52.2	3.9e-16	2.8e-16	52.7	0.8974358974	False	0.4568482998	5	39	14	48	23	23	23	1	1	nat_4f811102c58fb8e77080	0.7	0.6153846154	0.8791208791	1	6.61e-34	0.3846153846	0.5282055676	vae_candidate_000652	0.637363956	0.362636044
vae_candidate_000547	100	detected	57.3	9.9e-18	7.8e-18	57.7	1	True	0.7540983607	1	39	11	49	23	23	22	1	0.9565217391	nat_943ce15fb7773fa3a769	0.75556	0.680004	0.9	0.9574468085	1.12e-38	0.319996	0.4651996525	vae_candidate_000034	0.6800024	0.3199976
vae_candidate_000572	87	detected	51.8	5.1e-16	3.5e-16	52.4	1	True	0.4426229508	1	39	9	49	23	23	23	1	1	nat_81de2b78d291d512c1e2	0.825	0.7173913043	0.9195402299	0.8695652174	5.47e-41	0.2826086957	0.4306716565	vae_candidate_000780	0.7415748315	0.2584251685
vae_candidate_000574	94	detected	59.9	1.6e-18	1.2e-18	60.2	1	True	0.9754098361	1	39	12	50	23	23	23	1	1	nat_92d7d81f95603487cd9c	0.94681	0.9368435789	1	0.9894736842	2.1e-58	0.06315642105	0.3546445206	vae_candidate_000338	0.8829807447	0.1170192553
vae_candidate_000582	86	detected	59.4	2.2e-18	1.7e-18	59.8	1	True	0.9344262295	1	39	12	50	23	23	23	1	1	nat_5d40201e59780a4578e1	0.85393	0.7999975789	1	0.9368421053	3.79e-48	0.2000024211	0.3728009764	vae_candidate_000029	0.8111106667	0.1888893333
vae_candidate_000588	99	detected	53.2	1.9e-16	1.3e-16	53.7	0.9743589744	True	0.5163934426	2	39	19	56	23	23	20	1	0.8695652174	nat_fca422d4ddd5dcd65605	0.67059	0.5757590909	0.8585858586	0.8854166667	1.6e-28	0.4242409091	0.5384740767	vae_candidate_000772	0.6262585859	0.3737414141
vae_candidate_000591	88	detected	50.7	1.2e-15	8.9e-16	51.1	1	True	0.4344262295	1	39	13	52	23	23	20	1	0.8695652174	nat_7ee1d64f80049d71603c	0.68421	0.68421	1	1	2.7e-36	0.31579	0.4767226027	vae_candidate_000058	0.6590922727	0.3409077273
vae_candidate_000593	124	detected	49.7	2.4e-15	2.4e-15	49.7	1	True	0.3852459016	1	39	12	50	23	23	20	1	0.8695652174	nat_67dd37821af98e87666e	0.53774	0.4596809677	0.8548387097	1	1.28e-26	0.5403190323	0.6408147683	vae_candidate_000160	0.5161304032	0.4838695968
vae_candidate_000598	94	detected	58.1	5.5e-18	4.2e-18	58.5	1	True	0.8114754098	1	39	13	51	23	23	23	1	1	nat_05d62502987d9405b8af	0.92222	0.8736821053	0.9574468085	0.9473684211	2.16e-48	0.1263178947	0.376617495	vae_candidate_000399	0.8617	0.1383
vae_candidate_000618	95	detected	58.4	4.7e-18	3.5e-18	58.8	1	True	0.8524590164	1	39	13	51	23	23	23	1	1	nat_1f956fdbc151f2ec0ffb	0.9011	0.8631589474	0.9578947368	0.9578947368	2.69e-47	0.1368410526	0.3563244173	vae_candidate_000841	0.8631574737	0.1368425263
vae_candidate_000620	149	detected	56.2	2.2e-17	1.5e-17	56.7	1	True	0.6967213115	1	39	9	47	23	23	23	1	1	nat_8d5392221648a605a7c2	0.45638	0.45638	1	1	3.94e-31	0.54362	0.6858968282	vae_candidate_000121	0.4093922819	0.5906077181
vae_candidate_000623	93	detected	60	1.5e-18	1.1e-18	60.4	1	True	0.9836065574	1	39	10	48	23	23	23	1	1	nat_62bc5089576517d5fad1	0.90323	0.90323	1	1	4.17e-47	0.09677	0.3675783736	vae_candidate_000070	0.91398	0.08602
vae_candidate_000627	90	detected	59.3	2.4e-18	2e-18	59.6	1	True	0.9180327869	1	39	12	50	23	23	23	1	1	nat_b5ccff48f879b7cc34ad	0.84091	0.8043486957	0.9777777778	0.9565217391	1.26e-47	0.1956513043	0.3779751772	vae_candidate_000995	0.8064483871	0.1935516129
vae_candidate_000633	99	detected	58.5	4.1e-18	3.2e-18	58.9	1	True	0.8524590164	1	39	9	47	23	23	23	1	1	nat_4f76b230eb60279eb5dd	0.61053	0.5858621212	0.9595959596	1	1.25e-30	0.4141378788	0.5239232653	vae_candidate_000364	0.6666690909	0.3333309091
vae_candidate_000635	89	detected	57.8	7e-18	5.6e-18	58.1	1	True	0.8032786885	1	39	13	51	23	23	23	1	1	nat_30c8db5b2a48ec02340b	0.82022	0.7765912766	1	0.9468085106	3.87e-44	0.2234087234	0.4210408237	vae_candidate_000582	0.7865123596	0.2134876404
vae_candidate_000638	89	detected	56.4	1.9e-17	1.3e-17	56.9	1	True	0.7131147541	1	39	11	49	23	23	23	1	1	nat_b5ccff48f879b7cc34ad	0.83333	0.7608665217	0.9438202247	0.9130434783	1.59e-43	0.2391334783	0.4291189551	vae_candidate_000841	0.7578957895	0.2421042105
vae_candidate_000652	84	detected	60.9	7.7e-19	5.9e-19	61.2	1	True	0.9918032787	1	39	11	49	23	23	23	1	1	nat_8f5ca23cd23d0262e12b	0.74667	0.6666696429	0.8928571429	0.9868421053	9.33e-35	0.3333303571	0.4783625423	vae_candidate_000876	0.6547602381	0.3452397619
vae_candidate_000666	99	detected	59.6	2e-18	1.6e-18	59.9	1	True	0.9590163934	1	39	12	50	23	23	23	1	1	nat_4cea385a8794a0b112c3	0.71429	0.656569596	0.9191919192	0.9680851064	5.42e-39	0.343430404	0.4642666511	vae_candidate_000635	0.696969697	0.303030303
vae_candidate_000672	131	detected	35.7	5.8e-11	5.8e-11	35.7	0.9230769231	False	0	4	39	21	58	23	23	22	1	0.9565217391	nat_438c70c6875cb7fc8740	0.5124	0.4558852941	0.9236641221	0.8897058824	6.25e-27	0.5441147059	0.6803487837	vae_candidate_000149	0.4580170992	0.5419829008
vae_candidate_000685	106	detected	54.4	8.3e-17	6e-17	54.8	1	True	0.5655737705	1	39	22	60	23	23	23	1	1	nat_1f956fdbc151f2ec0ffb	0.94253	0.7735859434	0.820754717	0.9157894737	9.47e-54	0.2264140566	0.4271656983	vae_candidate_000467	0.7735849057	0.2264150943
vae_candidate_000687	130	detected	31.7	9.7e-10	2.9e-10	33.4	1	True	0	1	39	12	53	23	23	21	1	0.9130434783	nat_004ac783975534947324	0.52137	0.469233	0.9	1	1.17e-26	0.530767	0.6356816737	vae_candidate_000273	0.515388	0.484612
vae_candidate_000696	102	detected	58.3	4.9e-18	3.6e-18	58.7	1	True	0.8442622951	1	39	19	57	23	23	23	1	1	nat_67dd37821af98e87666e	0.89011	0.7941177451	0.8921568627	0.9479166667	4.39e-55	0.2058822549	0.4204107453	vae_candidate_000903	0.7843147059	0.2156852941
vae_candidate_000701	111	detected	43.9	1.5e-13	1.1e-13	44.4	0.9487179487	False	0.2373841287	3	39	27	63	23	23	22	1	0.9565217391	nat_dad443e0412ef646de5e	0.76923	0.63063	0.8198198198	0.9578947368	2.2e-37	0.36937	0.498963059	vae_candidate_000467	0.6306290991	0.3693709009
vae_candidate_000715	95	detected	57.2	1.1e-17	8.7e-18	57.5	1	True	0.7540983607	1	39	16	54	23	23	23	1	1	nat_edcfcd19baadeee00eaf	0.85714	0.8210498947	0.9578947368	0.9578947368	1.61e-46	0.1789501053	0.3932719868	vae_candidate_000841	0.8105276842	0.1894723158
vae_candidate_000731	125	detected	59.1	2.8e-18	1.7e-18	59.8	1	True	0.893442623	1	39	18	56	23	23	23	1	1	nat_fca422d4ddd5dcd65605	0.87629	0.68000104	0.776	1	8.93e-45	0.31999896	0.4855022005	vae_candidate_000128	0.68800256	0.31199744
vae_candidate_000744	95	detected	43.2	2.5e-13	2e-13	43.5	1	True	0.1475409836	1	39	8	46	23	23	22	1	0.9565217391	nat_b5ccff48f879b7cc34ad	0.6129	0.5999968421	0.9789473684	1	6.05e-29	0.4000031579	0.5471131898	vae_candidate_000058	0.6105282105	0.3894717895
vae_candidate_000750	98	detected	57.7	7.4e-18	5.8e-18	58.1	1	True	0.7786885246	1	39	14	52	23	23	23	1	1	nat_8f3e753527c876cd94f0	0.91579	0.8877556122	0.9693877551	1	1.7e-52	0.1122443878	0.3675561745	vae_candidate_000975	0.877555102	0.122444898
vae_candidate_000752	93	detected	59.1	2.8e-18	2.3e-18	59.4	1	True	0.893442623	1	39	12	50	23	23	23	1	1	nat_c8490949e18e771ed8c8	0.81111	0.7765946809	0.9677419355	0.9574468085	8.6e-45	0.2234053191	0.3941840051	vae_candidate_000574	0.765958617	0.234041383
vae_candidate_000772	98	detected	58.1	5.6e-18	4.3e-18	58.5	1	True	0.8114754098	1	39	13	51	23	23	23	1	1	nat_4b58b860e36e01bdb682	0.91489	0.877547551	0.9591836735	0.9894736842	7.8e-46	0.122452449	0.3860354805	vae_candidate_000157	0.8484820202	0.1515179798
vae_candidate_000780	89	detected	60.1	1.3e-18	1e-18	60.5	1	True	0.9836065574	1	39	9	47	23	23	23	1	1	nat_3e6bf91c590be6684eed	0.88298	0.88298	1	1	4.37e-44	0.11702	0.3417276674	vae_candidate_000857	0.9021707609	0.09782923913
vae_candidate_000785	115	detected	41.5	8.9e-13	6.2e-13	42	0.9743589744	True	0.01639344262	2	39	10	48	23	23	22	1	0.9565217391	nat_d57269e318a762146774	0.57265	0.4890514599	1	0.8540145985	3.39e-32	0.5109485401	0.6553111578	vae_candidate_000388	0.5304318261	0.4695681739
vae_candidate_000792	74	detected	59.2	2.5e-18	2e-18	59.5	1	True	0.9098360656	1	39	12	50	23	23	23	1	1	nat_2a93193629740c6b70af	0.80556	0.7631621053	0.972972973	0.9473684211	4.18e-35	0.2368378947	0.4278214137	vae_candidate_000050	0.797292973	0.202707027
vae_candidate_000812	107	detected	53.7	1.4e-16	1.1e-16	54	1	True	0.5245901639	1	39	12	50	23	23	23	1	1	nat_b5ccff48f879b7cc34ad	0.66981	0.6635500935	0.9906542056	1	1.39e-42	0.3364499065	0.4742205178	vae_candidate_000332	0.6635525234	0.3364474766
vae_candidate_000818	94	detected	46.2	3e-14	2.1e-14	46.7	0.9743589744	True	0.2786885246	2	39	30	67	23	23	23	1	1	nat_fb877ea45a36f28c6227	0.72464	0.5319165957	0.7340425532	0.7931034483	3.48e-32	0.4680834043	0.5584835623	vae_candidate_000965	0.5851058511	0.4148941489
vae_candidate_000836	90	detected	57.2	1.1e-17	8.9e-18	57.5	1	True	0.7540983607	1	39	11	49	23	23	23	1	1	nat_fe2e069c7d192a9aa4be	0.81928	0.7391330435	0.9222222222	0.902173913	4.34e-36	0.2608669565	0.4286410474	vae_candidate_000501	0.7444454444	0.2555545556
vae_candidate_000839	99	detected	59.1	2.7e-18	2e-18	59.5	1	True	0.893442623	1	39	12	50	23	23	23	1	1	nat_69442765a7e1224b0435	0.88542	0.8585890909	0.9696969697	1	4.28e-47	0.1414109091	0.4022099692	vae_candidate_000157	0.81818	0.18182
vae_candidate_000841	95	detected	59.9	1.6e-18	1.1e-18	60.3	1	True	0.9754098361	1	39	13	51	23	23	23	1	1	nat_9ba949b2aab9e2be6898	0.92632	0.92632	1	1	4.61e-58	0.07368	0.3358904599	vae_candidate_000135	0.90526	0.09474
vae_candidate_000843	94	detected	56.4	2e-17	1.5e-17	56.7	1	True	0.7131147541	1	39	11	49	23	23	21	1	0.9130434783	nat_5d40201e59780a4578e1	0.78022	0.7473686316	0.9680851064	0.9578947368	3.59e-46	0.2526313684	0.4335725389	vae_candidate_000841	0.7578947368	0.2421052632
vae_candidate_000857	92	detected	60	1.4e-18	1.1e-18	60.4	1	True	0.9836065574	1	39	11	49	23	23	23	1	1	nat_c8490949e18e771ed8c8	0.93617	0.93617	1	1	3.97e-51	0.06383	0.3481462864	vae_candidate_000780	0.9021707609	0.09782923913
vae_candidate_000872	71	detected	46.9	1.8e-14	1.4e-14	47.2	0.8461538462	False	0.2628260437	7	39	12	44	23	21	21	0.9130434783	0.9130434783	nat_8d6274f78693091697cf	0.71667	0.6056366197	0.8450704225	0.8571428571	1.83e-24	0.3943633803	0.5840838121	vae_candidate_000118	0.6056326761	0.3943673239
vae_candidate_000876	82	detected	58.8	3.3e-18	2.6e-18	59.2	1	True	0.868852459	1	39	11	49	23	23	23	1	1	nat_0101bc590c89813c161a	0.69149	0.69149	1	1	1.64e-37	0.30851	0.4527714101	vae_candidate_000780	0.6966305618	0.3033694382
vae_candidate_000881	111	detected	54.4	7.9e-17	5.7e-17	54.9	1	True	0.5655737705	1	39	10	48	23	22	18	0.9565217391	0.7826086957	nat_7801d96d034213cf08c8	0.53846	0.4414401802	0.8198198198	1	3.7e-21	0.5585598198	0.6821060827	vae_candidate_000058	0.4414418919	0.5585581081
vae_candidate_000883	92	detected	43.5	2.1e-13	1.5e-13	44	0.9743589744	True	0.2049180328	2	39	6	44	23	22	21	0.9565217391	0.9130434783	nat_943ce15fb7773fa3a769	0.83721	0.7659580851	0.9347826087	0.914893617	5.5e-36	0.2340419149	0.4490860581	vae_candidate_000493	0.78261	0.21739
vae_candidate_000894	139	detected	41.5	8.6e-13	6.2e-13	42	1	True	0.01639344262	1	39	17	55	23	23	23	1	1	nat_d69494036b1115ae54ae	0.80537	0.7692316026	1	0.9551282051	7.74e-75	0.2307683974	0.7432654618	vae_candidate_000785	0.5035956835	0.4964043165
vae_candidate_000895	72	detected	52.2	4e-16	3.3e-16	52.5	0.9743589744	True	0.4836065574	2	39	12	49	23	23	23	1	1	nat_ea5746ec582bf06f4e03	0.78462	0.7083375	0.9027777778	0.9027777778	1.02e-32	0.2916625	0.4936708746	vae_candidate_000792	0.7567572973	0.2432427027
vae_candidate_000900	89	detected	57.7	7.5e-18	5.6e-18	58.1	1	True	0.7786885246	1	39	8	46	23	23	23	1	1	nat_a36a3359d46f89a3e9c6	0.91209	0.8924751613	1	0.9784946237	1.53e-43	0.1075248387	0.3743352784	vae_candidate_000780	0.8988775281	0.1011224719
vae_candidate_000903	95	detected	59.9	1.6e-18	1.2e-18	60.3	1	True	0.9754098361	1	39	12	50	23	23	23	1	1	nat_a9c10692b45d32f772b4	0.92632	0.92632	1	1	4.58e-51	0.07368	0.3582292206	vae_candidate_000841	0.8947407368	0.1052592632
vae_candidate_000905	92	detected	58.5	4.3e-18	3.3e-18	58.9	1	True	0.8524590164	1	39	12	50	23	23	23	1	1	nat_86af2bea85657bdc848a	0.90217	0.8924692473	1	0.9892473118	7.56e-48	0.1075307527	0.3920296833	vae_candidate_000266	0.8586938043	0.1413061957
vae_candidate_000908	96	detected	55	5.4e-17	3.9e-17	55.4	1	True	0.5983606557	1	39	14	52	23	23	23	1	1	nat_1f956fdbc151f2ec0ffb	0.90323	0.8750040625	0.96875	0.9789473684	2.71e-46	0.1249959375	0.3698145727	vae_candidate_000135	0.8437521875	0.1562478125
vae_candidate_000912	91	detected	59.1	2.7e-18	1.6e-18	59.9	1	True	0.893442623	1	39	12	50	23	23	22	1	0.9565217391	nat_30c8db5b2a48ec02340b	0.89157	0.7872373404	0.9120879121	0.8829787234	3.21e-49	0.2127626596	0.4001528367	vae_candidate_000338	0.784947957	0.215052043
vae_candidate_000913	97	detected	45.4	5.4e-14	3.9e-14	45.8	1	True	0.2786885246	1	39	12	49	23	23	23	1	1	nat_a9c10692b45d32f772b4	0.90625	0.8969072165	0.9896907216	1	2.78e-49	0.1030927835	0.3888830017	vae_candidate_000135	0.8969053608	0.1030946392
vae_candidate_000914	98	detected	49.2	3.4e-15	2.5e-15	49.7	1	True	0.3606557377	1	39	12	51	23	23	23	1	1	nat_d92cb9dcfcf48b731b50	0.89362	0.8571457143	0.9591836735	0.9894736842	6.91e-46	0.1428542857	0.376795614	vae_candidate_000399	0.8265290816	0.1734709184
vae_candidate_000921	89	detected	52.7	2.7e-16	1.7e-16	53.4	1	True	0.5	1	39	9	47	23	22	22	0.9565217391	0.9565217391	nat_cac8cf4903b24e69aca8	0.77027	0.6404492135	0.8314606742	0.9736842105	1.02e-33	0.3595507865	0.5116624914	vae_candidate_000344	0.6404480899	0.3595519101
vae_candidate_000926	77	detected	57.9	6.5e-18	4.4e-18	58.4	1	True	0.8114754098	1	39	11	49	23	22	22	0.9565217391	0.9565217391	nat_5bc7120641a4b206dec6	0.68056	0.6363677922	0.9350649351	1	5.94e-30	0.3636322078	0.5556911022	vae_candidate_000118	0.6103927273	0.3896072727
vae_candidate_000927	90	detected	58.8	3.4e-18	2.6e-18	59.2	1	True	0.868852459	1	39	12	50	23	23	23	1	1	nat_78005b3dddedd0251b7e	0.82609	0.8000029474	1	0.9684210526	1.07e-43	0.1999970526	0.4375181004	vae_candidate_000900	0.7999973333	0.2000026667
vae_candidate_000946	117	detected	57.8	7.1e-18	5.3e-18	58.2	1	True	0.8032786885	1	39	9	47	23	23	22	1	0.9565217391	nat_7ee1d64f80049d71603c	0.78049	0.5470100855	0.7008547009	0.8631578947	9.61e-39	0.4529899145	0.5435281526	vae_candidate_000547	0.5726495726	0.4273504274
vae_candidate_000948	104	detected	59.6	1.9e-18	1.4e-18	60	1	True	0.9590163934	1	39	12	50	23	23	23	1	1	nat_144165ea4d3ea8a64b2e	0.78409	0.6634607692	0.8461538462	0.9263157895	6.32e-42	0.3365392308	0.4561174793	vae_candidate_000627	0.6730769231	0.3269230769
vae_candidate_000959	108	detected	62.3	2.7e-19	2.7e-19	62.3	1	True	1	1	39	12	50	23	23	22	1	0.9565217391	nat_4b58b860e36e01bdb682	0.61111	0.61111	1	1	4.13e-34	0.38889	0.5340109649	vae_candidate_000020	0.6018566667	0.3981433333
vae_candidate_000965	92	detected	59.3	2.5e-18	1.8e-18	59.7	1	True	0.9180327869	1	39	19	57	23	23	22	1	0.9565217391	nat_c8490949e18e771ed8c8	0.78481	0.6595743617	0.8586956522	0.8404255319	1.05e-38	0.3404256383	0.4663084551	vae_candidate_000220	0.6956491304	0.3043508696
vae_candidate_000966	92	detected	42.3	4.8e-13	4.8e-13	42.3	1	True	0.06557377049	1	39	10	51	23	23	23	1	1	nat_7ee1d64f80049d71603c	0.65625	0.6631578947	1	1	6.19e-32	0.3368421053	0.4980014874	vae_candidate_000344	0.6521771739	0.3478228261
vae_candidate_000967	95	detected	59.2	2.6e-18	2e-18	59.6	1	True	0.9098360656	1	39	12	50	23	23	23	1	1	nat_a49cfe7d33cec22c3905	0.94737	0.94737	1	1	1.08e-55	0.05263	0.3416034458	vae_candidate_000399	0.9157856842	0.08421431579
vae_candidate_000975	95	detected	57.8	6.9e-18	5.4e-18	58.2	1	True	0.8032786885	1	39	12	50	23	23	23	1	1	nat_c0d8f1302fa41452efbc	0.91579	0.91579	1	1	2.24e-52	0.08421	0.3679229016	vae_candidate_000750	0.877555102	0.122444898
vae_candidate_000995	93	detected	55.6	3.4e-17	2.6e-17	56	1	True	0.6393442623	1	39	12	50	23	23	23	1	1	nat_9ba949b2aab9e2be6898	0.85106	0.8421014737	1	0.9894736842	9.16e-53	0.1578985263	0.3801801997	vae_candidate_000135	0.8709634409	0.1290365591
