sequence_id	length	standard_aa_only	duplicate_candidate	generation_cap_warning	low_complexity_warning	composition_outlier_checked	composition_js_divergence	composition_js_threshold	composition_outlier_warning	training_match_checked	exact_training_match	training_match_ids	reference_match_checked	exact_reference_match	reference_match_ids	hydrophobic_checked	hydrophobic_warning	hydrophobic_segments	homopolymer_checked	homopolymer_warning	homopolymer_segments	tandem_repeat_checked	tandem_repeat_warning	tandem_repeat_segments	qc_pass	qc_reasons	qc_warnings	query_length	closest_reference_id	closest_reference_ids	closest_reference_tie_count	target_length	alignment_score	alignment_length	aligned_pairs	identical_residues	identity	query_coverage	target_coverage	effective_identity	distance	distance_status	distance_reason	reference_count	resolved_reference_count	qc_failure_reasons	qc_checks_not_run	review_required	review_reasons
gen_0	99	True	False	False	False	True	0.10030699988824114	0.060619256010025824	True	True	False	[]	True	False	[]	True	False	[]	True	False	[]	True	False	[]	True	composition_outlier_warning	composition_outlier_warning	99	ref_000164	"[""ref_000164""]"	1	95	0.5	109	85	26	0.3058823529411765	0.8585858585858586	0.8947368421052632	0.26262626262626265	0.7373737373737373	resolved		1224	20			True	qc_warning
gen_1	104	True	False	False	False	True	0.14151541200516327	0.060619256010025824	True	True	False	[]	True	False	[]	True	False	[]	True	False	[]	True	False	[]	True	composition_outlier_warning	composition_outlier_warning	104	ref_000293	"[""ref_000293"", ""ref_000305"", ""ref_000324""]"	3	95	14.0	108	91	27	0.2967032967032967	0.875	0.9578947368421052	0.25961538461538464	0.7403846153846154	resolved		1224	92			True	qc_warning;reference_tie
gen_2	345	True	False	False	False	True	0.029159583959652062	0.060619256010025824	False	True	False	[]	True	False	[]	True	False	[]	True	False	[]	True	False	[]	False	length_above_maximum		345		[]	0											unresolved	no_reliable_reference	1224	0	length_above_maximum		True	qc_failure;reference_unresolved
gen_3	105	True	False	False	False	True	0.14947663744438766	0.060619256010025824	True	True	False	[]	True	False	[]	True	False	[]	True	False	[]	True	False	[]	True	composition_outlier_warning	composition_outlier_warning	105	ref_000241	"[""ref_000241"", ""ref_000410""]"	2	110	7.0	127	88	22	0.25	0.8380952380952381	0.8	0.2	0.8	resolved		1224	3			True	qc_warning;reference_tie
gen_4	95	True	False	False	False	True	0.15573158322030595	0.060619256010025824	True	True	False	[]	True	False	[]	True	False	[]	True	False	[]	True	False	[]	True	composition_outlier_warning	composition_outlier_warning	95	ref_000048	"[""ref_000048"", ""ref_000255"", ""ref_000315""]"	3	95	7.0	107	83	28	0.3373493975903614	0.8736842105263158	0.8736842105263158	0.29473684210526313	0.7052631578947368	resolved		1224	79			True	qc_warning;reference_tie
gen_5	101	True	False	False	False	True	0.13988422286524527	0.060619256010025824	True	True	False	[]	True	False	[]	True	False	[]	True	False	[]	True	False	[]	True	composition_outlier_warning	composition_outlier_warning	101	ref_000238	"[""ref_000238""]"	1	93	17.0	108	86	29	0.3372093023255814	0.8514851485148515	0.9247311827956989	0.2871287128712871	0.7128712871287128	resolved		1224	82			True	qc_warning
gen_7	93	True	False	False	False	True	0.13593152048314522	0.060619256010025824	True	True	False	[]	True	False	[]	True	False	[]	True	False	[]	True	False	[]	True	composition_outlier_warning	composition_outlier_warning	93	ref_000266	"[""ref_000266""]"	1	95	23.5	111	77	34	0.44155844155844154	0.8279569892473119	0.8105263157894737	0.35789473684210527	0.6421052631578947	resolved		1224	80			True	qc_warning
gen_9	84	True	False	False	False	True	0.10334225402364491	0.060619256010025824	True	True	False	[]	True	False	[]	True	False	[]	True	False	[]	True	False	[]	True	composition_outlier_warning	composition_outlier_warning	84	ref_000273	"[""ref_000273""]"	1	97	3.5	100	81	24	0.2962962962962963	0.9642857142857143	0.8350515463917526	0.24742268041237114	0.7525773195876289	resolved		1224	115			True	qc_warning
gen_10	111	True	False	False	False	True	0.18056288321881653	0.060619256010025824	True	True	False	[]	True	False	[]	True	False	[]	True	False	[]	True	False	[]	True	composition_outlier_warning	composition_outlier_warning	111	ref_001098	"[""ref_001098"", ""ref_001140""]"	2	122	7.5	125	108	34	0.3148148148148148	0.972972972972973	0.8852459016393442	0.2786885245901639	0.7213114754098361	resolved		1224	7			True	qc_warning;reference_tie
gen_11	113	True	False	False	False	True	0.12564040686543193	0.060619256010025824	True	True	False	[]	True	False	[]	True	False	[]	True	False	[]	True	False	[]	True	composition_outlier_warning	composition_outlier_warning	113	ref_000009	"[""ref_000009""]"	1	116	4.0	135	94	24	0.2553191489361702	0.831858407079646	0.8103448275862069	0.20689655172413793	0.7931034482758621	resolved		1224	1			True	qc_warning
gen_12	97	True	False	False	False	True	0.13761446874432084	0.060619256010025824	True	True	False	[]	True	False	[]	True	False	[]	True	False	[]	True	False	[]	True	composition_outlier_warning	composition_outlier_warning	97	ref_000864	"[""ref_000864""]"	1	111	16.0	117	91	30	0.32967032967032966	0.9381443298969072	0.8198198198198198	0.2702702702702703	0.7297297297297297	resolved		1224	106			True	qc_warning
gen_13	89	True	False	False	False	True	0.13433566793959034	0.060619256010025824	True	True	False	[]	True	False	[]	True	False	[]	True	False	[]	True	False	[]	True	composition_outlier_warning	composition_outlier_warning	89	ref_000054	"[""ref_000054"", ""ref_000399""]"	2	81	43.5	97	73	26	0.3561643835616438	0.8202247191011236	0.9012345679012346	0.29213483146067415	0.7078651685393258	resolved		1224	435			True	qc_warning;reference_tie
gen_14	294	True	False	False	False	True	0.05588851682776234	0.060619256010025824	False	True	False	[]	True	False	[]	True	False	[]	True	False	[]	True	False	[]	False	length_above_maximum		294		[]	0											unresolved	no_reliable_reference	1224	0	length_above_maximum		True	qc_failure;reference_unresolved
gen_15	102	True	False	False	False	True	0.1110982314652384	0.060619256010025824	True	True	False	[]	True	False	[]	True	False	[]	True	False	[]	True	False	[]	True	composition_outlier_warning	composition_outlier_warning	102	ref_000338	"[""ref_000338""]"	1	94	17.0	110	86	28	0.32558139534883723	0.8431372549019608	0.9148936170212766	0.27450980392156865	0.7254901960784313	resolved		1224	116			True	qc_warning
gen_16	95	True	False	False	False	True	0.15694409006835225	0.060619256010025824	True	True	False	[]	True	False	[]	True	False	[]	True	False	[]	True	False	[]	True	composition_outlier_warning	composition_outlier_warning	95	ref_000313	"[""ref_000313"", ""ref_000315"", ""ref_000324"", ""ref_000341"", ""ref_000351""]"	5	94	15.0	109	80	26	0.325	0.8421052631578947	0.851063829787234	0.2736842105263158	0.7263157894736842	resolved		1224	60			True	qc_warning;reference_tie
gen_17	115	True	False	False	False	True	0.10023044195465178	0.060619256010025824	True	True	False	[]	True	False	[]	True	False	[]	True	False	[]	True	False	[]	True	composition_outlier_warning	composition_outlier_warning	115	ref_000864	"[""ref_000864""]"	1	111	10.0	123	103	32	0.3106796116504854	0.8956521739130435	0.9279279279279279	0.2782608695652174	0.7217391304347827	resolved		1224	6			True	qc_warning
gen_18	126	True	False	False	False	True	0.10582852333575951	0.060619256010025824	True	True	False	[]	True	False	[]	True	False	[]	True	True	"[{""start"": 15, ""end"": 21, ""length"": 7, ""residue"": ""A""}]"	True	False	[]	True	composition_outlier_warning;homopolymer_warning	composition_outlier_warning;homopolymer_warning	126	ref_001161	"[""ref_001161"", ""ref_001217""]"	2	122	14.0	146	102	33	0.3235294117647059	0.8095238095238095	0.8360655737704918	0.2619047619047619	0.7380952380952381	resolved		1224	42			True	qc_warning;reference_tie
gen_19	98	True	False	False	False	True	0.128767681557407	0.060619256010025824	True	True	False	[]	True	False	[]	True	False	[]	True	False	[]	True	False	[]	True	composition_outlier_warning	composition_outlier_warning	98	ref_000754	"[""ref_000754"", ""ref_000755""]"	2	88	14.0	104	82	26	0.3170731707317073	0.8367346938775511	0.9318181818181818	0.2653061224489796	0.7346938775510203	resolved		1224	175			True	qc_warning;reference_tie
gen_20	81	True	False	False	False	True	0.11656621087591554	0.060619256010025824	True	True	False	[]	True	False	[]	True	False	[]	True	False	[]	True	False	[]	True	composition_outlier_warning	composition_outlier_warning	81	ref_000008	"[""ref_000008"", ""ref_001222""]"	2	74	6.5	85	70	23	0.32857142857142857	0.8641975308641975	0.9459459459459459	0.2839506172839506	0.7160493827160495	resolved		1224	29			True	qc_warning;reference_tie
gen_21	109	True	False	False	False	True	0.12208180664869493	0.060619256010025824	True	True	False	[]	True	False	[]	True	False	[]	True	False	[]	True	False	[]	True	composition_outlier_warning	composition_outlier_warning	109	ref_001050	"[""ref_001050""]"	1	108	23.5	127	90	29	0.32222222222222224	0.8256880733944955	0.8333333333333334	0.26605504587155965	0.7339449541284404	resolved		1224	10			True	qc_warning
gen_22	112	True	False	False	False	True	0.10858195345227185	0.060619256010025824	True	True	False	[]	True	False	[]	True	False	[]	True	False	[]	True	False	[]	True	composition_outlier_warning	composition_outlier_warning	112	ref_000864	"[""ref_000864""]"	1	111	5.5	131	92	32	0.34782608695652173	0.8214285714285714	0.8288288288288288	0.2857142857142857	0.7142857142857143	resolved		1224	13			True	qc_warning
gen_23	99	True	False	False	False	True	0.07532163822946997	0.060619256010025824	True	True	False	[]	True	False	[]	True	False	[]	True	False	[]	True	False	[]	True	composition_outlier_warning	composition_outlier_warning	99	ref_000003	"[""ref_000003"", ""ref_000225"", ""ref_000347""]"	3	98	11.5	116	81	24	0.2962962962962963	0.8181818181818182	0.826530612244898	0.24242424242424243	0.7575757575757576	resolved		1224	41			True	qc_warning;reference_tie
gen_24	105	True	False	False	False	True	0.15056711669451966	0.060619256010025824	True	True	False	[]	True	False	[]	True	False	[]	True	False	[]	True	False	[]	True	composition_outlier_warning	composition_outlier_warning	105	ref_001069	"[""ref_001069""]"	1	105	10.0	125	85	24	0.2823529411764706	0.8095238095238095	0.8095238095238095	0.22857142857142856	0.7714285714285715	resolved		1224	1			True	qc_warning
gen_25	84	True	False	False	False	True	0.0643267901528197	0.060619256010025824	True	True	False	[]	True	False	[]	True	False	[]	True	False	[]	True	False	[]	True	composition_outlier_warning	composition_outlier_warning	84	ref_000674	"[""ref_000674""]"	1	87	2.0	96	75	21	0.28	0.8928571428571429	0.8620689655172413	0.2413793103448276	0.7586206896551724	resolved		1224	12			True	qc_warning
gen_26	102	True	False	False	False	True	0.12543979850508896	0.060619256010025824	True	True	False	[]	True	False	[]	True	False	[]	True	False	[]	True	False	[]	True	composition_outlier_warning	composition_outlier_warning	102	ref_000447	"[""ref_000447""]"	1	108	2.5	118	92	22	0.2391304347826087	0.9019607843137255	0.8518518518518519	0.2037037037037037	0.7962962962962963	resolved		1224	1			True	qc_warning
gen_28	66	True	False	False	False	True	0.11480002685807533	0.060619256010025824	True	True	False	[]	True	False	[]	True	False	[]	True	False	[]	True	False	[]	True	composition_outlier_warning	composition_outlier_warning	66	ref_000035	"[""ref_000035""]"	1	80	18.5	81	65	25	0.38461538461538464	0.9848484848484849	0.8125	0.3125	0.6875	resolved		1224	290			True	qc_warning
gen_29	366	True	False	False	False	True	0.10121017833991153	0.060619256010025824	True	True	False	[]	True	False	[]	True	False	[]	True	False	[]	True	False	[]	False	length_above_maximum;composition_outlier_warning	composition_outlier_warning	366		[]	0											unresolved	no_reliable_reference	1224	0	length_above_maximum		True	qc_failure;qc_warning;reference_unresolved
gen_30	288	True	False	False	False	True	0.08922386547721392	0.060619256010025824	True	True	False	[]	True	False	[]	True	False	[]	True	True	"[{""start"": 277, ""end"": 282, ""length"": 6, ""residue"": ""G""}]"	True	False	[]	False	length_above_maximum;composition_outlier_warning;homopolymer_warning	composition_outlier_warning;homopolymer_warning	288		[]	0											unresolved	no_reliable_reference	1224	0	length_above_maximum		True	qc_failure;qc_warning;reference_unresolved
gen_31	305	True	False	False	False	True	0.05234160679870853	0.060619256010025824	False	True	False	[]	True	False	[]	True	False	[]	True	False	[]	True	False	[]	False	length_above_maximum		305		[]	0											unresolved	no_reliable_reference	1224	0	length_above_maximum		True	qc_failure;reference_unresolved
gen_32	104	True	False	False	False	True	0.05896956444386317	0.060619256010025824	False	True	False	[]	True	False	[]	True	False	[]	True	False	[]	True	False	[]	True			104	ref_000055	"[""ref_000055"", ""ref_000362"", ""ref_000373"", ""ref_000401""]"	4	102	39.0	118	88	34	0.38636363636363635	0.8461538461538461	0.8627450980392157	0.3269230769230769	0.6730769230769231	resolved		1224	149			True	reference_tie
gen_33	482	True	False	False	False	True	0.035579819233191506	0.060619256010025824	False	True	False	[]	True	False	[]	True	False	[]	True	False	[]	True	False	[]	False	length_above_maximum		482		[]	0											unresolved	no_reliable_reference	1224	0	length_above_maximum		True	qc_failure;reference_unresolved
gen_34	115	True	False	False	False	True	0.12003477133666716	0.060619256010025824	True	True	False	[]	True	False	[]	True	False	[]	True	False	[]	True	False	[]	True	composition_outlier_warning	composition_outlier_warning	115	ref_001111	"[""ref_001111""]"	1	136	4.0	140	111	35	0.3153153153153153	0.9652173913043478	0.8161764705882353	0.25735294117647056	0.7426470588235294	resolved		1224	8			True	qc_warning
gen_35	155	True	False	False	False	True	0.04375336119519799	0.060619256010025824	False	True	False	[]	True	False	[]	True	False	[]	True	True	"[{""start"": 148, ""end"": 154, ""length"": 7, ""residue"": ""R""}]"	True	False	[]	True	homopolymer_warning	homopolymer_warning	155	ref_000921	"[""ref_000921"", ""ref_000923""]"	2	154	634.0	159	150	134	0.8933333333333333	0.967741935483871	0.974025974025974	0.864516129032258	0.13548387096774195	resolved		1224	228			True	qc_warning;reference_tie
gen_36	100	True	False	False	False	True	0.12363957565715986	0.060619256010025824	True	True	False	[]	True	False	[]	True	False	[]	True	False	[]	True	False	[]	True	composition_outlier_warning	composition_outlier_warning	100	ref_000101	"[""ref_000101"", ""ref_000126"", ""ref_000834""]"	3	100	5.5	118	82	29	0.35365853658536583	0.82	0.82	0.29	0.71	resolved		1224	129			True	qc_warning;reference_tie
gen_38	106	True	False	False	False	True	0.1059671800278219	0.060619256010025824	True	True	False	[]	True	False	[]	True	False	[]	True	False	[]	True	False	[]	True	composition_outlier_warning	composition_outlier_warning	106	ref_001186	"[""ref_001186""]"	1	120	1.5	130	96	28	0.2916666666666667	0.9056603773584906	0.8	0.23333333333333334	0.7666666666666666	resolved		1224	1			True	qc_warning
gen_40	136	True	False	False	False	True	0.04156627790692874	0.060619256010025824	False	True	False	[]	True	False	[]	True	False	[]	True	True	"[{""start"": 10, ""end"": 15, ""length"": 6, ""residue"": ""G""}]"	True	False	[]	True	homopolymer_warning	homopolymer_warning	136	ref_001168	"[""ref_001168""]"	1	140	443.0	148	128	102	0.796875	0.9411764705882353	0.9142857142857143	0.7285714285714285	0.27142857142857146	resolved		1224	266			True	qc_warning
gen_41	303	True	False	False	False	True	0.05598823335818929	0.060619256010025824	False	True	False	[]	True	False	[]	True	False	[]	True	False	[]	True	False	[]	False	length_above_maximum		303		[]	0											unresolved	no_reliable_reference	1224	0	length_above_maximum		True	qc_failure;reference_unresolved
gen_42	84	True	False	False	False	True	0.021313950129048045	0.060619256010025824	False	True	False	[]	True	False	[]	True	False	[]	True	False	[]	True	False	[]	True			84	ref_000741	"[""ref_000741"", ""ref_000850""]"	2	84	353.0	84	84	72	0.8571428571428571	1.0	1.0	0.8571428571428571	0.1428571428571429	resolved		1224	868			True	reference_tie
gen_43	98	True	False	False	False	True	0.1593583986396248	0.060619256010025824	True	True	False	[]	True	False	[]	True	False	[]	True	False	[]	True	False	[]	True	composition_outlier_warning	composition_outlier_warning	98	ref_000041	"[""ref_000041"", ""ref_000048"", ""ref_000070"", ""ref_000090"", ""ref_000219"", ""ref_000231"", ""ref_000273"", ""ref_000315"", ""ref_000324"", ""ref_000385""]"	10	95	10.0	114	79	29	0.3670886075949367	0.8061224489795918	0.8315789473684211	0.29591836734693877	0.7040816326530612	resolved		1224	338			True	qc_warning;reference_tie
gen_45	319	True	False	False	False	True	0.06245879784693757	0.060619256010025824	True	True	False	[]	True	False	[]	True	False	[]	True	True	"[{""start"": 150, ""end"": 155, ""length"": 6, ""residue"": ""D""}]"	True	False	[]	False	length_above_maximum;composition_outlier_warning;homopolymer_warning	composition_outlier_warning;homopolymer_warning	319		[]	0											unresolved	no_reliable_reference	1224	0	length_above_maximum		True	qc_failure;qc_warning;reference_unresolved
gen_46	96	True	False	False	False	True	0.053151754925967964	0.060619256010025824	False	True	False	[]	True	False	[]	True	False	[]	True	False	[]	True	False	[]	True			96	ref_000018	"[""ref_000018"", ""ref_000058"", ""ref_000155"", ""ref_000533"", ""ref_000609""]"	5	97	23.5	114	79	27	0.34177215189873417	0.8229166666666666	0.8144329896907216	0.27835051546391754	0.7216494845360825	resolved		1224	227			True	reference_tie
gen_47	100	True	False	False	False	True	0.16385090167280436	0.060619256010025824	True	True	False	[]	True	False	[]	True	False	[]	True	False	[]	True	False	[]	True	composition_outlier_warning	composition_outlier_warning	100	ref_000223	"[""ref_000223""]"	1	96	3.5	116	80	27	0.3375	0.8	0.8333333333333334	0.27	0.73	resolved		1224	60			True	qc_warning
gen_48	347	True	False	False	False	True	0.06261698330655845	0.060619256010025824	True	True	False	[]	True	False	[]	True	False	[]	True	True	"[{""start"": 315, ""end"": 320, ""length"": 6, ""residue"": ""P""}]"	True	False	[]	False	length_above_maximum;composition_outlier_warning;homopolymer_warning	composition_outlier_warning;homopolymer_warning	347		[]	0											unresolved	no_reliable_reference	1224	0	length_above_maximum		True	qc_failure;qc_warning;reference_unresolved
gen_49	112	True	False	False	False	True	0.1063076782456905	0.060619256010025824	True	True	False	[]	True	False	[]	True	False	[]	True	False	[]	True	False	[]	True	composition_outlier_warning	composition_outlier_warning	112	ref_001124	"[""ref_001124""]"	1	122	16.0	132	102	36	0.35294117647058826	0.9107142857142857	0.8360655737704918	0.29508196721311475	0.7049180327868853	resolved		1224	72			True	qc_warning
gen_50	306	True	False	False	False	True	0.04856060104051517	0.060619256010025824	False	True	False	[]	True	False	[]	True	False	[]	True	False	[]	True	False	[]	False	length_above_maximum		306		[]	0											unresolved	no_reliable_reference	1224	0	length_above_maximum		True	qc_failure;reference_unresolved
gen_51	101	True	False	False	False	True	0.11812956907142745	0.060619256010025824	True	True	False	[]	True	False	[]	True	False	[]	True	False	[]	True	False	[]	True	composition_outlier_warning	composition_outlier_warning	101	ref_000612	"[""ref_000612"", ""ref_000797""]"	2	91	6.5	109	83	27	0.3253012048192771	0.8217821782178217	0.9120879120879121	0.26732673267326734	0.7326732673267327	resolved		1224	45			True	qc_warning;reference_tie
gen_52	103	True	False	False	False	True	0.10447819089125077	0.060619256010025824	True	True	False	[]	True	False	[]	True	False	[]	True	False	[]	True	False	[]	True	composition_outlier_warning	composition_outlier_warning	103	ref_000638	"[""ref_000638""]"	1	90	1.0	110	83	27	0.3253012048192771	0.8058252427184466	0.9222222222222223	0.2621359223300971	0.7378640776699029	resolved		1224	40			True	qc_warning
gen_53	109	True	False	False	False	True	0.12228226395525986	0.060619256010025824	True	True	False	[]	True	False	[]	True	False	[]	True	False	[]	True	False	[]	True	composition_outlier_warning	composition_outlier_warning	109	ref_000223	"[""ref_000223"", ""ref_000305"", ""ref_000307""]"	3	96	8.0	117	88	27	0.3068181818181818	0.8073394495412844	0.9166666666666666	0.24770642201834864	0.7522935779816513	resolved		1224	34			True	qc_warning;reference_tie
gen_54	109	True	False	False	False	True	0.12800959891425634	0.060619256010025824	True	True	False	[]	True	False	[]	True	False	[]	True	False	[]	True	False	[]	True	composition_outlier_warning	composition_outlier_warning	109	ref_000864	"[""ref_000864""]"	1	111	0.5	131	89	25	0.2808988764044944	0.8165137614678899	0.8018018018018018	0.22522522522522523	0.7747747747747747	resolved		1224	1			True	qc_warning
gen_55	94	True	False	False	False	True	0.03689507919711343	0.060619256010025824	False	True	False	[]	True	False	[]	True	False	[]	True	False	[]	True	False	[]	True			94	ref_000170	"[""ref_000170"", ""ref_000221"", ""ref_000299"", ""ref_000357"", ""ref_000399"", ""ref_000479"", ""ref_000482"", ""ref_000547""]"	8	87	23.0	100	81	29	0.35802469135802467	0.8617021276595744	0.9310344827586207	0.30851063829787234	0.6914893617021276	resolved		1224	230			True	reference_tie
gen_57	111	True	False	False	False	True	0.12915064733907522	0.060619256010025824	True	True	False	[]	True	False	[]	True	False	[]	True	False	[]	True	False	[]	True	composition_outlier_warning	composition_outlier_warning	111	ref_001050	"[""ref_001050""]"	1	108	12.5	130	89	28	0.3146067415730337	0.8018018018018018	0.8240740740740741	0.25225225225225223	0.7477477477477478	resolved		1224	11			True	qc_warning
gen_59	315	True	False	False	False	True	0.06039427114748866	0.060619256010025824	False	True	False	[]	True	False	[]	True	False	[]	True	False	[]	True	False	[]	False	length_above_maximum		315		[]	0											unresolved	no_reliable_reference	1224	0	length_above_maximum		True	qc_failure;reference_unresolved
gen_60	106	True	False	False	False	True	0.16540937382571994	0.060619256010025824	True	True	False	[]	True	False	[]	True	False	[]	True	False	[]	True	False	[]	True	composition_outlier_warning	composition_outlier_warning	106	ref_000725	"[""ref_000725""]"	1	97	2.5	114	89	26	0.29213483146067415	0.839622641509434	0.9175257731958762	0.24528301886792453	0.7547169811320755	resolved		1224	24			True	qc_warning
gen_62	84	True	False	False	False	True	0.08789804953160102	0.060619256010025824	True	True	False	[]	True	False	[]	True	False	[]	True	False	[]	True	False	[]	True	composition_outlier_warning	composition_outlier_warning	84	ref_000219	"[""ref_000219""]"	1	85	10.5	95	74	24	0.32432432432432434	0.8809523809523809	0.8705882352941177	0.2823529411764706	0.7176470588235294	resolved		1224	145			True	qc_warning
gen_63	97	True	False	False	False	True	0.09814445251088934	0.060619256010025824	True	True	False	[]	True	False	[]	True	False	[]	True	False	[]	True	False	[]	True	composition_outlier_warning	composition_outlier_warning	97	ref_000220	"[""ref_000220"", ""ref_000255"", ""ref_000264"", ""ref_000266"", ""ref_000324"", ""ref_000338"", ""ref_000401""]"	7	95	18.0	110	82	31	0.3780487804878049	0.845360824742268	0.8631578947368421	0.31958762886597936	0.6804123711340206	resolved		1224	105			True	qc_warning;reference_tie
gen_64	490	True	False	False	False	True	0.04058046187880558	0.060619256010025824	False	True	False	[]	True	False	[]	True	False	[]	True	False	[]	True	False	[]	False	length_above_maximum		490		[]	0											unresolved	no_reliable_reference	1224	0	length_above_maximum		True	qc_failure;reference_unresolved
gen_65	84	True	False	False	False	True	0.09666009598985797	0.060619256010025824	True	True	False	[]	True	False	[]	True	False	[]	True	False	[]	True	False	[]	True	composition_outlier_warning	composition_outlier_warning	84	ref_000217	"[""ref_000217""]"	1	89	8.0	101	72	26	0.3611111111111111	0.8571428571428571	0.8089887640449438	0.29213483146067415	0.7078651685393258	resolved		1224	86			True	qc_warning
gen_66	94	True	False	False	False	True	0.09801632041019938	0.060619256010025824	True	True	False	[]	True	False	[]	True	False	[]	True	False	[]	True	False	[]	True	composition_outlier_warning	composition_outlier_warning	94	ref_000745	"[""ref_000745""]"	1	97	3.0	111	80	27	0.3375	0.851063829787234	0.8247422680412371	0.27835051546391754	0.7216494845360825	resolved		1224	17			True	qc_warning
gen_67	92	True	False	False	False	True	0.030018997127661998	0.060619256010025824	False	True	False	[]	True	False	[]	True	False	[]	True	False	[]	True	False	[]	True			92	ref_000194	"[""ref_000194"", ""ref_000778""]"	2	90	354.0	94	88	81	0.9204545454545454	0.9565217391304348	0.9777777777777777	0.8804347826086957	0.11956521739130432	resolved		1224	574			True	reference_tie
gen_68	145	True	False	False	False	True	0.03687893391855191	0.060619256010025824	False	True	False	[]	True	False	[]	True	False	[]	True	True	"[{""start"": 7, ""end"": 14, ""length"": 8, ""residue"": ""G""}]"	True	False	[]	True	homopolymer_warning	homopolymer_warning	145	ref_000883	"[""ref_000883"", ""ref_001168"", ""ref_001200""]"	3	144	468.5	148	141	105	0.7446808510638298	0.9724137931034482	0.9791666666666666	0.7241379310344828	0.27586206896551724	resolved		1224	294			True	qc_warning;reference_tie
gen_69	103	True	False	False	False	True	0.07490895018276249	0.060619256010025824	True	True	False	[]	True	False	[]	True	False	[]	True	False	[]	True	False	[]	True	composition_outlier_warning	composition_outlier_warning	103	ref_000268	"[""ref_000268""]"	1	99	25.0	118	84	26	0.30952380952380953	0.8155339805825242	0.8484848484848485	0.2524271844660194	0.7475728155339806	resolved		1224	113			True	qc_warning
gen_70	107	True	False	False	False	True	0.17097101563397304	0.060619256010025824	True	True	False	[]	True	False	[]	True	False	[]	True	False	[]	True	False	[]	True	composition_outlier_warning	composition_outlier_warning	107	ref_000864	"[""ref_000864""]"	1	111	16.0	121	97	29	0.29896907216494845	0.9065420560747663	0.8738738738738738	0.26126126126126126	0.7387387387387387	resolved		1224	7			True	qc_warning
gen_71	84	True	False	False	False	True	0.1271474531774248	0.060619256010025824	True	True	False	[]	True	False	[]	True	False	[]	True	False	[]	True	False	[]	True	composition_outlier_warning	composition_outlier_warning	84	ref_001221	"[""ref_001221""]"	1	83	71.5	98	69	27	0.391304347826087	0.8214285714285714	0.8313253012048193	0.32142857142857145	0.6785714285714286	resolved		1224	8			True	qc_warning
gen_72	512	True	False	False	False	True	0.04382465044740941	0.060619256010025824	False	True	False	[]	True	False	[]	True	False	[]	True	False	[]	True	False	[]	False	length_above_maximum		512		[]	0											unresolved	no_reliable_reference	1224	0	length_above_maximum		True	qc_failure;reference_unresolved
gen_73	103	True	False	False	False	True	0.13164168179240046	0.060619256010025824	True	True	False	[]	True	False	[]	True	False	[]	True	False	[]	True	False	[]	True	composition_outlier_warning	composition_outlier_warning	103	ref_000864	"[""ref_000864""]"	1	111	10.5	124	90	33	0.36666666666666664	0.8737864077669902	0.8108108108108109	0.2972972972972973	0.7027027027027026	resolved		1224	13			True	qc_warning
gen_74	103	True	False	False	False	True	0.1089864509321886	0.060619256010025824	True	True	False	[]	True	False	[]	True	False	[]	True	False	[]	True	False	[]	True	composition_outlier_warning	composition_outlier_warning	103	ref_000864	"[""ref_000864""]"	1	111	14.0	120	94	31	0.32978723404255317	0.912621359223301	0.8468468468468469	0.27927927927927926	0.7207207207207207	resolved		1224	67			True	qc_warning
gen_75	306	True	False	False	False	True	0.04261669893462823	0.060619256010025824	False	True	False	[]	True	False	[]	True	False	[]	True	False	[]	True	False	[]	False	length_above_maximum		306		[]	0											unresolved	no_reliable_reference	1224	0	length_above_maximum		True	qc_failure;reference_unresolved
gen_76	155	True	False	False	False	True	0.052581414483218215	0.060619256010025824	False	True	False	[]	True	False	[]	True	False	[]	True	True	"[{""start"": 145, ""end"": 151, ""length"": 7, ""residue"": ""R""}]"	True	False	[]	True	homopolymer_warning	homopolymer_warning	155	ref_000921	"[""ref_000921""]"	1	154	641.5	159	150	135	0.9	0.967741935483871	0.974025974025974	0.8709677419354839	0.12903225806451613	resolved		1224	233			True	qc_warning
gen_77	100	True	False	False	False	True	0.14493754691229088	0.060619256010025824	True	True	False	[]	True	False	[]	True	False	[]	True	False	[]	True	False	[]	True	composition_outlier_warning	composition_outlier_warning	100	ref_000238	"[""ref_000238""]"	1	93	22.5	107	86	30	0.3488372093023256	0.86	0.9247311827956989	0.3	0.7	resolved		1224	186			True	qc_warning
gen_78	105	True	False	False	False	True	0.1840149511077812	0.060619256010025824	True	True	False	[]	True	False	[]	True	False	[]	True	False	[]	True	False	[]	True	composition_outlier_warning	composition_outlier_warning	105	ref_001119	"[""ref_001119""]"	1	121	5.0	125	101	25	0.24752475247524752	0.9619047619047619	0.8347107438016529	0.2066115702479339	0.7933884297520661	resolved		1224	7			True	qc_warning
gen_79	112	True	False	False	False	True	0.09595616371549986	0.060619256010025824	True	True	False	[]	True	False	[]	True	False	[]	True	False	[]	True	False	[]	True	composition_outlier_warning	composition_outlier_warning	112	ref_001069	"[""ref_001069""]"	1	105	29.0	123	94	33	0.35106382978723405	0.8392857142857143	0.8952380952380953	0.29464285714285715	0.7053571428571428	resolved		1224	32			True	qc_warning
gen_80	91	True	False	False	False	True	0.12492262071787708	0.060619256010025824	True	True	False	[]	True	False	[]	True	False	[]	True	False	[]	True	False	[]	True	composition_outlier_warning	composition_outlier_warning	91	ref_000049	"[""ref_000049"", ""ref_000723"", ""ref_000755""]"	3	87	8.0	104	74	22	0.2972972972972973	0.8131868131868132	0.8505747126436781	0.24175824175824176	0.7582417582417582	resolved		1224	14			True	qc_warning;reference_tie
gen_81	93	True	False	False	False	True	0.1333839706589705	0.060619256010025824	True	True	False	[]	True	False	[]	True	False	[]	True	False	[]	True	False	[]	True	composition_outlier_warning	composition_outlier_warning	93	ref_001108	"[""ref_001108""]"	1	92	1.0	110	75	28	0.37333333333333335	0.8064516129032258	0.8152173913043478	0.3010752688172043	0.6989247311827957	resolved		1224	51			True	qc_warning
gen_82	103	True	False	False	False	True	0.11153769639398695	0.060619256010025824	True	True	False	[]	True	False	[]	True	False	[]	True	False	[]	True	False	[]	True	composition_outlier_warning	composition_outlier_warning	103	ref_000254	"[""ref_000254"", ""ref_000409""]"	2	96	5.5	115	84	26	0.30952380952380953	0.8155339805825242	0.875	0.2524271844660194	0.7475728155339806	resolved		1224	28			True	qc_warning;reference_tie
gen_83	84	True	False	False	False	True	0.10904318031594638	0.060619256010025824	True	True	False	[]	True	False	[]	True	False	[]	True	False	[]	True	False	[]	True	composition_outlier_warning	composition_outlier_warning	84	ref_000217	"[""ref_000217""]"	1	89	18.5	97	76	26	0.34210526315789475	0.9047619047619048	0.8539325842696629	0.29213483146067415	0.7078651685393258	resolved		1224	180			True	qc_warning
gen_84	92	True	False	False	False	True	0.1535353165039643	0.060619256010025824	True	True	False	[]	True	False	[]	True	False	[]	True	False	[]	True	False	[]	True	composition_outlier_warning	composition_outlier_warning	92	ref_000530	"[""ref_000530"", ""ref_000753""]"	2	92	3.0	106	78	25	0.32051282051282054	0.8478260869565217	0.8478260869565217	0.2717391304347826	0.7282608695652174	resolved		1224	3			True	qc_warning;reference_tie
gen_85	104	True	False	False	False	True	0.12241618689328165	0.060619256010025824	True	True	False	[]	True	False	[]	True	False	[]	True	False	[]	True	False	[]	True	composition_outlier_warning	composition_outlier_warning	104	ref_000238	"[""ref_000238""]"	1	93	30.0	113	84	27	0.32142857142857145	0.8076923076923077	0.9032258064516129	0.25961538461538464	0.7403846153846154	resolved		1224	93			True	qc_warning
gen_86	102	True	False	False	False	True	0.11429793372281982	0.060619256010025824	True	True	False	[]	True	False	[]	True	False	[]	True	False	[]	True	False	[]	True	composition_outlier_warning	composition_outlier_warning	102	ref_000101	"[""ref_000101"", ""ref_000238"", ""ref_000315"", ""ref_000834""]"	4	100	23.0	113	89	30	0.33707865168539325	0.8725490196078431	0.89	0.29411764705882354	0.7058823529411764	resolved		1224	148			True	qc_warning;reference_tie
gen_87	104	True	False	False	False	True	0.10031069596916584	0.060619256010025824	True	True	False	[]	True	False	[]	True	False	[]	True	False	[]	True	False	[]	True	composition_outlier_warning	composition_outlier_warning	104	ref_000238	"[""ref_000238"", ""ref_000778""]"	2	93	22.5	109	88	30	0.3409090909090909	0.8461538461538461	0.946236559139785	0.28846153846153844	0.7115384615384616	resolved		1224	106			True	qc_warning;reference_tie
gen_88	98	True	False	False	False	True	0.13735773290091502	0.060619256010025824	True	True	False	[]	True	False	[]	True	False	[]	True	False	[]	True	False	[]	True	composition_outlier_warning	composition_outlier_warning	98	ref_000303	"[""ref_000303""]"	1	97	11.0	116	79	28	0.35443037974683544	0.8061224489795918	0.8144329896907216	0.2857142857142857	0.7142857142857143	resolved		1224	25			True	qc_warning
gen_89	96	True	False	False	False	True	0.1315700750855835	0.060619256010025824	True	True	False	[]	True	False	[]	True	False	[]	True	False	[]	True	False	[]	True	composition_outlier_warning	composition_outlier_warning	96	ref_000401	"[""ref_000401""]"	1	97	1.5	110	83	29	0.3493975903614458	0.8645833333333334	0.8556701030927835	0.29896907216494845	0.7010309278350515	resolved		1224	150			True	qc_warning
gen_90	97	True	False	False	False	True	0.1329553452136168	0.060619256010025824	True	True	False	[]	True	False	[]	True	False	[]	True	False	[]	True	False	[]	True	composition_outlier_warning	composition_outlier_warning	97	ref_000038	"[""ref_000038"", ""ref_000223"", ""ref_000325"", ""ref_000409""]"	4	95	6.5	111	81	27	0.3333333333333333	0.8350515463917526	0.8526315789473684	0.27835051546391754	0.7216494845360825	resolved		1224	39			True	qc_warning;reference_tie
gen_91	83	True	False	False	False	True	0.13337700987223622	0.060619256010025824	True	True	False	[]	True	False	[]	True	False	[]	True	False	[]	True	False	[]	True	composition_outlier_warning	composition_outlier_warning	83		[]	0											unresolved	no_reliable_reference	1224	0			True	qc_warning;reference_unresolved
gen_93	266	True	False	False	False	True	0.06780877943917482	0.060619256010025824	True	True	False	[]	True	False	[]	True	False	[]	True	False	[]	True	False	[]	False	length_above_maximum;composition_outlier_warning	composition_outlier_warning	266		[]	0											unresolved	no_reliable_reference	1224	0	length_above_maximum		True	qc_failure;qc_warning;reference_unresolved
gen_94	74	True	False	False	False	True	0.048375391099869096	0.060619256010025824	False	True	False	[]	True	False	[]	True	False	[]	True	False	[]	True	False	[]	True			74	ref_000468	"[""ref_000468"", ""ref_000869""]"	2	71	55.0	83	62	28	0.45161290322580644	0.8378378378378378	0.8732394366197183	0.3783783783783784	0.6216216216216216	resolved		1224	367			True	reference_tie
gen_95	104	True	False	False	False	True	0.07131533659328292	0.060619256010025824	True	True	False	[]	True	False	[]	True	False	[]	True	False	[]	True	False	[]	True	composition_outlier_warning	composition_outlier_warning	104	ref_000864	"[""ref_000864""]"	1	111	170.5	119	96	55	0.5729166666666666	0.9230769230769231	0.8648648648648649	0.4954954954954955	0.5045045045045045	resolved		1224	335			True	qc_warning
gen_96	304	True	False	False	False	True	0.055041374182175855	0.060619256010025824	False	True	False	[]	True	False	[]	True	False	[]	True	False	[]	True	False	[]	False	length_above_maximum		304		[]	0											unresolved	no_reliable_reference	1224	0	length_above_maximum		True	qc_failure;reference_unresolved
gen_97	136	True	False	False	False	True	0.035081557430436464	0.060619256010025824	False	True	False	[]	True	False	[]	True	False	[]	True	True	"[{""start"": 7, ""end"": 15, ""length"": 9, ""residue"": ""G""}]"	True	False	[]	True	homopolymer_warning	homopolymer_warning	136	ref_001111	"[""ref_001111""]"	1	136	476.0	137	135	101	0.7481481481481481	0.9926470588235294	0.9926470588235294	0.7426470588235294	0.25735294117647056	resolved		1224	262			True	qc_warning
gen_98	104	True	False	False	False	True	0.057006419977046	0.060619256010025824	False	True	False	[]	True	False	[]	True	False	[]	True	False	[]	True	False	[]	True			104	ref_000003	"[""ref_000003"", ""ref_000055"", ""ref_000361"", ""ref_000362"", ""ref_000400""]"	5	98	15.0	108	94	26	0.2765957446808511	0.9038461538461539	0.9591836734693877	0.25	0.75	resolved		1224	40			True	reference_tie
gen_99	114	True	False	False	False	True	0.05464635696234117	0.060619256010025824	False	True	False	[]	True	False	[]	True	False	[]	True	False	[]	True	False	[]	True			114	ref_000320	"[""ref_000320"", ""ref_000410"", ""ref_001114""]"	3	111	18.5	129	96	27	0.28125	0.8421052631578947	0.8648648648648649	0.23684210526315788	0.7631578947368421	resolved		1224	16			True	reference_tie
gen_100	110	True	False	False	False	True	0.12962247223284484	0.060619256010025824	True	True	False	[]	True	False	[]	True	False	[]	True	False	[]	True	False	[]	True	composition_outlier_warning	composition_outlier_warning	110	ref_001113	"[""ref_001113""]"	1	120	9.5	134	96	30	0.3125	0.8727272727272727	0.8	0.25	0.75	resolved		1224	5			True	qc_warning
gen_101	71	True	False	False	False	True	0.039989760064265134	0.060619256010025824	False	True	False	[]	True	False	[]	True	False	[]	True	False	[]	True	False	[]	True			71	ref_000506	"[""ref_000506"", ""ref_000861""]"	2	69	292.5	71	69	64	0.927536231884058	0.971830985915493	1.0	0.9014084507042254	0.09859154929577463	resolved		1224	629			True	reference_tie
gen_102	119	True	False	False	False	True	0.08153439226546455	0.060619256010025824	True	True	False	[]	True	False	[]	True	False	[]	True	False	[]	True	False	[]	True	composition_outlier_warning	composition_outlier_warning	119	ref_001027	"[""ref_001027""]"	1	125	178.0	135	109	53	0.48623853211009177	0.9159663865546218	0.872	0.424	0.5760000000000001	resolved		1224	124			True	qc_warning
gen_103	98	True	False	False	False	True	0.09238953265590394	0.060619256010025824	True	True	False	[]	True	False	[]	True	False	[]	True	False	[]	True	False	[]	True	composition_outlier_warning	composition_outlier_warning	98	ref_000095	"[""ref_000095"", ""ref_001108""]"	2	92	0.5	111	79	27	0.34177215189873417	0.8061224489795918	0.8586956521739131	0.2755102040816326	0.7244897959183674	resolved		1224	15			True	qc_warning;reference_tie
gen_104	74	True	False	False	False	True	0.11199346107148972	0.060619256010025824	True	True	False	[]	True	False	[]	True	False	[]	True	False	[]	True	False	[]	True	composition_outlier_warning	composition_outlier_warning	74	ref_000831	"[""ref_000831""]"	1	75	27.0	85	64	28	0.4375	0.8648648648648649	0.8533333333333334	0.37333333333333335	0.6266666666666667	resolved		1224	287			True	qc_warning
gen_105	341	True	False	False	False	True	0.02866221903138262	0.060619256010025824	False	True	False	[]	True	False	[]	True	False	[]	True	False	[]	True	False	[]	False	length_above_maximum		341		[]	0											unresolved	no_reliable_reference	1224	0	length_above_maximum		True	qc_failure;reference_unresolved
gen_106	101	True	False	False	False	True	0.14980367008707626	0.060619256010025824	True	True	False	[]	True	False	[]	True	False	[]	True	False	[]	True	False	[]	True	composition_outlier_warning	composition_outlier_warning	101	ref_000552	"[""ref_000552""]"	1	87	3.0	104	84	27	0.32142857142857145	0.8316831683168316	0.9655172413793104	0.26732673267326734	0.7326732673267327	resolved		1224	47			True	qc_warning
gen_107	98	True	False	False	False	True	0.1619457571093213	0.060619256010025824	True	True	False	[]	True	False	[]	True	False	[]	True	False	[]	True	False	[]	True	composition_outlier_warning	composition_outlier_warning	98	ref_000348	"[""ref_000348""]"	1	94	9.5	112	80	30	0.375	0.8163265306122449	0.851063829787234	0.30612244897959184	0.6938775510204082	resolved		1224	119			True	qc_warning
gen_108	103	True	False	False	False	True	0.15502811193740876	0.060619256010025824	True	True	False	[]	True	False	[]	True	False	[]	True	False	[]	True	False	[]	True	composition_outlier_warning	composition_outlier_warning	103	ref_000338	"[""ref_000338""]"	1	94	13.0	114	83	33	0.39759036144578314	0.8058252427184466	0.8829787234042553	0.32038834951456313	0.6796116504854368	resolved		1224	35			True	qc_warning
gen_110	93	True	False	False	False	True	0.13093498371828816	0.060619256010025824	True	True	False	[]	True	False	[]	True	False	[]	True	False	[]	True	False	[]	True	composition_outlier_warning	composition_outlier_warning	93	ref_000315	"[""ref_000315""]"	1	95	2.5	110	78	29	0.3717948717948718	0.8387096774193549	0.8210526315789474	0.30526315789473685	0.6947368421052631	resolved		1224	28			True	qc_warning
gen_111	110	True	False	False	False	True	0.15410491820995753	0.060619256010025824	True	True	False	[]	True	False	[]	True	False	[]	True	False	[]	True	False	[]	True	composition_outlier_warning	composition_outlier_warning	110	ref_000126	"[""ref_000126""]"	1	89	4.5	110	89	26	0.29213483146067415	0.8090909090909091	1.0	0.23636363636363636	0.7636363636363637	resolved		1224	4			True	qc_warning
gen_112	106	True	False	False	False	True	0.1687076714609742	0.060619256010025824	True	True	False	[]	True	False	[]	True	False	[]	True	False	[]	True	False	[]	True	composition_outlier_warning	composition_outlier_warning	106	ref_001050	"[""ref_001050""]"	1	108	19.0	122	92	29	0.31521739130434784	0.8679245283018868	0.8518518518518519	0.26851851851851855	0.7314814814814814	resolved		1224	10			True	qc_warning
gen_113	301	True	False	False	False	True	0.0798829987940575	0.060619256010025824	True	True	False	[]	True	False	[]	True	False	[]	True	False	[]	True	False	[]	False	length_above_maximum;composition_outlier_warning	composition_outlier_warning	301		[]	0											unresolved	no_reliable_reference	1224	0	length_above_maximum		True	qc_failure;qc_warning;reference_unresolved
gen_114	444	True	False	False	False	True	0.040117498999578796	0.060619256010025824	False	True	False	[]	True	False	[]	True	False	[]	True	False	[]	True	False	[]	False	length_above_maximum		444		[]	0											unresolved	no_reliable_reference	1224	0	length_above_maximum		True	qc_failure;reference_unresolved
gen_115	127	True	False	False	False	True	0.06493435772427683	0.060619256010025824	True	True	False	[]	True	False	[]	True	False	[]	True	False	[]	True	False	[]	True	composition_outlier_warning	composition_outlier_warning	127	ref_001050	"[""ref_001050""]"	1	108	234.0	131	104	67	0.6442307692307693	0.8188976377952756	0.9629629629629629	0.5275590551181102	0.4724409448818898	resolved		1224	207			True	qc_warning
gen_116	100	True	False	False	False	True	0.13051596613651872	0.060619256010025824	True	True	False	[]	True	False	[]	True	False	[]	True	False	[]	True	False	[]	True	composition_outlier_warning	composition_outlier_warning	100	ref_000271	"[""ref_000271"", ""ref_000483""]"	2	92	19.5	108	84	23	0.27380952380952384	0.84	0.9130434782608695	0.23	0.77	resolved		1224	32			True	qc_warning;reference_tie
gen_117	103	True	False	False	False	True	0.07794038690642159	0.060619256010025824	True	True	False	[]	True	False	[]	True	False	[]	True	False	[]	True	False	[]	True	composition_outlier_warning	composition_outlier_warning	103	ref_000361	"[""ref_000361""]"	1	102	33.0	117	88	31	0.3522727272727273	0.8543689320388349	0.8627450980392157	0.30097087378640774	0.6990291262135923	resolved		1224	36			True	qc_warning
gen_118	156	True	False	False	False	True	0.04828658132729624	0.060619256010025824	False	True	False	[]	True	False	[]	True	False	[]	True	False	[]	True	False	[]	True			156	ref_000935	"[""ref_000935"", ""ref_001040""]"	2	156	648.0	159	153	139	0.9084967320261438	0.9807692307692307	0.9807692307692307	0.8910256410256411	0.10897435897435892	resolved		1224	229			True	reference_tie
gen_119	337	True	False	False	False	True	0.09805252763941943	0.060619256010025824	True	True	False	[]	True	False	[]	True	False	[]	True	False	[]	True	False	[]	False	length_above_maximum;composition_outlier_warning	composition_outlier_warning	337		[]	0											unresolved	no_reliable_reference	1224	0	length_above_maximum		True	qc_failure;qc_warning;reference_unresolved
gen_120	347	True	False	False	False	True	0.03384858591184685	0.060619256010025824	False	True	False	[]	True	False	[]	True	False	[]	True	False	[]	True	False	[]	False	length_above_maximum		347		[]	0											unresolved	no_reliable_reference	1224	0	length_above_maximum		True	qc_failure;reference_unresolved
gen_121	114	True	False	False	False	True	0.10142898994264499	0.060619256010025824	True	True	False	[]	True	False	[]	True	False	[]	True	False	[]	True	False	[]	True	composition_outlier_warning	composition_outlier_warning	114	ref_000864	"[""ref_000864""]"	1	111	14.0	130	95	26	0.2736842105263158	0.8333333333333334	0.8558558558558559	0.22807017543859648	0.7719298245614035	resolved		1224	11			True	qc_warning
gen_122	92	True	False	False	False	True	0.14883489691592397	0.060619256010025824	True	True	False	[]	True	False	[]	True	False	[]	True	False	[]	True	False	[]	True	composition_outlier_warning	composition_outlier_warning	92	ref_000333	"[""ref_000333""]"	1	90	13.0	108	74	27	0.36486486486486486	0.8043478260869565	0.8222222222222222	0.29347826086956524	0.7065217391304348	resolved		1224	93			True	qc_warning
gen_124	282	True	False	False	False	True	0.06624974946931235	0.060619256010025824	True	True	False	[]	True	False	[]	True	False	[]	True	False	[]	True	False	[]	False	length_above_maximum;composition_outlier_warning	composition_outlier_warning	282		[]	0											unresolved	no_reliable_reference	1224	0	length_above_maximum		True	qc_failure;qc_warning;reference_unresolved
gen_126	92	True	False	False	False	True	0.181667262260775	0.060619256010025824	True	True	False	[]	True	False	[]	True	False	[]	True	False	[]	True	False	[]	True	composition_outlier_warning	composition_outlier_warning	92	ref_000005	"[""ref_000005""]"	1	82	2.5	98	76	17	0.2236842105263158	0.8260869565217391	0.926829268292683	0.18478260869565216	0.8152173913043479	resolved		1224	1			True	qc_warning
gen_128	93	True	False	False	False	True	0.132583577148403	0.060619256010025824	True	True	False	[]	True	False	[]	True	False	[]	True	False	[]	True	False	[]	True	composition_outlier_warning	composition_outlier_warning	93	ref_000299	"[""ref_000299"", ""ref_000382"", ""ref_000550"", ""ref_000800""]"	4	85	13.5	98	80	22	0.275	0.8602150537634409	0.9411764705882353	0.23655913978494625	0.7634408602150538	resolved		1224	147			True	qc_warning;reference_tie
gen_129	73	True	False	False	False	True	0.1269155533852655	0.060619256010025824	True	True	False	[]	True	False	[]	True	False	[]	True	False	[]	True	False	[]	True	composition_outlier_warning	composition_outlier_warning	73	ref_000522	"[""ref_000522""]"	1	70	91.5	81	62	32	0.5161290322580645	0.8493150684931506	0.8857142857142857	0.4383561643835616	0.5616438356164384	resolved		1224	360			True	qc_warning
gen_130	120	True	False	False	False	True	0.08245324201908702	0.060619256010025824	True	True	False	[]	True	False	[]	True	False	[]	True	False	[]	True	False	[]	True	composition_outlier_warning	composition_outlier_warning	120	ref_001029	"[""ref_001029""]"	1	133	12.0	145	108	34	0.3148148148148148	0.9	0.8120300751879699	0.2556390977443609	0.7443609022556391	resolved		1224	2			True	qc_warning
gen_131	94	True	False	False	False	True	0.10875426971657962	0.060619256010025824	True	True	False	[]	True	False	[]	True	False	[]	True	False	[]	True	False	[]	True	composition_outlier_warning	composition_outlier_warning	94	ref_000214	"[""ref_000214""]"	1	95	1.0	110	79	17	0.21518987341772153	0.8404255319148937	0.8315789473684211	0.17894736842105263	0.8210526315789474	resolved		1224	1			True	qc_warning
gen_133	106	True	False	False	False	True	0.11762706023719526	0.060619256010025824	True	True	False	[]	True	False	[]	True	False	[]	True	False	[]	True	False	[]	True	composition_outlier_warning	composition_outlier_warning	106	ref_000126	"[""ref_000126"", ""ref_000223"", ""ref_000238"", ""ref_000305"", ""ref_000359"", ""ref_000639"", ""ref_000729""]"	7	89	25.0	106	89	28	0.3146067415730337	0.839622641509434	1.0	0.2641509433962264	0.7358490566037736	resolved		1224	257			True	qc_warning;reference_tie
gen_134	107	True	False	False	False	True	0.11893023946073292	0.060619256010025824	True	True	False	[]	True	False	[]	True	False	[]	True	False	[]	True	False	[]	True	composition_outlier_warning	composition_outlier_warning	107		[]	0											unresolved	no_reliable_reference	1224	0			True	qc_warning;reference_unresolved
gen_135	98	True	False	False	False	True	0.11783451044456246	0.060619256010025824	True	True	False	[]	True	False	[]	True	False	[]	True	False	[]	True	False	[]	True	composition_outlier_warning	composition_outlier_warning	98	ref_000210	"[""ref_000210""]"	1	95	18.0	113	80	30	0.375	0.8163265306122449	0.8421052631578947	0.30612244897959184	0.6938775510204082	resolved		1224	93			True	qc_warning
gen_136	95	True	False	False	False	True	0.13493828858990803	0.060619256010025824	True	True	False	[]	True	False	[]	True	False	[]	True	False	[]	True	False	[]	True	composition_outlier_warning	composition_outlier_warning	95	ref_000179	"[""ref_000179"", ""ref_000548"", ""ref_000646"", ""ref_000648"", ""ref_000772""]"	5	86	9.5	105	76	21	0.27631578947368424	0.8	0.8837209302325582	0.22105263157894736	0.7789473684210526	resolved		1224	10			True	qc_warning;reference_tie
gen_137	93	True	False	False	False	True	0.1618344875547798	0.060619256010025824	True	True	False	[]	True	False	[]	True	False	[]	True	False	[]	True	False	[]	True	composition_outlier_warning	composition_outlier_warning	93	ref_000153	"[""ref_000153"", ""ref_000249"", ""ref_000404""]"	3	87	7.0	103	77	23	0.2987012987012987	0.8279569892473119	0.8850574712643678	0.24731182795698925	0.7526881720430108	resolved		1224	6			True	qc_warning;reference_tie
gen_138	94	True	False	False	False	True	0.17356972266372833	0.060619256010025824	True	True	False	[]	True	False	[]	True	False	[]	True	False	[]	True	False	[]	True	composition_outlier_warning	composition_outlier_warning	94	ref_000042	"[""ref_000042"", ""ref_000100"", ""ref_000197"", ""ref_000231"", ""ref_000239"", ""ref_000269"", ""ref_000275"", ""ref_000285"", ""ref_000292"", ""ref_000300"", ""ref_000314"", ""ref_000315"", ""ref_000317"", ""ref_000342"", ""ref_000364"", ""ref_000375"", ""ref_000383"", ""ref_000398""]"	18	95	2.0	110	79	26	0.3291139240506329	0.8404255319148937	0.8315789473684211	0.2736842105263158	0.7263157894736842	resolved		1224	48			True	qc_warning;reference_tie
gen_139	91	True	False	False	False	True	0.09449113997223219	0.060619256010025824	True	True	False	[]	True	False	[]	True	False	[]	True	False	[]	True	False	[]	True	composition_outlier_warning	composition_outlier_warning	91	ref_000295	"[""ref_000295"", ""ref_000332"", ""ref_000340"", ""ref_000341"", ""ref_000351"", ""ref_000353"", ""ref_000370"", ""ref_000397"", ""ref_000403"", ""ref_000405"", ""ref_000406""]"	11	94	85.5	105	80	35	0.4375	0.8791208791208791	0.851063829787234	0.3723404255319149	0.6276595744680851	resolved		1224	444			True	qc_warning;reference_tie
gen_140	97	True	False	False	False	True	0.14214240151934665	0.060619256010025824	True	True	False	[]	True	False	[]	True	False	[]	True	False	[]	True	False	[]	True	composition_outlier_warning	composition_outlier_warning	97	ref_000126	"[""ref_000126"", ""ref_000238"", ""ref_000272""]"	3	89	8.0	106	80	26	0.325	0.8247422680412371	0.898876404494382	0.26804123711340205	0.731958762886598	resolved		1224	19			True	qc_warning;reference_tie
gen_141	94	True	False	False	False	True	0.11450915254037947	0.060619256010025824	True	True	False	[]	True	False	[]	True	False	[]	True	False	[]	True	False	[]	True	composition_outlier_warning	composition_outlier_warning	94		[]	0											unresolved	no_reliable_reference	1224	0			True	qc_warning;reference_unresolved
gen_143	112	True	False	False	False	True	0.19263893856595832	0.060619256010025824	True	True	False	[]	True	False	[]	True	False	[]	True	False	[]	True	False	[]	True	composition_outlier_warning	composition_outlier_warning	112	ref_001050	"[""ref_001050""]"	1	108	26.5	128	92	31	0.33695652173913043	0.8214285714285714	0.8518518518518519	0.2767857142857143	0.7232142857142857	resolved		1224	5			True	qc_warning
gen_144	99	True	False	False	False	True	0.12082753320663535	0.060619256010025824	True	True	False	[]	True	False	[]	True	False	[]	True	False	[]	True	False	[]	True	composition_outlier_warning	composition_outlier_warning	99	ref_000329	"[""ref_000329"", ""ref_000344"", ""ref_000407"", ""ref_000412"", ""ref_000575""]"	5	96	26.5	110	85	28	0.32941176470588235	0.8585858585858586	0.8854166666666666	0.2828282828282828	0.7171717171717171	resolved		1224	81			True	qc_warning;reference_tie
gen_145	91	True	False	False	False	True	0.13304197953051886	0.060619256010025824	True	True	False	[]	True	False	[]	True	False	[]	True	False	[]	True	False	[]	True	composition_outlier_warning	composition_outlier_warning	91	ref_000351	"[""ref_000351""]"	1	94	24.5	108	77	33	0.42857142857142855	0.8461538461538461	0.8191489361702128	0.35106382978723405	0.648936170212766	resolved		1224	175			True	qc_warning
gen_146	307	True	False	False	False	True	0.06868799768713085	0.060619256010025824	True	True	False	[]	True	False	[]	True	False	[]	True	False	[]	True	False	[]	False	length_above_maximum;composition_outlier_warning	composition_outlier_warning	307		[]	0											unresolved	no_reliable_reference	1224	0	length_above_maximum		True	qc_failure;qc_warning;reference_unresolved
gen_147	97	True	False	False	False	True	0.1474719684109196	0.060619256010025824	True	True	False	[]	True	False	[]	True	False	[]	True	False	[]	True	False	[]	True	composition_outlier_warning	composition_outlier_warning	97	ref_000338	"[""ref_000338"", ""ref_000367"", ""ref_000611""]"	3	94	3.5	113	78	27	0.34615384615384615	0.8041237113402062	0.8297872340425532	0.27835051546391754	0.7216494845360825	resolved		1224	24			True	qc_warning;reference_tie
gen_148	76	True	False	False	False	True	0.09642292546080196	0.060619256010025824	True	True	False	[]	True	False	[]	True	False	[]	True	False	[]	True	False	[]	True	composition_outlier_warning	composition_outlier_warning	76	ref_000297	"[""ref_000297"", ""ref_000311"", ""ref_000312"", ""ref_000381""]"	4	72	37.5	85	63	28	0.4444444444444444	0.8289473684210527	0.875	0.3684210526315789	0.631578947368421	resolved		1224	402			True	qc_warning;reference_tie
gen_149	87	True	False	False	False	True	0.15866899591988623	0.060619256010025824	True	True	False	[]	True	False	[]	True	False	[]	True	False	[]	True	False	[]	True	composition_outlier_warning	composition_outlier_warning	87	ref_000126	"[""ref_000126""]"	1	89	3.0	104	72	26	0.3611111111111111	0.8275862068965517	0.8089887640449438	0.29213483146067415	0.7078651685393258	resolved		1224	13			True	qc_warning
gen_150	97	True	False	False	False	True	0.09103648753624563	0.060619256010025824	True	True	False	[]	True	False	[]	True	False	[]	True	False	[]	True	False	[]	True	composition_outlier_warning	composition_outlier_warning	97	ref_000126	"[""ref_000126""]"	1	89	0.5	106	80	30	0.375	0.8247422680412371	0.898876404494382	0.30927835051546393	0.6907216494845361	resolved		1224	112			True	qc_warning
gen_151	92	True	False	False	False	True	0.13442749574181262	0.060619256010025824	True	True	False	[]	True	False	[]	True	False	[]	True	False	[]	True	False	[]	True	composition_outlier_warning	composition_outlier_warning	92	ref_000530	"[""ref_000530"", ""ref_000753""]"	2	92	7.0	106	78	26	0.3333333333333333	0.8478260869565217	0.8478260869565217	0.2826086956521739	0.7173913043478262	resolved		1224	11			True	qc_warning;reference_tie
gen_152	103	True	False	False	False	True	0.11441878726396201	0.060619256010025824	True	True	False	[]	True	False	[]	True	False	[]	True	False	[]	True	False	[]	True	composition_outlier_warning	composition_outlier_warning	103	ref_000799	"[""ref_000799""]"	1	96	1.5	113	86	26	0.3023255813953488	0.8349514563106796	0.8958333333333334	0.2524271844660194	0.7475728155339806	resolved		1224	1			True	qc_warning
gen_153	107	True	False	False	False	True	0.13250757619159304	0.060619256010025824	True	True	False	[]	True	False	[]	True	False	[]	True	False	[]	True	False	[]	True	composition_outlier_warning	composition_outlier_warning	107	ref_000864	"[""ref_000864""]"	1	111	21.5	121	97	29	0.29896907216494845	0.9065420560747663	0.8738738738738738	0.26126126126126126	0.7387387387387387	resolved		1224	92			True	qc_warning
gen_154	121	True	False	False	False	True	0.1122340689116002	0.060619256010025824	True	True	False	[]	True	False	[]	True	False	[]	True	False	[]	True	False	[]	True	composition_outlier_warning	composition_outlier_warning	121	ref_001087	"[""ref_001087""]"	1	122	6.0	144	99	27	0.2727272727272727	0.8181818181818182	0.8114754098360656	0.22131147540983606	0.7786885245901639	resolved		1224	3			True	qc_warning
gen_155	98	True	False	False	False	True	0.168441936728918	0.060619256010025824	True	True	False	[]	True	False	[]	True	False	[]	True	False	[]	True	False	[]	True	composition_outlier_warning	composition_outlier_warning	98	ref_000238	"[""ref_000238"", ""ref_000324"", ""ref_000338""]"	3	93	10.0	107	84	29	0.34523809523809523	0.8571428571428571	0.9032258064516129	0.29591836734693877	0.7040816326530612	resolved		1224	59			True	qc_warning;reference_tie
gen_156	93	True	False	False	False	True	0.17324495434132833	0.060619256010025824	True	True	False	[]	True	False	[]	True	False	[]	True	False	[]	True	False	[]	True	composition_outlier_warning	composition_outlier_warning	93	ref_000238	"[""ref_000238"", ""ref_000265""]"	2	93	12.5	109	77	27	0.35064935064935066	0.8279569892473119	0.8279569892473119	0.2903225806451613	0.7096774193548387	resolved		1224	136			True	qc_warning;reference_tie
gen_157	104	True	False	False	False	True	0.08443095964843912	0.060619256010025824	True	True	False	[]	True	False	[]	True	False	[]	True	False	[]	True	False	[]	True	composition_outlier_warning	composition_outlier_warning	104	ref_000326	"[""ref_000326"", ""ref_000400""]"	2	102	23.5	119	87	33	0.3793103448275862	0.8365384615384616	0.8529411764705882	0.3173076923076923	0.6826923076923077	resolved		1224	78			True	qc_warning;reference_tie
gen_158	115	True	False	False	False	True	0.13403201133966625	0.060619256010025824	True	True	False	[]	True	False	[]	True	False	[]	True	False	[]	True	False	[]	True	composition_outlier_warning	composition_outlier_warning	115	ref_000864	"[""ref_000864""]"	1	111	5.0	132	94	29	0.30851063829787234	0.8173913043478261	0.8468468468468469	0.25217391304347825	0.7478260869565218	resolved		1224	4			True	qc_warning
gen_159	114	True	False	False	False	True	0.10376201048479478	0.060619256010025824	True	True	False	[]	True	False	[]	True	False	[]	True	False	[]	True	False	[]	True	composition_outlier_warning	composition_outlier_warning	114	ref_001191	"[""ref_001191""]"	1	136	9.0	139	111	33	0.2972972972972973	0.9736842105263158	0.8161764705882353	0.2426470588235294	0.7573529411764706	resolved		1224	9			True	qc_warning
gen_160	90	True	False	False	False	True	0.1311603434723748	0.060619256010025824	True	True	False	[]	True	False	[]	True	False	[]	True	False	[]	True	False	[]	True	composition_outlier_warning	composition_outlier_warning	90	ref_000217	"[""ref_000217""]"	1	89	6.0	107	72	26	0.3611111111111111	0.8	0.8089887640449438	0.28888888888888886	0.7111111111111111	resolved		1224	45			True	qc_warning
gen_162	92	True	False	False	False	True	0.13569014596663753	0.060619256010025824	True	True	False	[]	True	False	[]	True	False	[]	True	False	[]	True	False	[]	True	composition_outlier_warning	composition_outlier_warning	92	ref_000530	"[""ref_000530"", ""ref_000753""]"	2	92	7.0	106	78	25	0.32051282051282054	0.8478260869565217	0.8478260869565217	0.2717391304347826	0.7282608695652174	resolved		1224	12			True	qc_warning;reference_tie
gen_163	96	True	False	False	False	True	0.13911604348166406	0.060619256010025824	True	True	False	[]	True	False	[]	True	False	[]	True	False	[]	True	False	[]	True	composition_outlier_warning	composition_outlier_warning	96	ref_000126	"[""ref_000126""]"	1	89	12.0	105	80	27	0.3375	0.8333333333333334	0.898876404494382	0.28125	0.71875	resolved		1224	41			True	qc_warning
gen_164	97	True	False	False	False	True	0.0999808629509911	0.060619256010025824	True	True	False	[]	True	False	[]	True	False	[]	True	False	[]	True	False	[]	True	composition_outlier_warning	composition_outlier_warning	97	ref_000319	"[""ref_000319""]"	1	91	13.5	108	80	26	0.325	0.8247422680412371	0.8791208791208791	0.26804123711340205	0.731958762886598	resolved		1224	4			True	qc_warning
gen_165	91	True	False	False	False	True	0.10057185605605634	0.060619256010025824	True	True	False	[]	True	False	[]	True	False	[]	True	False	[]	True	False	[]	True	composition_outlier_warning	composition_outlier_warning	91	ref_000612	"[""ref_000612""]"	1	91	9.5	109	73	24	0.3287671232876712	0.8021978021978022	0.8021978021978022	0.26373626373626374	0.7362637362637363	resolved		1224	13			True	qc_warning
gen_166	98	True	False	False	False	True	0.07545545350890773	0.060619256010025824	True	True	False	[]	True	False	[]	True	False	[]	True	False	[]	True	False	[]	True	composition_outlier_warning	composition_outlier_warning	98	ref_000575	"[""ref_000575""]"	1	98	14.0	115	81	28	0.345679012345679	0.826530612244898	0.826530612244898	0.2857142857142857	0.7142857142857143	resolved		1224	87			True	qc_warning
gen_167	512	True	False	False	False	True	0.13738567706216565	0.060619256010025824	True	True	False	[]	True	False	[]	True	False	[]	True	True	"[{""start"": 71, ""end"": 78, ""length"": 8, ""residue"": ""G""}]"	True	False	[]	False	length_above_maximum;composition_outlier_warning;homopolymer_warning	composition_outlier_warning;homopolymer_warning	512		[]	0											unresolved	no_reliable_reference	1224	0	length_above_maximum		True	qc_failure;qc_warning;reference_unresolved
gen_168	305	True	False	False	False	True	0.05335312643893624	0.060619256010025824	False	True	False	[]	True	False	[]	True	False	[]	True	False	[]	True	False	[]	False	length_above_maximum		305		[]	0											unresolved	no_reliable_reference	1224	0	length_above_maximum		True	qc_failure;reference_unresolved
gen_169	119	True	False	False	False	True	0.1027517027731003	0.060619256010025824	True	True	False	[]	True	False	[]	True	False	[]	True	False	[]	True	False	[]	True	composition_outlier_warning	composition_outlier_warning	119	ref_000864	"[""ref_000864""]"	1	111	9.0	134	96	28	0.2916666666666667	0.8067226890756303	0.8648648648648649	0.23529411764705882	0.7647058823529411	resolved		1224	4			True	qc_warning
gen_170	103	True	False	False	False	True	0.1331715810197901	0.060619256010025824	True	True	False	[]	True	False	[]	True	False	[]	True	False	[]	True	False	[]	True	composition_outlier_warning	composition_outlier_warning	103		[]	0											unresolved	no_reliable_reference	1224	0			True	qc_warning;reference_unresolved
gen_171	92	True	False	False	False	True	0.19365857342138554	0.060619256010025824	True	True	False	[]	True	False	[]	True	False	[]	True	False	[]	True	False	[]	True	composition_outlier_warning	composition_outlier_warning	92	ref_000701	"[""ref_000701""]"	1	86	2.5	104	74	22	0.2972972972972973	0.8043478260869565	0.8604651162790697	0.2391304347826087	0.7608695652173914	resolved		1224	1			True	qc_warning
gen_172	304	True	False	False	False	True	0.047559486587332514	0.060619256010025824	False	True	False	[]	True	False	[]	True	False	[]	True	False	[]	True	False	[]	False	length_above_maximum		304		[]	0											unresolved	no_reliable_reference	1224	0	length_above_maximum		True	qc_failure;reference_unresolved
gen_174	96	True	False	False	False	True	0.16271373901246128	0.060619256010025824	True	True	False	[]	True	False	[]	True	False	[]	True	False	[]	True	False	[]	True	composition_outlier_warning	composition_outlier_warning	96	ref_000238	"[""ref_000238""]"	1	93	9.5	111	78	28	0.358974358974359	0.8125	0.8387096774193549	0.2916666666666667	0.7083333333333333	resolved		1224	94			True	qc_warning
gen_175	101	True	False	False	False	True	0.12233374801053552	0.060619256010025824	True	True	False	[]	True	False	[]	True	False	[]	True	False	[]	True	False	[]	True	composition_outlier_warning	composition_outlier_warning	101	ref_000048	"[""ref_000048"", ""ref_000315"", ""ref_000324""]"	3	95	16.5	107	89	30	0.33707865168539325	0.8811881188118812	0.9368421052631579	0.297029702970297	0.7029702970297029	resolved		1224	256			True	qc_warning;reference_tie
gen_176	92	True	False	False	False	True	0.14208641462147073	0.060619256010025824	True	True	False	[]	True	False	[]	True	False	[]	True	False	[]	True	False	[]	True	composition_outlier_warning	composition_outlier_warning	92		[]	0											unresolved	no_reliable_reference	1224	0			True	qc_warning;reference_unresolved
gen_177	125	True	False	False	False	True	0.11449491097644032	0.060619256010025824	True	True	False	[]	True	False	[]	True	False	[]	True	False	[]	True	False	[]	True	composition_outlier_warning	composition_outlier_warning	125	ref_000863	"[""ref_000863""]"	1	145	10.0	153	117	35	0.29914529914529914	0.936	0.8068965517241379	0.2413793103448276	0.7586206896551724	resolved		1224	6			True	qc_warning
gen_178	104	True	False	False	False	True	0.12299319792265519	0.060619256010025824	True	True	False	[]	True	False	[]	True	False	[]	True	False	[]	True	False	[]	True	composition_outlier_warning	composition_outlier_warning	104	ref_000101	"[""ref_000101"", ""ref_000373"", ""ref_000731"", ""ref_000834""]"	4	100	3.5	119	85	28	0.32941176470588235	0.8173076923076923	0.85	0.2692307692307692	0.7307692307692308	resolved		1224	26			True	qc_warning;reference_tie
gen_180	93	True	False	False	False	True	0.11963309600561403	0.060619256010025824	True	True	False	[]	True	False	[]	True	False	[]	True	False	[]	True	False	[]	True	composition_outlier_warning	composition_outlier_warning	93	ref_000040	"[""ref_000040"", ""ref_000177""]"	2	95	12.0	106	82	27	0.32926829268292684	0.8817204301075269	0.8631578947368421	0.28421052631578947	0.7157894736842105	resolved		1224	15			True	qc_warning;reference_tie
gen_181	106	True	False	False	False	True	0.12310587302985045	0.060619256010025824	True	True	False	[]	True	False	[]	True	False	[]	True	False	[]	True	False	[]	True	composition_outlier_warning	composition_outlier_warning	106	ref_000373	"[""ref_000373""]"	1	102	1.5	120	88	29	0.32954545454545453	0.8301886792452831	0.8627450980392157	0.27358490566037735	0.7264150943396226	resolved		1224	5			True	qc_warning
gen_182	113	True	False	False	False	True	0.12826360895537414	0.060619256010025824	True	True	False	[]	True	False	[]	True	False	[]	True	False	[]	True	False	[]	True	composition_outlier_warning	composition_outlier_warning	113	ref_000864	"[""ref_000864""]"	1	111	18.0	131	93	36	0.3870967741935484	0.8230088495575221	0.8378378378378378	0.3185840707964602	0.6814159292035398	resolved		1224	8			True	qc_warning
gen_183	97	True	False	False	False	True	0.13892076192635275	0.060619256010025824	True	True	False	[]	True	False	[]	True	False	[]	True	False	[]	True	False	[]	True	composition_outlier_warning	composition_outlier_warning	97	ref_000177	"[""ref_000177"", ""ref_000220"", ""ref_000405""]"	3	95	14.0	114	78	29	0.3717948717948718	0.8041237113402062	0.8210526315789474	0.29896907216494845	0.7010309278350515	resolved		1224	57			True	qc_warning;reference_tie
gen_184	112	True	False	False	False	True	0.10988688958093956	0.060619256010025824	True	True	False	[]	True	False	[]	True	False	[]	True	False	[]	True	False	[]	True	composition_outlier_warning	composition_outlier_warning	112	ref_000864	"[""ref_000864""]"	1	111	4.0	128	95	29	0.30526315789473685	0.8482142857142857	0.8558558558558559	0.25892857142857145	0.7410714285714286	resolved		1224	6			True	qc_warning
gen_185	299	True	False	False	False	True	0.06538273393206581	0.060619256010025824	True	True	False	[]	True	False	[]	True	False	[]	True	False	[]	True	False	[]	False	length_above_maximum;composition_outlier_warning	composition_outlier_warning	299		[]	0											unresolved	no_reliable_reference	1224	0	length_above_maximum		True	qc_failure;qc_warning;reference_unresolved
gen_186	395	True	False	False	False	True	0.05239635066420327	0.060619256010025824	False	True	False	[]	True	False	[]	True	False	[]	True	False	[]	True	False	[]	False	length_above_maximum		395		[]	0											unresolved	no_reliable_reference	1224	0	length_above_maximum		True	qc_failure;reference_unresolved
gen_187	490	True	False	False	False	True	0.037286300881833226	0.060619256010025824	False	True	False	[]	True	False	[]	True	False	[]	True	False	[]	True	False	[]	False	length_above_maximum		490		[]	0											unresolved	no_reliable_reference	1224	0	length_above_maximum		True	qc_failure;reference_unresolved
gen_188	482	True	False	False	False	True	0.0305836596702435	0.060619256010025824	False	True	False	[]	True	False	[]	True	False	[]	True	False	[]	True	False	[]	False	length_above_maximum		482		[]	0											unresolved	no_reliable_reference	1224	0	length_above_maximum		True	qc_failure;reference_unresolved
gen_189	77	True	False	False	False	True	0.08677358831063828	0.060619256010025824	True	True	False	[]	True	False	[]	True	False	[]	True	False	[]	True	False	[]	True	composition_outlier_warning	composition_outlier_warning	77	ref_000726	"[""ref_000726""]"	1	72	94.0	80	69	28	0.4057971014492754	0.8961038961038961	0.9583333333333334	0.36363636363636365	0.6363636363636364	resolved		1224	779			True	qc_warning
gen_190	97	True	False	False	False	True	0.12246411246148113	0.060619256010025824	True	True	False	[]	True	False	[]	True	False	[]	True	False	[]	True	False	[]	True	composition_outlier_warning	composition_outlier_warning	97	ref_000754	"[""ref_000754""]"	1	88	2.0	106	79	26	0.3291139240506329	0.8144329896907216	0.8977272727272727	0.26804123711340205	0.731958762886598	resolved		1224	8			True	qc_warning
gen_191	84	True	False	False	False	True	0.11393251160400922	0.060619256010025824	True	True	False	[]	True	False	[]	True	False	[]	True	False	[]	True	False	[]	True	composition_outlier_warning	composition_outlier_warning	84	ref_000219	"[""ref_000219""]"	1	85	5.5	99	70	23	0.32857142857142857	0.8333333333333334	0.8235294117647058	0.27058823529411763	0.7294117647058824	resolved		1224	28			True	qc_warning
gen_192	90	True	False	False	False	True	0.18074879877276967	0.060619256010025824	True	True	False	[]	True	False	[]	True	False	[]	True	False	[]	True	False	[]	True	composition_outlier_warning	composition_outlier_warning	90	ref_000482	"[""ref_000482""]"	1	90	4.0	103	77	25	0.3246753246753247	0.8555555555555555	0.8555555555555555	0.2777777777777778	0.7222222222222222	resolved		1224	49			True	qc_warning
gen_193	104	True	False	False	False	True	0.09703276866952534	0.060619256010025824	True	True	False	[]	True	False	[]	True	False	[]	True	False	[]	True	False	[]	True	composition_outlier_warning	composition_outlier_warning	104	ref_000676	"[""ref_000676""]"	1	91	19.0	109	86	28	0.32558139534883723	0.8269230769230769	0.945054945054945	0.2692307692307692	0.7307692307692308	resolved		1224	12			True	qc_warning
gen_194	99	True	False	False	False	True	0.021382965951341502	0.060619256010025824	False	True	False	[]	True	False	[]	True	False	[]	True	False	[]	True	False	[]	True			99	ref_000386	"[""ref_000386"", ""ref_000395""]"	2	96	324.0	102	93	77	0.8279569892473119	0.9393939393939394	0.96875	0.7777777777777778	0.2222222222222222	resolved		1224	493			True	reference_tie
gen_195	84	True	False	False	False	True	0.07246981464857866	0.060619256010025824	True	True	False	[]	True	False	[]	True	False	[]	True	False	[]	True	False	[]	True	composition_outlier_warning	composition_outlier_warning	84	ref_000217	"[""ref_000217""]"	1	89	9.0	101	72	26	0.3611111111111111	0.8571428571428571	0.8089887640449438	0.29213483146067415	0.7078651685393258	resolved		1224	204			True	qc_warning
gen_196	91	True	False	False	False	True	0.12274690085173043	0.060619256010025824	True	True	False	[]	True	False	[]	True	False	[]	True	False	[]	True	False	[]	True	composition_outlier_warning	composition_outlier_warning	91	ref_000126	"[""ref_000126""]"	1	89	7.5	104	76	26	0.34210526315789475	0.8351648351648352	0.8539325842696629	0.2857142857142857	0.7142857142857143	resolved		1224	8			True	qc_warning
gen_197	97	True	False	False	False	True	0.09391409520965668	0.060619256010025824	True	True	False	[]	True	False	[]	True	False	[]	True	False	[]	True	False	[]	True	composition_outlier_warning	composition_outlier_warning	97	ref_000126	"[""ref_000126""]"	1	89	21.5	106	80	29	0.3625	0.8247422680412371	0.898876404494382	0.29896907216494845	0.7010309278350515	resolved		1224	115			True	qc_warning
gen_198	93	True	False	False	False	True	0.13860826009189287	0.060619256010025824	True	True	False	[]	True	False	[]	True	False	[]	True	False	[]	True	False	[]	True	composition_outlier_warning	composition_outlier_warning	93	ref_000299	"[""ref_000299""]"	1	85	5.0	99	79	24	0.3037974683544304	0.8494623655913979	0.9294117647058824	0.25806451612903225	0.7419354838709677	resolved		1224	2			True	qc_warning
