sequence_id	length	domain_status	domain_score	domain_evalue	model_coverage	domain_pass	constraint_score	conserved_sites_total	conserved_sites_covered	conserved_sites_matched	conservation_coverage	conservation_score	closest_reference_id	closest_reference_pident	closest_reference_effective_identity	closest_reference_query_coverage	closest_reference_target_coverage	closest_reference_evalue	novelty_score	uniqueness_score	nearest_candidate_id	nearest_candidate_identity	nearest_candidate_distance	sequence_evalue	sequence_score	hmm_from	hmm_to	alignment_from	alignment_to	pareto_rank	crowding_distance
gen_101	71	detected	59.3	3.1e-18	1	True	0.8971291866	23	23	22	1	0.9565217391	ref_000861	0.90141	0.90141	1	1	4.32e-42	0.09859	0.930038423	gen_161	0.7887338028	0.2112661972	2.3e-18	59.8	1	39	11	49	0	inf
gen_167	512	not_detected	0	1000	0	False	0	23	19	4	0.8260869565	0.1739130435	ref_000078	0.33333	0.03906210937	0.1171875	0.6896551724	754	0.9609378906	0.9812441051	gen_2	0.08984396484	0.9101560352							0	inf
gen_194	99	detected	56.8	2e-17	1	True	0.7105263158	23	23	23	1	1	ref_000329	0.76289	0.7474780808	0.9797979798	1.010416667	1.31e-44	0.2525219192	0.9367923096	gen_142	0.6565687879	0.3434312121	1.3e-17	57.3	1	39	10	48	0	inf
gen_2	345	not_detected	0	1000	0	False	0	23	18	5	0.7826086957	0.2173913043	ref_000683	0.23214	0.03768069565	0.1623188406	0.7567567568	573	0.9623193043	0.9625591708	gen_105	0.8058	0.1942							0	inf
gen_55	94	not_detected	0	1000	0	False	0	23	23	11	1	0.4782608696	ref_000170	0.31707	0.2765929787	0.8723404255	0.9425287356	474	0.7234070213	0.9880429692	gen_195	0.1382985106	0.8617014894							0	inf
gen_95	104	detected	62.1	4.4e-19	0.9743589744	True	0.9928229665	23	21	12	0.9130434783	0.5217391304	ref_000436	0.43333	0.3749971154	0.8653846154	1.046511628	7.01e-13	0.6250028846	0.8179157361	gen_51	0.4038461538	0.5961538462	3e-19	62.6	1	38	11	48	0	inf
gen_123	120	detected	50.5	1.8e-15	1	True	0.3301435407	23	23	23	1	1	ref_001104	0.64545	0.5819631148	0.9166666667	0.9016393443	9.62e-37	0.4180368852	0.9196361305	gen_97	0.4632352941	0.5367647059	1.2e-15	51.1	1	39	18	56	0	1.012568382
gen_199	120	detected	59.3	3.2e-18	1	True	0.8971291866	23	21	13	0.9130434783	0.5652173913	ref_000864	0.73418	0.4833351667	0.6583333333	0.7117117117	6.21e-36	0.5166648333	0.9448730583	gen_56	0.4500026667	0.5499973333	2.4e-18	59.7	1	39	20	58	0	0.5176976082
gen_39	71	detected	55.6	4.6e-17	1	True	0.6220095694	23	23	20	1	0.8695652174	ref_000626	0.74242	0.6805516667	0.9295774648	0.9166666667	7.37e-30	0.3194483333	0.9332887464	gen_101	0.6338049296	0.3661950704	3.7e-17	55.9	1	39	11	49	0	0.5132208146
gen_115	127	detected	45.5	6.6e-14	0.9743589744	True	0.1818181818	23	23	18	1	0.7826086957	ref_001050	0.62651	0.4094514173	0.6535433071	0.7685185185	1.79e-26	0.5905485827	0.9551945312	gen_123	0.3464567717	0.6535432283	4.7e-14	46	2	39	12	49	0	0.5063567474
gen_71	84	detected	53.4	2.2e-16	1	True	0.4593301435	23	21	9	0.9130434783	0.3913043478	ref_001221	0.48936	0.2738085714	0.5595238095	0.5662650602	2.17e-12	0.7261914286	0.9368854418	gen_139	0.4725237363	0.5274762637	1.8e-16	53.7	1	39	29	67	0	0.3374209934
gen_113	301	not_detected	0	1000	0	False	0	23	21	8	0.9130434783	0.347826087	ref_000268	0.25743	0.08638016611	0.3355481728	1.02020202	202	0.9136198339	0.9784135981	gen_168	0.2622920656	0.7377079344							0	0.3300613763
gen_56	103	detected	58.2	7.2e-18	1	True	0.8062200957	23	21	11	0.9130434783	0.4782608696	ref_000864	0.6875	0.3963963964	0.6213592233	0.5765765766	2.4e-30	0.6036036036	0.9510921176	gen_199	0.4500026667	0.5499973333	5.7e-18	58.5	1	39	11	49	0	0.2886288241
gen_35	155	detected	43.5	2.8e-13	1	True	0.1244019139	23	23	22	1	0.9565217391	ref_001033	0.81046	0.8000024516	0.9870967742	0.9935064935	1.63e-74	0.1999975484	0.9410965946	gen_118	0.717945	0.282055	2e-13	44	1	39	19	57	0	0.2622904422
gen_104	74	detected	35.6	8.3e-11	0.6923076923	False	0.003486817891	23	14	6	0.6086956522	0.2608695652	ref_000163	0.47222	0.2297286486	0.4864864865	0.5142857143	0.078	0.7702713514	0.9443459921	gen_94	0.3108105405	0.6891894595	5.6e-11	36.1	1	27	2	28	0	0.2426244412
gen_40	136	detected	46.8	2.6e-14	0.9743589744	True	0.2344497608	23	23	23	1	1	ref_001168	0.73913	0.728571	1.014705882	0.9857142857	1.81e-53	0.271429	0.9403047276	gen_68	0.5103468276	0.4896531724	1.9e-14	47.3	2	39	19	56	0	0.225491291
gen_189	77	detected	50.4	1.9e-15	0.8974358974	False	0.3050965655	23	20	10	0.8695652174	0.4347826087	ref_000826	0.34247	0.3246793506	0.9480519481	1.013888889	4.65e-05	0.6753206494	0.9532856651	gen_129	0.3896135065	0.6103864935	1.5e-15	50.8	5	39	16	50	0	0.1989438434
gen_13	89	detected	44.5	1.4e-13	0.9487179487	False	0.1576816535	23	20	7	0.8695652174	0.3043478261	ref_000219	0.31818	0.2359537079	0.7415730337	0.7764705882	0.59	0.7640462921	0.9341694917	gen_139	0.4725274725	0.5274725275	9.8e-14	45	2	38	24	60	0	0.1965154245
gen_48	347	not_detected	0	1000	0	False	0	23	17	12	0.7391304348	0.5217391304	ref_000775	0.27381	0.06628253602	0.242074928	0.9655172414	850	0.933717464	0.966239433	gen_59	0.3832862248	0.6167137752							0	0.1808731515
gen_129	73	detected	54.8	8.6e-17	0.9743589744	True	0.5693779904	23	21	8	0.9130434783	0.347826087	ref_000722	0.45161	0.3835591781	0.8493150685	0.8857142857	3.56e-08	0.6164408219	0.9536316445	gen_139	0.4285730769	0.5714269231	6.6e-17	55.1	2	39	22	59	0	0.1748462607
gen_91	83	detected	39.2	6.4e-12	0.9230769231	False	0.0116227263	23	19	10	0.8260869565	0.4347826087	ref_001221	0.39062	0.3012009639	0.7710843373	0.7710843373	9.22e-08	0.6987990361	0.9485781623	gen_71	0.34524	0.65476	5e-12	39.5	1	36	37	70	0	0.1557422994
gen_118	156	detected	43.1	3.6e-13	1	True	0.0980861244	23	23	22	1	0.9565217391	ref_000954	0.87742	0.8717955128	0.9935897436	1	7.35e-79	0.1282044872	0.9458818477	gen_76	0.7435875	0.2564125	2.7e-13	43.5	1	39	19	57	0	0.1525305953
gen_142	87	detected	54.1	1.3e-16	1	True	0.509569378	23	23	22	1	0.9565217391	ref_000225	0.82927	0.7391319565	0.9425287356	0.8913043478	1.32e-44	0.2608680435	0.9334196015	gen_194	0.6565687879	0.3434312121	9.9e-17	54.6	1	39	10	48	0	0.1512181747
gen_161	70	detected	60.1	1.8e-18	1	True	0.9425837321	23	23	23	1	1	ref_001083	0.87143	0.8243256757	1	0.9459459459	2.05e-38	0.1756743243	0.9268512956	gen_101	0.7887338028	0.2112661972	1.4e-18	60.4	1	39	11	49	0	0.1417347761
gen_42	84	detected	60.9	1e-18	1	True	0.980861244	23	23	23	1	1	ref_000741	0.85714	0.85714	1	1	1.04e-48	0.14286	0.9249067943	gen_173	0.8488395349	0.1511604651	8e-19	61.3	1	39	11	49	0	0.1374690393
gen_102	119	detected	45	9.5e-14	0.9487179487	False	0.1720163493	23	21	12	0.9130434783	0.5217391304	ref_001160	0.40496	0.3602952941	1.016806723	0.8897058824	2.8e-18	0.6397047059	0.9464668782	gen_95	0.3697478992	0.6302521008	7.1e-14	45.4	2	38	28	64	0	0.1305981218
gen_68	145	detected	46.2	4e-14	0.9743589744	True	0.1961722488	23	23	23	1	1	ref_001168	0.73913	0.7034478621	0.9517241379	0.9857142857	7.55e-58	0.2965521379	0.9406000018	gen_40	0.5103468276	0.4896531724	2.9e-14	46.7	2	39	18	55	0	0.1132619561
gen_32	104	detected	33.1	5e-10	0.8974358974	False	0.004519949118	23	19	6	0.8260869565	0.2608695652	ref_000279	0.29885	0.2499995192	0.8365384615	1.011627907	7.7	0.7500004808	0.9558348027	gen_102	0.2436957983	0.7563042017	2.8e-10	33.9	3	37	19	50	0	0.108081413
gen_29	366	not_detected	0	1000	0	False	0	23	15	5	0.652173913	0.2173913043	ref_000864	0.28571	0.05464398907	0.1912568306	0.6306306306	23	0.9453560109	0.9819200921	gen_171	0.05737759563	0.9426224044							0	0.1067421528
gen_45	319	not_detected	0	1000	0	False	0	23	22	10	0.9565217391	0.4347826087	ref_001011	0.4375	0.04388714734	0.1003134796	0.237037037	84	0.9561128527	0.9616740998	gen_59	0.4984333542	0.5015666458							0	0.1033788212
gen_58	104	detected	32.1	1e-09	0.9230769231	False	0.004649090522	23	21	13	0.9130434783	0.5652173913	ref_000864	0.5	0.3423423423	0.7307692308	0.6846846847	4.45e-17	0.6576576577	0.9533754891	gen_199	0.3499986667	0.6500013333	3.6e-10	33.5	2	37	14	49	0	0.1030544282
gen_41	303	not_detected	0	1000	0	False	0	23	17	11	0.7391304348	0.4782608696	ref_000957	0.28814	0.05610646865	0.1947194719	0.446969697	108	0.9438935314	0.9569948182	gen_59	0.4666631746	0.5333368254							0	0.100429459
gen_76	155	detected	43.2	3.6e-13	1	True	0.1028708134	23	23	22	1	0.9565217391	ref_001038	0.83117	0.8258076129	0.9935483871	0.9935483871	1.52e-76	0.1741923871	0.9427858595	gen_118	0.7435875	0.2564125	2.7e-13	43.6	1	39	19	57	0	0.0835972774
gen_97	136	detected	54.4	1.1e-16	1	True	0.5358851675	23	23	23	1	1	ref_001111	0.73723	0.7426508088	1.007352941	1.007352941	3.81e-55	0.2573491912	0.9253563546	gen_40	0.4852958824	0.5147041176	7.9e-17	54.9	1	39	24	62	0	0.08133354593
gen_94	74	detected	34.2	2.3e-10	0.8974358974	False	0.004519949118	23	21	10	0.9130434783	0.4347826087	ref_000717	0.40351	0.3108117568	0.7702702703	0.7916666667	1.05e-06	0.6891882432	0.9502117763	gen_129	0.3378405405	0.6621594595	1.5e-10	34.8	1	35	20	54	0	0.04208956308
gen_14	294	not_detected	0	1000	0	False	0	23	21	12	0.9130434783	0.5217391304	ref_000675	0.39623	0.07142921769	0.1802721088	0.630952381	188	0.9285707823	0.9466863159	gen_59	0.2412685714	0.7587314286							1	inf
gen_146	307	not_detected	0	1000	0	False	0	23	19	4	0.8260869565	0.1739130435	ref_001142	0.28767	0.06840361564	0.2377850163	0.5328467153	15	0.9315963844	0.9768756682	gen_2	0.1188397681	0.8811602319							1	inf
gen_173	86	detected	55.9	3.7e-17	1	True	0.6578947368	23	23	23	1	1	ref_001070	0.88372	0.88372	1	1	3.58e-51	0.11628	0.915110892	gen_6	0.88372	0.11628	2.9e-17	56.3	1	39	11	49	1	inf
gen_179	87	detected	54.8	8.3e-17	1	True	0.5693779904	23	23	23	1	1	ref_000674	0.88636	0.896548046	1.011494253	1.011494253	1.56e-48	0.103451954	0.9164595539	gen_67	0.8043494565	0.1956505435	8.3e-17	54.8	1	39	11	49	1	inf
gen_6	86	detected	59.2	3.5e-18	1	True	0.8875598086	23	23	23	1	1	ref_001077	0.93023	0.93023	1	1	3.65e-55	0.06977	0.9182489006	gen_173	0.88372	0.11628	2.7e-18	59.5	1	39	11	49	1	inf
gen_72	512	not_detected	0	1000	0	False	0	23	18	5	0.7826086957	0.2173913043	ref_001201	0.28409	0.04882796875	0.171875	0.6111111111	306	0.9511720313	0.9598578751	gen_187	0.6464822266	0.3535177734							1	inf
gen_139	91	detected	47.3	1.9e-14	0.9743589744	True	0.2464114833	23	21	9	0.9130434783	0.3913043478	ref_000257	0.35052	0.3434387879	1.065934066	0.9797979798	5.74e-05	0.6565612121	0.9292224883	gen_13	0.4725274725	0.5274725275	1.3e-14	47.8	1	38	23	60	1	1.474503705
gen_44	70	detected	56.6	2.3e-17	1	True	0.7057416268	23	23	22	1	0.9565217391	ref_000685	0.88571	0.88571	1	1	6.86e-41	0.11429	0.9329328847	gen_161	0.7857185714	0.2142814286	1.8e-17	56.9	1	39	11	49	1	1.099968545
gen_109	86	detected	53.1	2.9e-16	1	True	0.4377990431	23	23	23	1	1	ref_000435	0.8046	0.8046	1.011627907	1	2.07e-45	0.1954	0.9159244081	gen_6	0.7907	0.2093	2.2e-16	53.5	1	39	11	49	1	0.7670072977
gen_119	337	not_detected	0	1000	0	False	0	23	13	7	0.5652173913	0.3043478261	ref_000933	0.29252	0.1275977448	0.4362017804	0.9545454545	92	0.8724022552	0.9692796757	gen_45	0.3264141246	0.6735858754							1	0.5775981374
gen_67	92	detected	53.1	2.8e-16	1	True	0.4377990431	23	23	23	1	1	ref_000778	0.89888	0.8695686957	0.9673913043	1	2.08e-51	0.1304313043	0.9262695714	gen_179	0.8043494565	0.1956505435	2.1e-16	53.5	1	39	11	49	1	0.4554922602
gen_186	395	not_detected	0	1000	0	False	0	23	18	7	0.7826086957	0.3043478261	ref_000070	0.28571	0.06075858228	0.2126582278	0.976744186	152	0.9392414177	0.9598926587	gen_33	0.4771778216	0.5228221784							1	0.3711372599
gen_30	288	not_detected	0	1000	0	False	0	23	18	8	0.7826086957	0.347826087	ref_000981	0.38462	0.06944527778	0.1805555556	0.3586206897	588	0.9305547222	0.9614048579	gen_93	0.3888857292	0.6111142708							1	0.2414069141
gen_92	89	detected	56.3	2.8e-17	1	True	0.6889952153	23	23	23	1	1	ref_000029	0.89888	0.89888	1	1.022988506	1.17e-49	0.10112	0.9199520424	gen_173	0.8651710112	0.1348289888	2.2e-17	56.7	1	39	11	49	1	0.2219807515
gen_124	282	not_detected	0	1000	0	False	0	23	13	6	0.5652173913	0.2608695652	ref_000869	0.51852	0.04964553191	0.09574468085	0.375	26	0.9503544681	0.9532065763	gen_59	0.3714311111	0.6285688889							1	0.2139872461
gen_93	266	not_detected	0	1000	0	False	0	23	19	10	0.8260869565	0.4347826087	ref_001032	0.26214	0.1015053383	0.3872180451	0.762962963	884	0.8984946617	0.9552776279	gen_30	0.3888857292	0.6111142708							1	0.2044336095
gen_185	299	not_detected	0	1000	0	False	0	23	17	10	0.7391304348	0.4347826087	ref_000126	0.30233	0.08695779264	0.2876254181	0.9662921348	216	0.9130422074	0.9533297257	gen_41	0.3960443564	0.6039556436							1	0.1729174746
gen_105	341	not_detected	0	1000	0	False	0	23	18	5	0.7826086957	0.2173913043	ref_000685	0.28814	0.0498541349	0.1730205279	0.8428571429	951	0.9501458651	0.9610828079	gen_2	0.8058	0.1942							1	0.08972315371
gen_195	84	not_detected	0	1000	0	False	0	23	22	6	0.9565217391	0.2608695652	ref_000369	0.31429	0.2619083333	0.8333333333	0.9210526316	642	0.7380916667	0.9536874092	gen_62	0.85714	0.14286							2	inf
gen_47	100	not_detected	0	1000	0	False	0	23	16	6	0.6956521739	0.2608695652	ref_001168	0.25806	0.05714185714	0.31	0.2214285714	384	0.9428581429	0.6419695489	gen_36	0.7900024	0.2099976							2	inf
gen_57	111	not_detected	0	1000	0	False	0	23	16	9	0.6956521739	0.3913043478	ref_000977	0.32653	0.1185182963	0.4414414414	0.362962963	85	0.8814817037	0.6557472526	gen_17	0.75652	0.24348							2	inf
gen_64	490	not_detected	0	1000	0	False	0	23	18	5	0.7826086957	0.2173913043	ref_001060	0.26882	0.05102093878	0.1897959184	0.7685950413	236	0.9489790612	0.9591247762	gen_188	0.5816345918	0.4183654082							2	inf
gen_78	105	not_detected	0	1000	0	False	0	23	0	0	0	0	ref_000478	0.43243	0.1523800952	0.3523809524	0.4111111111	715	0.8476199048	0.9694536722	gen_111	0.1909096364	0.8090903636							2	inf
gen_59	315	not_detected	0	1000	0	False	0	23	18	8	0.7826086957	0.347826087	ref_000251	0.26437	0.07301647619	0.2761904762	0.90625	469	0.9269835238	0.9455711942	gen_45	0.4984333542	0.5015666458							2	1.357943001
gen_120	347	not_detected	0	1000	0	False	0	23	20	4	0.8695652174	0.1739130435	ref_000478	0.30928	0.08645579251	0.2795389049	1.077777778	194	0.9135442075	0.9611316757	gen_50	0.1930844957	0.8069155043							2	0.8021778063
gen_188	482	not_detected	0	1000	0	False	0	23	18	5	0.7826086957	0.2173913043	ref_000896	0.29703	0.06224072614	0.2095435685	0.7426470588	350	0.9377592739	0.9593479488	gen_64	0.5816345918	0.4183654082							2	0.1925146796
gen_148	76	detected	11.1	0.0037	0.7948717949	False	0	23	21	6	0.9130434783	0.2608695652	ref_000510	0.32051	0.3289444737	1.026315789	1.083333333	2.5	0.6710555263	0.9343975418	gen_139	0.4505515385	0.5494484615	0.0038	11.1	4	34	22	49	3	inf
gen_191	84	not_detected	0	1000	0	False	0	23	22	4	0.9565217391	0.1739130435	ref_001204	0.28846	0.1102935294	0.619047619	0.3823529412	128	0.8897064706	0.959532251	gen_9	0.79762	0.20238							3	inf
gen_28	66	detected	20	6.3e-06	0.5128205128	False	0	23	20	8	0.8695652174	0.347826087	ref_000493	0.44118	0.2272745455	0.5151515152	0.5396825397	9.7	0.7727254545	0.9334488498	gen_148	0.2631552632	0.7368447368	3.1e-06	20.9	2	21	17	36	3	inf
gen_33	482	not_detected	0	1000	0	False	0	23	18	5	0.7826086957	0.2173913043	ref_001210	0.27473	0.05186811203	0.1887966805	0.6319444444	272	0.948131888	0.9586125032	gen_188	0.5622415768	0.4377584232							3	inf
gen_79	112	not_detected	0	1000	0	False	0	23	16	8	0.6956521739	0.347826087	ref_000939	0.38095	0.1095883562	0.375	0.2876712329	88	0.8904116438	0.6799455257	gen_86	0.65179	0.34821							3	inf
gen_82	103	not_detected	0	1000	0	False	0	23	16	7	0.6956521739	0.3043478261	ref_000237	0.19048	0.07767145631	0.4077669903	0.5526315789	37	0.9223285437	0.650117283	gen_0	0.7475708738	0.2524291262							3	inf
gen_150	97	not_detected	0	1000	0	False	0	23	15	6	0.652173913	0.2608695652	ref_000555	0.31707	0.1340192784	0.4226804124	0.476744186	506	0.8659807216	0.8113141596	gen_145	0.412371134	0.587628866							3	1.129178772
gen_54	109	not_detected	0	1000	0	False	0	23	16	7	0.6956521739	0.3043478261	ref_001099	0.36667	0.08333409091	0.2752293578	0.2272727273	181	0.9166659091	0.7322617012	gen_100	0.6181823636	0.3818176364							3	0.6288831704
gen_53	109	not_detected	0	1000	0	False	0	23	16	6	0.6956521739	0.2608695652	ref_000267	0.52941	0.08256853211	0.1559633028	0.1789473684	41	0.9174314679	0.6585490271	gen_153	0.76147	0.23853							3	0.3597548446
gen_187	490	not_detected	0	1000	0	False	0	23	18	5	0.7826086957	0.2173913043	ref_001201	0.28261	0.05306146939	0.187755102	0.6388888889	161	0.9469385306	0.9589326844	gen_114	0.663264	0.336736							3	0.3433987466
gen_130	120	not_detected	0	1000	0	False	0	23	18	6	0.7826086957	0.2608695652	ref_000512	0.27778	0.125001	0.45	0.75	995	0.874999	0.7714808489	gen_121	0.5000020833	0.4999979167							3	0.3219743737
gen_51	101	not_detected	0	1000	0	False	0	23	19	8	0.8260869565	0.347826087	ref_000171	0.30233	0.1287147525	0.4257425743	0.4479166667	866	0.8712852475	0.6844221325	gen_11	0.62832	0.37168							3	0.2016289349
gen_89	96	not_detected	0	1000	0	False	0	23	16	6	0.6956521739	0.2608695652	ref_000885	0.275	0.07692307692	0.4166666667	0.2797202797	349	0.9230769231	0.6523092756	gen_156	0.7708341667	0.2291658333							3	0.1160708345
gen_114	444	not_detected	0	1000	0	False	0	23	18	5	0.7826086957	0.2173913043	ref_001201	0.29545	0.05855765766	0.1981981982	0.6111111111	199	0.9414423423	0.9566815893	gen_187	0.663264	0.336736							4	inf
gen_138	94	not_detected	0	1000	0	False	0	23	16	6	0.6956521739	0.2608695652	ref_000267	0.57143	0.08421073684	0.1489361702	0.1473684211	10	0.9157892632	0.6334546564	gen_156	0.851067234	0.148932766							4	inf
gen_168	305	not_detected	0	1000	0	False	0	23	18	3	0.7826086957	0.1304347826	ref_001209	0.28986	0.06557488525	0.2262295082	0.5187969925	328	0.9344251148	0.9580522165	gen_75	0.8431330719	0.1568669281							4	inf
gen_18	126	not_detected	0	1000	0	False	0	23	18	6	0.7826086957	0.2608695652	ref_000977	0.36	0.1333333333	0.3968253968	0.3703703704	776	0.8666666667	0.7266586997	gen_159	0.62698	0.37302							4	inf
gen_197	97	not_detected	0	1000	0	False	0	23	16	8	0.6956521739	0.347826087	ref_000682	0.30233	0.1340225773	0.4432989691	0.4432989691	430	0.8659774227	0.676464401	gen_166	0.6632692857	0.3367307143							4	inf
gen_198	93	not_detected	0	1000	0	False	0	23	15	7	0.652173913	0.3043478261	ref_000347	0.24242	0.08602	0.3548387097	0.3586956522	738	0.91398	0.6469379809	gen_156	0.86022	0.13978							4	inf
gen_20	81	not_detected	0	1000	0	False	0	23	16	6	0.6956521739	0.2608695652	ref_000296	0.35938	0.2839545679	0.7901234568	0.8767123288	3.3	0.7160454321	0.8857439564	gen_99	0.3508785088	0.6491214912							4	inf
gen_128	93	not_detected	0	1000	0	False	0	23	15	6	0.652173913	0.2608695652	ref_000426	0.27119	0.1720452688	0.6344086022	0.6781609195	65	0.8279547312	0.7304754946	gen_110	0.6344043011	0.3655956989							4	1.155290952
gen_26	102	not_detected	0	1000	0	False	0	23	15	7	0.652173913	0.3043478261	ref_000319	0.35294	0.1176466667	0.3333333333	0.3736263736	61	0.8823533333	0.7142950246	gen_86	0.6078417647	0.3921582353							4	0.4577588578
gen_196	91	not_detected	0	1000	0	False	0	23	16	8	0.6956521739	0.347826087	ref_000812	0.30769	0.1318671429	0.4285714286	0.4382022472	156	0.8681328571	0.6495894511	gen_176	0.7934736957	0.2065263043							4	0.3547381262
gen_66	94	not_detected	0	1000	0	False	0	23	16	7	0.6956521739	0.3043478261	ref_000616	0.3913	0.09090808081	0.2446808511	0.2323232323	309	0.9090919192	0.7019765792	gen_145	0.6063856383	0.3936143617							4	0.2493178682
gen_121	114	not_detected	0	1000	0	False	0	23	17	6	0.7391304348	0.2608695652	ref_000172	0.38462	0.08772035088	0.2280701754	0.2680412371	288	0.9122796491	0.6745749889	gen_111	0.6666702632	0.3333297368							4	0.1044812237
gen_116	100	not_detected	0	1000	0	False	0	23	16	6	0.6956521739	0.2608695652	ref_000272	0.27027	0.1999998	0.74	0.8043478261	256	0.8000002	0.7143549909	gen_63	0.6199986	0.3800014							5	inf
gen_131	94	not_detected	0	1000	0	False	0	23	16	8	0.6956521739	0.347826087	ref_001145	0.35135	0.1382973404	0.3936170213	0.4352941176	395	0.8617026596	0.6312333628	gen_7	0.7765912766	0.2234087234							5	inf
gen_135	98	not_detected	0	1000	0	False	0	23	17	8	0.7391304348	0.347826087	ref_000573	0.34043	0.163267449	0.4795918367	0.6351351351	24	0.836732551	0.6633703167	gen_106	0.6831686139	0.3168313861							5	inf
gen_184	112	not_detected	0	1000	0	False	0	23	16	7	0.6956521739	0.3043478261	ref_000074	0.39024	0.1428557143	0.3660714286	0.4505494505	144	0.8571442857	0.705566845	gen_182	0.6371709735	0.3628290265							5	inf
gen_22	112	not_detected	0	1000	0	False	0	23	16	7	0.6956521739	0.3043478261	ref_000138	0.41379	0.1071420536	0.2589285714	0.3152173913	773	0.8928579464	0.6824036861	gen_52	0.6964271429	0.3035728571							5	inf
gen_31	305	not_detected	0	1000	0	False	0	23	18	3	0.7826086957	0.1304347826	ref_001209	0.28986	0.06557488525	0.2262295082	0.5187969925	337	0.9344251148	0.9569026583	gen_75	0.86928	0.13072							5	inf
gen_37	114	not_detected	0	1000	0	False	0	23	16	5	0.6956521739	0.2173913043	ref_000105	0.26027	0.1666641228	0.6403508772	0.8295454545	710	0.8333358772	0.8233387001	gen_99	0.8947403509	0.1052596491							5	0.8756873042
gen_172	304	not_detected	0	1000	0	False	0	23	18	4	0.7826086957	0.1739130435	ref_000940	0.30986	0.07236861842	0.2335526316	0.5035460993	642	0.9276313816	0.9498619864	gen_75	0.8398645752	0.1601354248							5	0.7577891576
gen_69	103	not_detected	0	1000	0	False	0	23	16	5	0.6956521739	0.2173913043	ref_001064	0.28358	0.1557365574	0.6504854369	0.5491803279	673	0.8442634426	0.7974296379	gen_99	0.7105276316	0.2894723684							5	0.438881694
gen_83	84	not_detected	0	1000	0	False	0	23	22	4	0.9565217391	0.1739130435	ref_001116	0.34146	0.121737913	0.4880952381	0.3565217391	977	0.878262087	0.9521698591	gen_62	0.90476	0.09524							5	0.3341659416
gen_149	87	not_detected	0	1000	0	False	0	23	15	5	0.652173913	0.2173913043	ref_001068	0.28889	0.08783817568	0.5172413793	0.3040540541	818	0.9121618243	0.6532970204	gen_156	0.7634390323	0.2365609677							5	0.3096874665
gen_155	98	not_detected	0	1000	0	False	0	23	17	6	0.7391304348	0.2608695652	ref_000054	0.27273	0.09183765306	0.3367346939	0.4074074074	382	0.9081623469	0.6668008189	gen_36	0.730004	0.269996							5	0.2952265069
gen_62	84	not_detected	0	1000	0	False	0	23	22	5	0.9565217391	0.2173913043	ref_000527	0.28333	0.197672093	0.7142857143	0.6976744186	47	0.802327907	0.9527943	gen_83	0.90476	0.09524							5	0.2625198722
gen_154	121	not_detected	0	1000	0	False	0	23	19	6	0.8260869565	0.2608695652	ref_001222	0.3125	0.1239669421	0.3966942149	0.6315789474	40	0.8760330579	0.7035164202	gen_170	0.5785152893	0.4214847107							5	0.1828309439
gen_63	97	not_detected	0	1000	0	False	0	23	16	7	0.6956521739	0.3043478261	ref_000345	0.3125	0.1030927835	0.3298969072	0.3555555556	152	0.8969072165	0.6384512613	gen_7	0.793811134	0.206188866							5	0.1692213305
gen_140	97	not_detected	0	1000	0	False	0	23	16	6	0.6956521739	0.2608695652	ref_000169	0.47368	0.09278268041	0.1958762887	0.2209302326	144	0.9072173196	0.6861427053	gen_147	0.8762845361	0.1237154639							5	0.1485567612
gen_73	103	not_detected	0	1000	0	False	0	23	16	7	0.6956521739	0.3043478261	ref_000812	0.45	0.08737864078	0.1941747573	0.2247191011	21	0.9126213592	0.6329750745	gen_86	0.8349541748	0.1650458252							5	0.1372428154
gen_61	114	not_detected	0	1000	0	False	0	23	16	5	0.6956521739	0.2173913043	ref_000882	0.24468	0.1654670504	0.8245614035	0.6762589928	11	0.8345329496	0.8078340688	gen_127	0.87719	0.12281							5	0.104824542
gen_0	99	not_detected	0	1000	0	False	0	23	16	4	0.6956521739	0.1739130435	ref_001143	0.43478	0.0813003252	0.2323232323	0.1869918699	92	0.9186996748	0.6525072922	gen_36	0.7800008	0.2199992							6	inf
gen_11	113	not_detected	0	1000	0	False	0	23	16	8	0.6956521739	0.347826087	ref_001093	0.31461	0.1931054483	0.7876106195	0.6137931034	240	0.8068945517	0.6600510972	gen_70	0.6902663717	0.3097336283							6	inf
gen_137	93	not_detected	0	1000	0	False	0	23	16	7	0.6956521739	0.3043478261	ref_001205	0.375	0.1111111111	0.4301075269	0.2962962963	869	0.8888888889	0.6367068118	gen_156	0.88172	0.11828							6	inf
gen_182	113	not_detected	0	1000	0	False	0	23	16	8	0.6956521739	0.347826087	ref_000215	0.32308	0.1858424779	0.5752212389	0.7738095238	96	0.8141575221	0.648491062	gen_111	0.743360708	0.256639292							6	inf
gen_50	306	not_detected	0	1000	0	False	0	23	18	3	0.7826086957	0.1304347826	ref_000676	0.2619	0.07189411765	0.2745098039	0.9230769231	417	0.9281058824	0.9539348471	gen_75	0.81699	0.18301							6	inf
gen_75	306	not_detected	0	1000	0	False	0	23	18	3	0.7826086957	0.1304347826	ref_000913	0.30435	0.06862794118	0.2254901961	0.5609756098	313	0.9313720588	0.9522230094	gen_31	0.86928	0.13072							6	inf
gen_85	104	not_detected	0	1000	0	False	0	23	16	6	0.6956521739	0.2608695652	ref_000713	0.3	0.1442307692	0.4807692308	0.7142857143	7.3	0.8557692308	0.6887805013	gen_152	0.6250020192	0.3749979808							6	0.7010099191
gen_65	84	not_detected	0	1000	0	False	0	23	22	4	0.9565217391	0.1739130435	ref_000627	0.39394	0.1547621429	0.3928571429	0.4459459459	59	0.8452378571	0.9507497309	gen_9	0.89286	0.10714							6	0.6758836604
gen_125	114	not_detected	0	1000	0	False	0	23	16	5	0.6956521739	0.2173913043	ref_000675	0.29688	0.1666694737	0.5614035088	0.7619047619	35	0.8333305263	0.8109388241	gen_127	0.83333	0.16667							6	0.6595897273
gen_147	97	not_detected	0	1000	0	False	0	23	16	6	0.6956521739	0.2608695652	ref_000169	0.47368	0.09278268041	0.1958762887	0.2209302326	123	0.9072173196	0.6860204737	gen_140	0.8762845361	0.1237154639							6	0.4864884044
gen_46	96	not_detected	0	1000	0	False	0	23	15	4	0.652173913	0.1739130435	ref_000986	0.28205	0.1401267516	0.8125	0.4968152866	43	0.8598732484	0.8497739069	gen_117	0.3883495146	0.6116504854							6	0.4239601571
gen_99	114	not_detected	0	1000	0	False	0	23	16	5	0.6956521739	0.2173913043	ref_001122	0.44	0.1679389313	0.4385964912	0.3816793893	74	0.8320610687	0.8226700833	gen_37	0.8947403509	0.1052596491							6	0.4042153021
gen_166	98	not_detected	0	1000	0	False	0	23	18	7	0.7826086957	0.3043478261	ref_000368	0.34043	0.163267449	0.4795918367	0.5402298851	10	0.836732551	0.673870443	gen_103	0.6734710204	0.3265289796							6	0.35820192
gen_16	95	not_detected	0	1000	0	False	0	23	16	7	0.6956521739	0.3043478261	ref_000373	0.31111	0.1372544118	0.4736842105	0.4411764706	15	0.8627455882	0.6541680195	gen_156	0.8210498947	0.1789501053							6	0.3076655919
gen_27	104	not_detected	0	1000	0	False	0	23	15	4	0.652173913	0.1739130435	ref_001141	0.21622	0.1290345161	0.7115384615	0.5967741935	891	0.8709654839	0.8268596873	gen_98	0.70192	0.29808							6	0.1656282194
gen_158	115	not_detected	0	1000	0	False	0	23	16	7	0.6956521739	0.3043478261	ref_000111	0.35135	0.1130430435	0.3217391304	0.4302325581	31	0.8869569565	0.652751055	gen_111	0.756522	0.243478							6	0.1350513046
gen_111	110	not_detected	0	1000	0	False	0	23	16	7	0.6956521739	0.3043478261	ref_000305	0.35	0.1272727273	0.3636363636	0.4166666667	94	0.8727272727	0.6541648575	gen_158	0.756522	0.243478							6	0.1329354797
gen_144	99	not_detected	0	1000	0	False	0	23	16	7	0.6956521739	0.3043478261	ref_000737	0.24138	0.1414145455	0.5858585859	0.7837837838	188	0.8585854545	0.6661799455	gen_88	0.6868707071	0.3131292929							6	0.07653276724
gen_153	107	not_detected	0	1000	0	False	0	23	16	7	0.6956521739	0.3043478261	ref_000968	0.30189	0.1111122917	0.4953271028	0.3680555556	415	0.8888877083	0.6408729505	gen_70	0.78505	0.21495							6	0.05266790158
gen_165	91	not_detected	0	1000	0	False	0	23	17	7	0.7391304348	0.3043478261	ref_000060	0.3	0.2903225806	0.989010989	0.9677419355	263	0.7096774194	0.6723697926	gen_176	0.7173866304	0.2826133696							7	inf
gen_4	95	not_detected	0	1000	0	False	0	23	16	6	0.6956521739	0.2608695652	ref_000523	0.47368	0.094736	0.2	0.2209302326	175	0.905264	0.6584542685	gen_140	0.83505	0.16495							7	inf
gen_5	101	not_detected	0	1000	0	False	0	23	16	7	0.6956521739	0.3043478261	ref_000939	0.27419	0.1164368493	0.6138613861	0.4246575342	314	0.8835631507	0.640667574	gen_36	0.8118831683	0.1881168317							7	inf
gen_96	304	not_detected	0	1000	0	False	0	23	18	3	0.7826086957	0.1304347826	ref_001209	0.30263	0.0756575	0.25	0.5714285714	406	0.9243425	0.9520756627	gen_168	0.7901664262	0.2098335738							7	inf
gen_127	114	not_detected	0	1000	0	False	0	23	16	5	0.6956521739	0.2173913043	ref_000303	0.26582	0.1842085965	0.6929824561	0.8144329897	404	0.8157914035	0.8204011687	gen_99	0.88596	0.11404							7	1.954779686
gen_9	84	not_detected	0	1000	0	False	0	23	22	4	0.9565217391	0.1739130435	ref_000735	0.22581	0.1590934091	0.7380952381	0.7045454545	638	0.8409065909	0.9495644252	gen_65	0.89286	0.10714							7	0.9752508018
gen_159	114	not_detected	0	1000	0	False	0	23	16	6	0.6956521739	0.2608695652	ref_001043	0.34694	0.1491233333	0.4298245614	0.7313432836	0.73	0.8508766667	0.6850452577	gen_152	0.6929840351	0.3070159649							7	0.7878527504
gen_60	106	not_detected	0	1000	0	False	0	23	16	7	0.6956521739	0.3043478261	ref_000147	0.32075	0.160375	0.5	0.6385542169	198	0.839625	0.6637164855	gen_86	0.7169856604	0.2830143396							7	0.1616828937
gen_143	112	not_detected	0	1000	0	False	0	23	16	6	0.6956521739	0.2608695652	ref_001011	0.31579	0.1333335556	0.5089285714	0.4222222222	55	0.8666664444	0.6775980884	gen_153	0.6785710714	0.3214289286							7	0.1290215436
gen_152	103	not_detected	0	1000	0	False	0	23	16	6	0.6956521739	0.2608695652	ref_000747	0.36667	0.1067970874	0.2912621359	0.4054054054	4.3	0.8932029126	0.6746116904	gen_164	0.7475740777	0.2524259223							7	0.1178808698
gen_134	107	not_detected	0	1000	0	False	0	23	16	6	0.6956521739	0.2608695652	ref_000922	0.38462	0.1369879452	0.4859813084	0.3561643836	194	0.8630120548	0.6849771943	gen_164	0.7383207477	0.2616792523							7	0.09746991069
gen_126	92	not_detected	0	1000	0	False	0	23	16	7	0.6956521739	0.3043478261	ref_000138	0.41379	0.1304338043	0.3152173913	0.3152173913	506	0.8695661957	0.6359766863	gen_141	0.82979	0.17021							8	inf
gen_169	119	not_detected	0	1000	0	False	0	23	16	6	0.6956521739	0.2608695652	ref_000968	0.26744	0.1597211111	0.7226890756	0.5972222222	33	0.8402788889	0.6832112836	gen_34	0.6806763025	0.3193236975							8	inf
gen_25	84	not_detected	0	1000	0	False	0	23	22	4	0.9565217391	0.1739130435	ref_000380	0.41667	0.1630447826	0.4285714286	0.3913043478	228	0.8369552174	0.9492811321	gen_9	0.8690495238	0.1309504762							8	inf
gen_3	105	not_detected	0	1000	0	False	0	23	16	6	0.6956521739	0.2608695652	ref_001138	0.29268	0.09835967213	0.3904761905	0.3360655738	574	0.9016403279	0.6475221049	gen_86	0.7714285714	0.2285714286							8	inf
gen_8	114	not_detected	0	1000	0	False	0	23	16	5	0.6956521739	0.2173913043	ref_000303	0.3	0.2368421053	0.7894736842	0.9278350515	5.1	0.7631578947	0.8142819355	gen_61	0.7806986842	0.2193013158							8	inf
gen_98	104	not_detected	0	1000	0	False	0	23	15	3	0.652173913	0.1304347826	ref_001171	0.29412	0.1459865693	0.6538461538	0.496350365	319	0.8540134307	0.8272608605	gen_157	0.7403882692	0.2596117308							8	inf
gen_23	99	not_detected	0	1000	0	False	0	23	16	5	0.6956521739	0.2173913043	ref_000566	0.31818	0.21212	0.6666666667	0.8461538462	650	0.78788	0.7863872535	gen_69	0.6893196117	0.3106803883							8	1.119866667
gen_21	109	not_detected	0	1000	0	False	0	23	16	7	0.6956521739	0.3043478261	ref_000649	0.29688	0.1743148624	0.5871559633	0.7356321839	161	0.8256851376	0.6579466047	gen_111	0.6636342727	0.3363657273							8	0.5723121749
gen_164	97	not_detected	0	1000	0	False	0	23	16	6	0.6956521739	0.2608695652	ref_000262	0.2973	0.1134030928	0.381443299	0.402173913	45	0.8865969072	0.6697909652	gen_152	0.7475740777	0.2524259223							8	0.2222357271
gen_100	110	not_detected	0	1000	0	False	0	23	17	6	0.7391304348	0.2608695652	ref_000522	0.28571	0.1090892727	0.3818181818	0.6	993	0.8909107273	0.6618739864	gen_34	0.7130386957	0.2869613043							8	0.14643517
gen_112	106	not_detected	0	1000	0	False	0	23	16	7	0.6956521739	0.3043478261	ref_000240	0.38298	0.1698118868	0.4433962264	0.5595238095	4.8	0.8301881132	0.656610571	gen_153	0.7196234579	0.2803765421							8	0.1146554871
gen_10	111	not_detected	0	1000	0	False	0	23	16	6	0.6956521739	0.2608695652	ref_001143	0.33333	0.11382	0.3783783784	0.3414634146	1.1	0.88618	0.6690070173	gen_170	0.6756718018	0.3243281982							9	inf
gen_132	107	not_detected	0	1000	0	False	0	23	15	3	0.652173913	0.1304347826	ref_000938	0.31944	0.171639403	0.6728971963	0.5373134328	16	0.828360597	0.8307799903	gen_157	0.738322243	0.261677757							9	inf
gen_141	94	not_detected	0	1000	0	False	0	23	16	6	0.6956521739	0.2608695652	ref_000834	0.34483	0.1000007	0.3085106383	0.29	260	0.8999993	0.6235807068	gen_126	0.82979	0.17021							9	inf
gen_160	90	not_detected	0	1000	0	False	0	23	16	7	0.6956521739	0.3043478261	ref_000689	0.27451	0.1555556667	0.5666666667	0.5930232558	340	0.8444443333	0.6186053868	gen_156	0.7957005376	0.2042994624							9	inf
gen_162	92	not_detected	0	1000	0	False	0	23	16	7	0.6956521739	0.3043478261	ref_000347	0.34043	0.1739153261	0.5108695652	0.5108695652	0.2	0.8260846739	0.6472311377	gen_151	0.92391	0.07609							9	inf
gen_193	104	not_detected	0	1000	0	False	0	23	14	4	0.6086956522	0.1739130435	ref_000101	0.28169	0.1923075962	0.6826923077	0.71	102	0.8076924038	0.912677888	gen_125	0.5087718421	0.4912281579							9	inf
gen_43	98	not_detected	0	1000	0	False	0	23	12	5	0.5217391304	0.2173913043	ref_000482	0.26316	0.2551040816	0.9693877551	1.055555556	6.6	0.7448959184	0.7407020622	gen_192	0.5816363265	0.4183636735							9	inf
gen_157	104	not_detected	0	1000	0	False	0	23	15	3	0.652173913	0.1304347826	ref_001216	0.25926	0.1532851095	0.7788461538	0.5912408759	409	0.8467148905	0.8266881925	gen_117	0.788465	0.211535							9	0.7513902815
gen_177	125	not_detected	0	1000	0	False	0	23	17	4	0.7391304348	0.1739130435	ref_000882	0.26596	0.1798578417	0.752	0.6762589928	15	0.8201421583	0.7624647756	gen_169	0.5919992	0.4080008							9	0.5984415508
gen_136	95	not_detected	0	1000	0	False	0	23	16	7	0.6956521739	0.3043478261	ref_000573	0.34043	0.1684232632	0.4947368421	0.6351351351	325	0.8315767368	0.6287861013	gen_131	0.757896	0.242104							9	0.434120687
gen_34	115	not_detected	0	1000	0	False	0	23	16	6	0.6956521739	0.2608695652	ref_001222	0.28767	0.182607913	0.6347826087	0.9605263158	12	0.817392087	0.6783500524	gen_100	0.7130386957	0.2869613043							9	0.3240680348
gen_117	103	not_detected	0	1000	0	False	0	23	15	3	0.652173913	0.1304347826	ref_001015	0.27586	0.1777764444	0.8446601942	0.6444444444	809	0.8222235556	0.8253806534	gen_157	0.788465	0.211535							10	inf
gen_145	91	not_detected	0	1000	0	False	0	23	16	7	0.6956521739	0.3043478261	ref_000102	0.4	0.1758241758	0.4395604396	0.4761904762	55	0.8241758242	0.6349674168	gen_156	0.7849483871	0.2150516129							10	inf
gen_17	115	not_detected	0	1000	0	False	0	23	15	6	0.652173913	0.2608695652	ref_000138	0.46667	0.12174	0.2608695652	0.3260869565	175	0.87826	0.6558212682	gen_57	0.75652	0.24348							10	inf
gen_183	97	not_detected	0	1000	0	False	0	23	15	6	0.652173913	0.2608695652	ref_000308	0.35849	0.1958759794	0.5463917526	0.5578947368	18	0.8041240206	0.6721696622	gen_163	0.6907175258	0.3092824742							10	inf
gen_36	100	not_detected	0	1000	0	False	0	23	16	5	0.6956521739	0.2173913043	ref_001143	0.38889	0.1138214634	0.36	0.2926829268	28	0.8861785366	0.6178774757	gen_15	0.85294	0.14706							10	inf
gen_49	112	not_detected	0	1000	0	False	0	23	16	6	0.6956521739	0.2608695652	ref_001186	0.35616	0.216664	0.6517857143	0.6083333333	101	0.783336	0.6775576833	gen_86	0.6875033929	0.3124966071							10	inf
gen_88	98	not_detected	0	1000	0	False	0	23	16	7	0.6956521739	0.3043478261	ref_000147	0.32075	0.1734668367	0.5408163265	0.6385542169	277	0.8265331633	0.6060617767	gen_156	0.8571468367	0.1428531633							10	inf
gen_151	92	not_detected	0	1000	0	False	0	23	16	6	0.6956521739	0.2608695652	ref_000347	0.31915	0.1630440217	0.5108695652	0.5108695652	4	0.8369559783	0.6578188495	gen_162	0.92391	0.07609							10	0.5775128904
gen_19	98	not_detected	0	1000	0	False	0	23	16	7	0.6956521739	0.3043478261	ref_000240	0.30769	0.204080102	0.6632653061	0.7738095238	251	0.795919898	0.6444968811	gen_156	0.7857183673	0.2142816327							10	0.5200229918
gen_170	103	not_detected	0	1000	0	False	0	23	17	6	0.7391304348	0.2608695652	ref_000172	0.46154	0.1165052427	0.2524271845	0.2680412371	49	0.8834947573	0.6409320317	gen_176	0.7475694175	0.2524305825							10	0.1204469754
gen_12	97	not_detected	0	1000	0	False	0	23	16	2	0.6956521739	0.08695652174	ref_000018	0.31746	0.2061853608	0.6494845361	0.6494845361	62	0.7938146392	0.740506733	gen_110	0.5463904124	0.4536095876							11	inf
gen_156	93	not_detected	0	1000	0	False	0	23	16	7	0.6956521739	0.3043478261	ref_000689	0.28333	0.1827935484	0.6451612903	0.6976744186	486	0.8172064516	0.6057473215	gen_137	0.88172	0.11828							11	inf
gen_175	101	not_detected	0	1000	0	False	0	23	16	6	0.6956521739	0.2608695652	ref_000573	0.33333	0.2376213861	0.7128712871	0.972972973	4	0.7623786139	0.6569707412	gen_77	0.7821753465	0.2178246535							11	inf
gen_180	93	not_detected	0	1000	0	False	0	23	16	7	0.6956521739	0.3043478261	ref_000791	0.34694	0.1827963441	0.5268817204	0.5975609756	386	0.8172036559	0.6132737977	gen_156	0.84946	0.15054							11	inf
gen_181	106	not_detected	0	1000	0	False	0	23	16	6	0.6956521739	0.2608695652	ref_000347	0.31818	0.132074717	0.4150943396	0.4782608696	22	0.867925283	0.6481639232	gen_86	0.7735856604	0.2264143396							11	inf
gen_81	93	not_detected	0	1000	0	False	0	23	16	6	0.6956521739	0.2608695652	ref_000178	0.33333	0.1182783871	0.3548387097	0.3666666667	895	0.8817216129	0.638064663	gen_156	0.8494605376	0.1505394624							11	inf
gen_103	98	not_detected	0	1000	0	False	0	23	16	4	0.6956521739	0.1739130435	ref_000347	0.28571	0.2040785714	0.7142857143	0.7608695652	15	0.7959214286	0.6663687185	gen_166	0.6734710204	0.3265289796							11	1.288297508
gen_74	103	not_detected	0	1000	0	False	0	23	16	5	0.6956521739	0.2173913043	ref_001050	0.28	0.1296296296	0.4854368932	0.462962963	825	0.8703703704	0.6516171011	gen_36	0.7961184466	0.2038815534							11	0.5490104986
gen_87	104	not_detected	0	1000	0	False	0	23	16	7	0.6956521739	0.3043478261	ref_000790	0.33846	0.2115375	0.625	0.7558139535	294	0.7884625	0.6376201985	gen_73	0.7980732692	0.2019267308							11	0.5221557278
gen_107	98	not_detected	0	1000	0	False	0	23	16	6	0.6956521739	0.2608695652	ref_000009	0.33333	0.1379296552	0.4897959184	0.4137931034	909	0.8620703448	0.6551522171	gen_36	0.79	0.21							11	0.4541784667
gen_106	101	not_detected	0	1000	0	False	0	23	16	7	0.6956521739	0.3043478261	ref_000345	0.26316	0.1980213861	0.7524752475	0.8444444444	19	0.8019786139	0.6301479945	gen_86	0.8529427451	0.1470572549							11	0.3589939237
gen_24	105	not_detected	0	1000	0	False	0	23	16	6	0.6956521739	0.2608695652	ref_000812	0.35897	0.1333317143	0.3714285714	0.4382022472	67	0.8666682857	0.6506501533	gen_36	0.78095	0.21905							11	0.2746845165
gen_1	104	not_detected	0	1000	0	False	0	23	16	6	0.6956521739	0.2608695652	ref_000940	0.26744	0.1631194326	0.8269230769	0.609929078	265	0.8368805674	0.6531712506	gen_36	0.7596125962	0.2403874038							12	inf
gen_133	106	not_detected	0	1000	0	False	0	23	16	6	0.6956521739	0.2608695652	ref_000436	0.26761	0.1792482075	0.6698113208	0.8255813953	783	0.8207517925	0.6539526924	gen_126	0.6886830189	0.3113169811							12	inf
gen_176	92	not_detected	0	1000	0	False	0	23	15	5	0.652173913	0.2173913043	ref_000612	0.2973	0.1195663043	0.402173913	0.4065934066	265	0.8804336957	0.6257758814	gen_156	0.82796	0.17204							12	inf
gen_190	97	not_detected	0	1000	0	False	0	23	16	6	0.6956521739	0.2608695652	ref_000620	0.39474	0.1304358261	0.3917525773	0.3304347826	348	0.8695641739	0.6369684778	gen_163	0.8453641237	0.1546358763							12	inf
gen_38	106	not_detected	0	1000	0	False	0	23	16	5	0.6956521739	0.2173913043	ref_000573	0.28	0.1320754717	0.4716981132	0.6756756757	40	0.8679245283	0.650605263	gen_170	0.7075457547	0.2924542453							12	inf
gen_86	102	not_detected	0	1000	0	False	0	23	16	7	0.6956521739	0.3043478261	ref_000734	0.26882	0.2451005882	0.9117647059	1	625	0.7548994118	0.6039077348	gen_106	0.8529427451	0.1470572549							12	inf
gen_70	107	not_detected	0	1000	0	False	0	23	16	6	0.6956521739	0.2608695652	ref_000662	0.30612	0.1401857944	0.4579439252	0.6805555556	554	0.8598142056	0.6454479601	gen_153	0.78505	0.21495							12	0.3234782908
gen_84	92	not_detected	0	1000	0	False	0	23	16	6	0.6956521739	0.2608695652	ref_000265	0.34211	0.1413063043	0.4130434783	0.4130434783	17	0.8586936957	0.6494770111	gen_151	0.8913054348	0.1086945652							12	0.2857416448
gen_163	96	not_detected	0	1000	0	False	0	23	16	6	0.6956521739	0.2608695652	ref_000111	0.34286	0.1250010417	0.3645833333	0.4069767442	87	0.8749989583	0.6347422619	gen_190	0.8453641237	0.1546358763							12	0.2547051077
gen_178	104	not_detected	0	1000	0	False	0	23	17	6	0.7391304348	0.2608695652	ref_000787	0.27692	0.173075	0.625	0.9285714286	67	0.826925	0.6533975839	gen_36	0.7403846154	0.2596153846							12	0.1440958329
gen_15	102	not_detected	0	1000	0	False	0	23	16	6	0.6956521739	0.2608695652	ref_001213	0.32075	0.1287859848	0.5196078431	0.4015151515	361	0.8712140152	0.6359941159	gen_36	0.85294	0.14706							12	0.05553180554
gen_52	103	not_detected	0	1000	0	False	0	23	15	6	0.652173913	0.2608695652	ref_000812	0.33333	0.1262123301	0.3786407767	0.4382022472	159	0.8737876699	0.6358731117	gen_73	0.7767	0.2233							12	0.05516526252
gen_80	91	not_detected	0	1000	0	False	0	23	15	6	0.652173913	0.2608695652	ref_000823	0.29545	0.1428549451	0.4835164835	0.6197183099	7.4	0.8571450549	0.649214342	gen_196	0.75824	0.24176							13	inf
gen_174	96	not_detected	0	1000	0	False	0	23	16	6	0.6956521739	0.2608695652	ref_001063	0.27778	0.1449286957	0.75	0.5217391304	268	0.8550713043	0.6457857944	gen_156	0.81250375	0.18749625							14	inf
gen_90	97	not_detected	0	1000	0	False	0	23	16	5	0.6956521739	0.2173913043	ref_000008	0.29825	0.1752603093	0.587628866	0.7702702703	82	0.8247396907	0.6475910179	gen_36	0.820001	0.179999							14	inf
gen_108	103	not_detected	0	1000	0	False	0	23	16	6	0.6956521739	0.2608695652	ref_000347	0.35714	0.1456299029	0.4077669903	0.4565217391	0.88	0.8543700971	0.6351320911	gen_111	0.7363634545	0.2636365455							15	inf
gen_7	93	not_detected	0	1000	0	False	0	23	15	6	0.652173913	0.2608695652	ref_001145	0.37838	0.1505382796	0.3978494624	0.4352941176	15	0.8494617204	0.6421134209	gen_156	0.7957	0.2043							15	inf
gen_171	92	not_detected	0	1000	0	False	0	23	16	5	0.6956521739	0.2173913043	ref_000723	0.33962	0.1956506522	0.5760869565	0.5824175824	114	0.8043493478	0.6417766514	gen_122	0.83696	0.16304							16	inf
gen_77	100	not_detected	0	1000	0	False	0	23	16	6	0.6956521739	0.2608695652	ref_000321	0.32075	0.1699975	0.53	0.5760869565	359	0.8300025	0.6413631896	gen_36	0.84	0.16							16	inf
gen_110	93	not_detected	0	1000	0	False	0	23	15	6	0.652173913	0.2608695652	ref_000347	0.32075	0.1827930108	0.5698924731	0.5760869565	7.6	0.8172069892	0.6274096068	gen_198	0.82796	0.17204							17	inf
gen_192	90	not_detected	0	1000	0	False	0	23	16	6	0.6956521739	0.2608695652	ref_000484	0.37037	0.222222	0.6	0.7826086957	173	0.777778	0.6347172542	gen_156	0.8172034409	0.1827965591							17	inf
gen_122	92	not_detected	0	1000	0	False	0	23	16	6	0.6956521739	0.2608695652	ref_000238	0.28571	0.2365555914	0.8369565217	0.8279569892	225	0.7634444086	0.6189028924	gen_171	0.83696	0.16304							18	inf
