sequence_id	pool	accession	accession_base	model_name	env_start_1based	env_end_1based	bit_score	i_evalue	hmm_start_1based	hmm_end_1based	hmm_length	hmm_span_fraction	reference_sequences_with_accession
vae_candidate_000001	main_supported_gvpa	PF00741.24	PF00741	Gas_vesicle	12	50	60.29562759399414	1.0688254150928893e-17	1	39	39	1.0	346
vae_candidate_000002	excluded	PF00741.24	PF00741	Gas_vesicle	20	58	58.571903228759766	3.694386151128112e-17	1	39	39	1.0	346
vae_candidate_000003	excluded	PF00741.24	PF00741	Gas_vesicle	31	67	49.954345703125	1.8213243266331545e-14	4	39	39	0.9230769230769231	346
vae_candidate_000005	excluded	PF00741.24	PF00741	Gas_vesicle	10	48	56.08680725097656	2.2084822355459013e-16	1	39	39	1.0	346
vae_candidate_000006	excluded	PF00741.24	PF00741	Gas_vesicle	9	47	57.987056732177734	5.627262820020726e-17	1	39	39	1.0	346
vae_candidate_000009	excluded	PF00741.24	PF00741	Gas_vesicle	23	59	56.312618255615234	1.8772913758614e-16	1	36	39	0.9230769230769231	346
vae_candidate_000011	excluded	PF00741.24	PF00741	Gas_vesicle	16	54	54.57891845703125	6.535583374633173e-16	1	39	39	1.0	346
vae_candidate_000012	excluded	PF00741.24	PF00741	Gas_vesicle	43	76	32.65691375732422	4.629672756588448e-09	9	39	39	0.7948717948717948	346
vae_candidate_000013	excluded	PF00741.24	PF00741	Gas_vesicle	19	57	44.50056838989258	9.217284759464714e-13	1	39	39	1.0	346
vae_candidate_000014	excluded	PF00741.24	PF00741	Gas_vesicle	57	99	49.08525085449219	3.403808631183505e-14	5	39	39	0.8974358974358975	346
vae_candidate_000015	excluded	PF00741.24	PF00741	Gas_vesicle	14	56	25.72234535217285	6.799686246875673e-07	1	39	39	1.0	346
vae_candidate_000018	main_supported_gvpa	PF00741.24	PF00741	Gas_vesicle	12	52	48.92518997192383	3.8192802636008755e-14	1	39	39	1.0	346
vae_candidate_000020	main_supported_gvpa	PF00741.24	PF00741	Gas_vesicle	12	54	45.85029220581055	3.490089066036301e-13	1	39	39	1.0	346
vae_candidate_000023	excluded	PF00741.24	PF00741	Gas_vesicle	12	47	34.81142807006836	9.824263567323423e-10	1	34	39	0.8717948717948718	346
vae_candidate_000023	excluded	PF00741.24	PF00741	Gas_vesicle	45	83	48.8172721862793	4.127661378400632e-14	2	39	39	0.9743589743589743	346
vae_candidate_000024	excluded	PF00741.24	PF00741	Gas_vesicle	8	46	55.2878532409668	3.9242249858370424e-16	1	39	39	1.0	346
vae_candidate_000025	excluded	PF00741.24	PF00741	Gas_vesicle	11	39	36.46921920776367	2.9803518549005854e-10	1	28	39	0.717948717948718	346
vae_candidate_000026	excluded	PF00741.24	PF00741	Gas_vesicle	12	40	25.109066009521484	1.0571304492629544e-06	1	28	39	0.717948717948718	346
vae_candidate_000027	excluded	PF00741.24	PF00741	Gas_vesicle	13	50	40.13447189331055	2.1327323392710883e-11	8	39	39	0.8205128205128205	346
vae_candidate_000028	excluded	PF00741.24	PF00741	Gas_vesicle	12	46	43.311702728271484	2.1682231236211065e-12	6	39	39	0.8717948717948718	346
vae_candidate_000029	main_supported_gvpa	PF00741.24	PF00741	Gas_vesicle	11	49	59.65385437011719	1.6960956873349977e-17	1	39	39	1.0	346
vae_candidate_000030	excluded	PF00741.24	PF00741	Gas_vesicle	35	70	42.97218322753906	2.76820489288984e-12	3	31	39	0.7435897435897436	346
vae_candidate_000032	main_supported_gvpa	PF00741.24	PF00741	Gas_vesicle	14	52	42.876399993896484	2.9657116089704724e-12	1	39	39	1.0	346
vae_candidate_000034	main_supported_gvpa	PF00741.24	PF00741	Gas_vesicle	8	46	59.200748443603516	2.349841124132733e-17	1	39	39	1.0	346
vae_candidate_000035	excluded	PF00741.24	PF00741	Gas_vesicle	12	47	33.809715270996094	2.019848427921377e-09	1	29	39	0.7435897435897436	346
vae_candidate_000037	excluded	PF00741.24	PF00741	Gas_vesicle	11	47	43.287132263183594	2.206895850107228e-12	1	35	39	0.8974358974358975	346
vae_candidate_000040	excluded	PF00741.24	PF00741	Gas_vesicle	84	120	45.43214416503906	4.715208440990838e-13	5	39	39	0.8974358974358975	346
vae_candidate_000041	ambiguous_exploration	PF00741.24	PF00741	Gas_vesicle	11	49	55.69364547729492	2.930559197048392e-16	1	39	39	1.0	346
vae_candidate_000043	excluded	PF00741.24	PF00741	Gas_vesicle	67	105	58.36574935913086	4.2851100642851856e-17	1	39	39	1.0	346
vae_candidate_000044	excluded	PF00741.24	PF00741	Gas_vesicle	12	47	51.44469451904297	6.232722538872146e-15	1	39	39	1.0	346
vae_candidate_000045	excluded	PF00741.24	PF00741	Gas_vesicle	21	59	45.209320068359375	5.535154677667243e-13	1	39	39	1.0	346
vae_candidate_000046	excluded	PF00741.24	PF00741	Gas_vesicle	20	59	46.27091598510742	2.5786862040623813e-13	1	39	39	1.0	346
vae_candidate_000047	excluded	PF00741.24	PF00741	Gas_vesicle	14	39	33.324867248535156	2.8630294396163526e-09	1	24	39	0.6153846153846154	346
vae_candidate_000050	main_supported_gvpa	PF00741.24	PF00741	Gas_vesicle	11	49	57.067970275878906	1.0901759610374946e-16	1	39	39	1.0	346
vae_candidate_000056	excluded	PF00741.24	PF00741	Gas_vesicle	12	50	57.42833709716797	8.411779819269555e-17	1	39	39	1.0	346
vae_candidate_000057	excluded	PF00741.24	PF00741	Gas_vesicle	32	70	58.56930160522461	3.7013082235659936e-17	1	39	39	1.0	346
vae_candidate_000058	main_supported_gvpa	PF00741.24	PF00741	Gas_vesicle	12	50	58.689170837402344	3.395455854870142e-17	1	39	39	1.0	346
vae_candidate_000061	main_supported_gvpa	PF00741.24	PF00741	Gas_vesicle	19	57	46.35057830810547	2.4350356900378533e-13	1	39	39	1.0	346
vae_candidate_000062	excluded	PF00741.24	PF00741	Gas_vesicle	8	41	31.887840270996094	8.051431652448926e-09	1	28	39	0.717948717948718	346
vae_candidate_000063	excluded	PF00741.24	PF00741	Gas_vesicle	12	45	37.388545989990234	1.538129986848325e-10	1	28	39	0.717948717948718	346
vae_candidate_000064	excluded	PF00741.24	PF00741	Gas_vesicle	21	59	53.29447937011719	1.6468363705204309e-15	1	39	39	1.0	346
vae_candidate_000065	main_supported_gvpa	PF00741.24	PF00741	Gas_vesicle	12	51	52.61185836791992	2.6912762976242607e-15	1	39	39	1.0	346
vae_candidate_000067	excluded	PF00741.24	PF00741	Gas_vesicle	13	39	33.032958984375	3.5321760830530327e-09	1	25	39	0.6410256410256411	346
vae_candidate_000068	excluded	PF00741.24	PF00741	Gas_vesicle	19	58	39.60593032836914	3.1195855562797744e-11	5	36	39	0.8205128205128205	346
vae_candidate_000069	excluded	PF00741.24	PF00741	Gas_vesicle	29	63	32.59278869628906	4.848287010495722e-09	2	36	39	0.8974358974358975	346
vae_candidate_000070	main_supported_gvpa	PF00741.24	PF00741	Gas_vesicle	8	46	60.03083801269531	1.2931507663224644e-17	1	39	39	1.0	346
vae_candidate_000072	excluded	PF00741.24	PF00741	Gas_vesicle	17	47	28.350082397460938	1.0265125501898914e-07	1	29	39	0.7435897435897436	346
vae_candidate_000072	excluded	PF00741.24	PF00741	Gas_vesicle	47	80	43.357662200927734	2.0976952385264656e-12	6	39	39	0.8717948717948718	346
vae_candidate_000082	excluded	PF00741.24	PF00741	Gas_vesicle	27	62	29.56155776977539	4.2933681852381093e-08	3	32	39	0.7692307692307693	346
vae_candidate_000085	excluded	PF00741.24	PF00741	Gas_vesicle	13	51	32.10166931152344	6.903273056995865e-09	1	35	39	0.8974358974358975	346
vae_candidate_000087	excluded	PF00741.24	PF00741	Gas_vesicle	12	48	50.030181884765625	1.7246053490053852e-14	5	39	39	0.8974358974358975	346
vae_candidate_000088	main_supported_gvpa	PF00741.24	PF00741	Gas_vesicle	12	52	43.792694091796875	1.5339177787831024e-12	1	39	39	1.0	346
vae_candidate_000089	excluded	PF00741.24	PF00741	Gas_vesicle	14	52	51.89597702026367	4.504633208420539e-15	1	39	39	1.0	346
vae_candidate_000090	main_supported_gvpa	PF00741.24	PF00741	Gas_vesicle	12	50	59.124881744384766	2.4816789435246898e-17	1	39	39	1.0	346
vae_candidate_000091	excluded	PF00741.24	PF00741	Gas_vesicle	11	48	46.71149444580078	1.8781270757187756e-13	1	39	39	1.0	346
vae_candidate_000092	excluded	PF00741.24	PF00741	Gas_vesicle	11	49	56.718074798583984	1.402274974655245e-16	1	39	39	1.0	346
vae_candidate_000093	excluded	PF00741.24	PF00741	Gas_vesicle	44	88	25.81427574157715	6.364468466145138e-07	2	36	39	0.8974358974358975	346
vae_candidate_000094	excluded	PF00741.24	PF00741	Gas_vesicle	12	47	38.80211639404297	5.562570594934415e-11	5	36	39	0.8205128205128205	346
vae_candidate_000095	main_supported_gvpa	PF00741.24	PF00741	Gas_vesicle	11	49	53.198795318603516	1.7642094429800574e-15	1	39	39	1.0	346
vae_candidate_000096	excluded	PF00741.24	PF00741	Gas_vesicle	17	50	37.54915237426758	1.3702701128518675e-10	9	39	39	0.7948717948717948	346
vae_candidate_000098	excluded	PF00741.24	PF00741	Gas_vesicle	10	48	49.13261413574219	3.2897650981437236e-14	1	39	39	1.0	346
vae_candidate_000099	excluded	PF00741.24	PF00741	Gas_vesicle	10	46	50.85191345214844	9.547993799793002e-15	1	31	39	0.7948717948717948	346
vae_candidate_000100	excluded	PF00741.24	PF00741	Gas_vesicle	12	50	49.54462432861328	2.445786139559083e-14	1	38	39	0.9743589743589743	346
vae_candidate_000107	excluded	PF00741.24	PF00741	Gas_vesicle	10	49	50.57221603393555	1.167650774023306e-14	1	39	39	1.0	346
vae_candidate_000108	main_supported_gvpa	PF00741.24	PF00741	Gas_vesicle	13	49	49.34149932861328	2.8306860285542393e-14	1	39	39	1.0	346
vae_candidate_000110	excluded	PF00741.24	PF00741	Gas_vesicle	9	47	25.805339813232422	6.405521152748755e-07	13	39	39	0.6923076923076923	346
vae_candidate_000112	excluded	PF00741.24	PF00741	Gas_vesicle	38	69	40.9040412902832	1.2259099621258599e-11	9	39	39	0.7948717948717948	346
vae_candidate_000113	ambiguous_exploration	PF00741.24	PF00741	Gas_vesicle	13	51	54.2436637878418	8.318517408092033e-16	1	39	39	1.0	346
vae_candidate_000113	ambiguous_exploration	PF00741.24	PF00741	Gas_vesicle	53	86	49.38908004760742	2.7354167956612318e-14	7	39	39	0.8461538461538461	346
vae_candidate_000114	excluded	PF00741.24	PF00741	Gas_vesicle	26	62	45.115901947021484	5.919995656949896e-13	5	39	39	0.8974358974358975	346
vae_candidate_000115	excluded	PF00741.24	PF00741	Gas_vesicle	52	90	58.478912353515625	3.95003011535933e-17	1	39	39	1.0	346
vae_candidate_000116	excluded	PF00741.24	PF00741	Gas_vesicle	36	74	55.79441833496094	2.725590694496899e-16	1	39	39	1.0	346
vae_candidate_000117	excluded	PF00741.24	PF00741	Gas_vesicle	11	44	50.99308776855469	8.625762103182389e-15	1	33	39	0.8461538461538461	346
vae_candidate_000118	main_supported_gvpa	PF00741.24	PF00741	Gas_vesicle	10	48	56.986366271972656	1.1561029530632185e-16	1	39	39	1.0	346
vae_candidate_000120	excluded	PF00741.24	PF00741	Gas_vesicle	23	61	50.81411361694336	9.81124125860993e-15	1	36	39	0.9230769230769231	346
vae_candidate_000121	main_supported_gvpa	PF00741.24	PF00741	Gas_vesicle	11	49	52.313720703125	3.335196324799491e-15	1	39	39	1.0	346
vae_candidate_000123	excluded	PF00741.24	PF00741	Gas_vesicle	12	50	50.4710807800293	1.2557872666256568e-14	1	39	39	1.0	346
vae_candidate_000125	excluded	PF00741.24	PF00741	Gas_vesicle	25	63	49.718467712402344	2.1582178548543784e-14	5	39	39	0.8974358974358975	346
vae_candidate_000126	excluded	PF00741.24	PF00741	Gas_vesicle	9	47	57.893802642822266	6.017797485319634e-17	1	39	39	1.0	346
vae_candidate_000127	excluded	PF00741.24	PF00741	Gas_vesicle	13	47	33.66800308227539	2.2366679209309688e-09	8	39	39	0.8205128205128205	346
vae_candidate_000128	main_supported_gvpa	PF00741.24	PF00741	Gas_vesicle	10	48	56.07541275024414	2.22666306019257e-16	1	39	39	1.0	346
vae_candidate_000129	excluded	PF00741.24	PF00741	Gas_vesicle	17	55	58.49952697753906	3.891873142269718e-17	1	39	39	1.0	346
vae_candidate_000130	excluded	PF00741.24	PF00741	Gas_vesicle	10	48	60.55146408081055	8.891234764871181e-18	1	39	39	1.0	346
vae_candidate_000133	main_supported_gvpa	PF00741.24	PF00741	Gas_vesicle	10	48	52.1734504699707	3.689381319801339e-15	1	39	39	1.0	346
vae_candidate_000135	main_supported_gvpa	PF00741.24	PF00741	Gas_vesicle	12	50	55.57079315185547	3.201399182946004e-16	1	39	39	1.0	346
vae_candidate_000136	main_supported_gvpa	PF00741.24	PF00741	Gas_vesicle	8	46	57.05633544921875	1.0993406659655834e-16	1	39	39	1.0	346
vae_candidate_000137	excluded	PF00741.24	PF00741	Gas_vesicle	13	51	58.9264030456543	2.862641249278779e-17	1	39	39	1.0	346
vae_candidate_000138	excluded	PF00741.24	PF00741	Gas_vesicle	16	45	30.94171714782715	1.590453684186138e-08	1	24	39	0.6153846153846154	346
vae_candidate_000139	excluded	PF00741.24	PF00741	Gas_vesicle	124	163	44.30864715576172	1.058218218383315e-12	1	39	39	1.0	346
vae_candidate_000140	main_supported_gvpa	PF00741.24	PF00741	Gas_vesicle	28	67	44.522342681884766	9.074002543783937e-13	1	39	39	1.0	346
vae_candidate_000141	excluded	PF00741.24	PF00741	Gas_vesicle	24	62	57.86125564575195	6.160386632525564e-17	1	39	39	1.0	346
vae_candidate_000143	main_supported_gvpa	PF00741.24	PF00741	Gas_vesicle	12	45	42.445213317871094	4.04452628371026e-12	8	39	39	0.8205128205128205	346
vae_candidate_000149	main_supported_gvpa	PF00741.24	PF00741	Gas_vesicle	10	48	55.839805603027344	2.6380186588173003e-16	1	39	39	1.0	346
vae_candidate_000150	excluded	PF00741.24	PF00741	Gas_vesicle	16	54	57.28302764892578	9.338878155028597e-17	1	39	39	1.0	346
vae_candidate_000151	main_supported_gvpa	PF00741.24	PF00741	Gas_vesicle	15	51	55.08271789550781	4.548365119893662e-16	3	39	39	0.9487179487179487	346
vae_candidate_000153	main_supported_gvpa	PF00741.24	PF00741	Gas_vesicle	14	47	41.908626556396484	5.950345732112055e-12	8	39	39	0.8205128205128205	346
vae_candidate_000156	excluded	PF00741.24	PF00741	Gas_vesicle	28	66	45.07452392578125	6.098897566175099e-13	2	39	39	0.9743589743589743	346
vae_candidate_000157	main_supported_gvpa	PF00741.24	PF00741	Gas_vesicle	12	50	57.07418441772461	1.0853124481532307e-16	1	39	39	1.0	346
vae_candidate_000160	main_supported_gvpa	PF00741.24	PF00741	Gas_vesicle	12	50	58.37437438964844	4.2585995237770595e-17	1	39	39	1.0	346
vae_candidate_000161	ambiguous_exploration	PF00741.24	PF00741	Gas_vesicle	24	55	34.348548889160156	1.3706991287481677e-09	8	39	39	0.8205128205128205	346
vae_candidate_000163	ambiguous_exploration	PF00741.24	PF00741	Gas_vesicle	12	47	27.829357147216797	1.4930774632289545e-07	1	36	39	0.9230769230769231	346
vae_candidate_000165	excluded	PF00741.24	PF00741	Gas_vesicle	24	54	25.245628356933594	9.581976351075609e-07	9	39	39	0.7948717948717948	346
vae_candidate_000167	excluded	PF00741.24	PF00741	Gas_vesicle	16	54	43.9464111328125	1.373308265306569e-12	1	39	39	1.0	346
vae_candidate_000169	excluded	PF00741.24	PF00741	Gas_vesicle	9	47	53.99892044067383	9.920286176409865e-16	1	39	39	1.0	346
vae_candidate_000170	excluded	PF00741.24	PF00741	Gas_vesicle	11	46	43.392173767089844	2.046247187873613e-12	1	34	39	0.8717948717948718	346
vae_candidate_000171	excluded	PF00741.24	PF00741	Gas_vesicle	38	76	29.62506866455078	4.101587903932306e-08	6	39	39	0.8717948717948718	346
vae_candidate_000172	ambiguous_exploration	PF00741.24	PF00741	Gas_vesicle	9	47	54.72934341430664	5.865148791553214e-16	1	39	39	1.0	346
vae_candidate_000176	excluded	PF00741.24	PF00741	Gas_vesicle	20	48	35.167110443115234	7.605978848349084e-10	1	28	39	0.717948717948718	346
vae_candidate_000178	excluded	PF00741.24	PF00741	Gas_vesicle	12	50	60.30576705932617	1.0610561232460564e-17	1	39	39	1.0	346
vae_candidate_000179	main_supported_gvpa	PF00741.24	PF00741	Gas_vesicle	12	50	55.935611724853516	2.4622946733125867e-16	1	39	39	1.0	346
vae_candidate_000180	excluded	PF00741.24	PF00741	Gas_vesicle	13	49	40.67882537841797	1.4415670358441931e-11	1	31	39	0.7948717948717948	346
vae_candidate_000181	excluded	PF00741.24	PF00741	Gas_vesicle	81	117	34.09223175048828	1.6483029167024362e-09	1	33	39	0.8461538461538461	346
vae_candidate_000182	excluded	PF00741.24	PF00741	Gas_vesicle	19	57	35.13581466674805	7.779192684494661e-10	1	36	39	0.9230769230769231	346
vae_candidate_000184	ambiguous_exploration	PF00741.24	PF00741	Gas_vesicle	24	59	45.21284103393555	5.521149636534838e-13	5	39	39	0.8974358974358975	346
vae_candidate_000186	excluded	PF00741.24	PF00741	Gas_vesicle	12	50	57.72837448120117	6.778461728441049e-17	1	39	39	1.0	346
vae_candidate_000187	excluded	PF00741.24	PF00741	Gas_vesicle	23	53	32.1617317199707	6.6112950183222484e-09	9	36	39	0.717948717948718	346
vae_candidate_000191	main_supported_gvpa	PF00741.24	PF00741	Gas_vesicle	11	48	45.756370544433594	3.734096048537976e-13	6	39	39	0.8717948717948718	346
vae_candidate_000192	excluded	PF00741.24	PF00741	Gas_vesicle	19	57	47.182865142822266	1.3379176501630981e-13	1	37	39	0.9487179487179487	346
vae_candidate_000194	excluded	PF00741.24	PF00741	Gas_vesicle	53	91	53.57658386230469	1.3443038288650328e-15	1	39	39	1.0	346
vae_candidate_000195	excluded	PF00741.24	PF00741	Gas_vesicle	15	53	58.30034637451172	4.4915820590826976e-17	1	39	39	1.0	346
vae_candidate_000197	excluded	PF00741.24	PF00741	Gas_vesicle	10	48	54.99193572998047	4.855380324585569e-16	1	39	39	1.0	346
vae_candidate_000198	excluded	PF00741.24	PF00741	Gas_vesicle	152	180	30.757633209228516	1.8157005695794477e-08	1	29	39	0.7435897435897436	346
vae_candidate_000199	excluded	PF00741.24	PF00741	Gas_vesicle	57	92	42.3831787109375	4.229143840413371e-12	1	31	39	0.7948717948717948	346
vae_candidate_000200	main_supported_gvpa	PF00741.24	PF00741	Gas_vesicle	13	51	52.687828063964844	2.5481148914888754e-15	1	39	39	1.0	346
vae_candidate_000202	excluded	PF00741.24	PF00741	Gas_vesicle	19	61	40.12063217163086	2.154076088106384e-11	5	39	39	0.8974358974358975	346
vae_candidate_000203	excluded	PF00741.24	PF00741	Gas_vesicle	25	57	26.664878845214844	3.451140643396431e-07	5	31	39	0.6923076923076923	346
vae_candidate_000205	excluded	PF00741.24	PF00741	Gas_vesicle	10	44	50.71408462524414	1.0543416670699742e-14	1	33	39	0.8461538461538461	346
vae_candidate_000207	excluded	PF00741.24	PF00741	Gas_vesicle	11	50	51.41715621948242	6.357451557380305e-15	1	39	39	1.0	346
vae_candidate_000210	excluded	PF00741.24	PF00741	Gas_vesicle	12	50	54.55302810668945	6.658473383155698e-16	1	39	39	1.0	346
vae_candidate_000212	main_supported_gvpa	PF00741.24	PF00741	Gas_vesicle	12	50	58.621253967285156	3.5655045369997164e-17	1	39	39	1.0	346
vae_candidate_000214	excluded	PF00741.24	PF00741	Gas_vesicle	12	42	44.34275817871094	1.0325619101135543e-12	1	30	39	0.7692307692307693	346
vae_candidate_000216	main_supported_gvpa	PF00741.24	PF00741	Gas_vesicle	13	51	52.43071365356445	3.0659356167395072e-15	1	39	39	1.0	346
vae_candidate_000219	main_supported_gvpa	PF00741.24	PF00741	Gas_vesicle	12	50	58.53254699707031	3.8004976008588945e-17	1	39	39	1.0	346
vae_candidate_000220	main_supported_gvpa	PF00741.24	PF00741	Gas_vesicle	11	49	59.886714935302734	1.434449465218654e-17	1	39	39	1.0	346
vae_candidate_000221	excluded	PF00741.24	PF00741	Gas_vesicle	10	40	48.15663528442383	6.639604776084925e-14	1	30	39	0.7692307692307693	346
vae_candidate_000221	excluded	PF00741.24	PF00741	Gas_vesicle	37	69	33.20926284790039	3.1113601692903275e-09	9	39	39	0.7948717948717948	346
vae_candidate_000223	excluded	PF00741.24	PF00741	Gas_vesicle	28	66	29.759164810180664	3.724338817120304e-08	9	37	39	0.7435897435897436	346
vae_candidate_000224	excluded	PF00741.24	PF00741	Gas_vesicle	36	72	50.849544525146484	9.56428214024852e-15	4	39	39	0.9230769230769231	346
vae_candidate_000226	excluded	PF00741.24	PF00741	Gas_vesicle	19	59	43.02922439575195	2.6568914117846277e-12	6	39	39	0.8717948717948718	346
vae_candidate_000228	main_supported_gvpa	PF00741.24	PF00741	Gas_vesicle	17	55	59.26841354370117	2.2381761783709426e-17	1	39	39	1.0	346
vae_candidate_000229	excluded	PF00741.24	PF00741	Gas_vesicle	83	116	41.79829788208008	6.441961077174047e-12	1	32	39	0.8205128205128205	346
vae_candidate_000230	main_supported_gvpa	PF00741.24	PF00741	Gas_vesicle	12	50	59.200748443603516	2.349841124132733e-17	1	39	39	1.0	346
vae_candidate_000231	excluded	PF00741.24	PF00741	Gas_vesicle	11	45	31.41301918029785	1.133044305547968e-08	10	39	39	0.7692307692307693	346
vae_candidate_000232	excluded	PF00741.24	PF00741	Gas_vesicle	46	80	33.3282470703125	2.8560754425176572e-09	5	31	39	0.6923076923076923	346
vae_candidate_000235	excluded	PF00741.24	PF00741	Gas_vesicle	14	52	57.37516403198242	8.739842468575143e-17	1	39	39	1.0	346
vae_candidate_000236	excluded	PF00741.24	PF00741	Gas_vesicle	10	42	45.46443557739258	4.606916711139062e-13	1	32	39	0.8205128205128205	346
vae_candidate_000236	excluded	PF00741.24	PF00741	Gas_vesicle	40	71	34.5361328125	1.1976371131054188e-09	9	39	39	0.7948717948717948	346
vae_candidate_000238	excluded	PF00741.24	PF00741	Gas_vesicle	19	47	35.974815368652344	4.253638790132773e-10	1	28	39	0.717948717948718	346
vae_candidate_000241	excluded	PF00741.24	PF00741	Gas_vesicle	79	110	26.951143264770508	2.8087283327804487e-07	6	39	39	0.8717948717948718	346
vae_candidate_000242	ambiguous_exploration	PF00741.24	PF00741	Gas_vesicle	11	49	49.25632095336914	3.0095983684025674e-14	1	39	39	1.0	346
vae_candidate_000245	excluded	PF00741.24	PF00741	Gas_vesicle	51	76	30.807689666748047	1.751468818993781e-08	2	24	39	0.5897435897435898	346
vae_candidate_000246	excluded	PF00741.24	PF00741	Gas_vesicle	13	52	25.958791732788086	5.73592241714213e-07	1	36	39	0.9230769230769231	346
vae_candidate_000247	main_supported_gvpa	PF00741.24	PF00741	Gas_vesicle	12	50	56.477787017822266	1.6669369108662573e-16	1	39	39	1.0	346
vae_candidate_000248	excluded	PF00741.24	PF00741	Gas_vesicle	28	55	26.37860870361328	4.240502948648658e-07	1	27	39	0.6923076923076923	346
vae_candidate_000249	main_supported_gvpa	PF00741.24	PF00741	Gas_vesicle	25	63	53.57188415527344	1.3488573312961114e-15	1	39	39	1.0	346
vae_candidate_000251	excluded	PF00741.24	PF00741	Gas_vesicle	18	52	37.0401611328125	1.9763214184949545e-10	8	39	39	0.8205128205128205	346
vae_candidate_000251	excluded	PF00741.24	PF00741	Gas_vesicle	67	105	30.339656829833984	2.4527595438244818e-08	9	34	39	0.6666666666666666	346
vae_candidate_000253	excluded	PF00741.24	PF00741	Gas_vesicle	40	78	53.32182693481445	1.6147481128498973e-15	1	39	39	1.0	346
vae_candidate_000256	excluded	PF00741.24	PF00741	Gas_vesicle	12	47	47.23168182373047	1.2917395985404058e-13	1	31	39	0.7948717948717948	346
vae_candidate_000257	excluded	PF00741.24	PF00741	Gas_vesicle	9	50	40.71846389770508	1.4010332987591758e-11	1	39	39	1.0	346
vae_candidate_000258	main_supported_gvpa	PF00741.24	PF00741	Gas_vesicle	11	49	56.689239501953125	1.4316726864693253e-16	1	39	39	1.0	346
vae_candidate_000260	ambiguous_exploration	PF00741.24	PF00741	Gas_vesicle	11	50	49.825889587402344	1.997688234706249e-14	1	39	39	1.0	346
vae_candidate_000262	excluded	PF00741.24	PF00741	Gas_vesicle	12	48	46.796722412109375	1.766414560226582e-13	5	39	39	0.8974358974358975	346
vae_candidate_000262	excluded	PF00741.24	PF00741	Gas_vesicle	51	75	29.48802375793457	4.526643609660131e-08	3	26	39	0.6153846153846154	346
vae_candidate_000263	excluded	PF00741.24	PF00741	Gas_vesicle	20	56	37.247833251953125	1.702015283369304e-10	5	32	39	0.717948717948718	346
vae_candidate_000264	main_supported_gvpa	PF00741.24	PF00741	Gas_vesicle	27	65	58.64775848388672	3.498152737547256e-17	1	39	39	1.0	346
vae_candidate_000266	main_supported_gvpa	PF00741.24	PF00741	Gas_vesicle	12	50	57.38288879394531	8.691400119747402e-17	1	39	39	1.0	346
vae_candidate_000267	excluded	PF00741.24	PF00741	Gas_vesicle	10	49	42.487281799316406	3.9239363444333e-12	5	39	39	0.8974358974358975	346
vae_candidate_000270	excluded	PF00741.24	PF00741	Gas_vesicle	12	50	59.11767578125	2.4945794524791595e-17	1	39	39	1.0	346
vae_candidate_000272	excluded	PF00741.24	PF00741	Gas_vesicle	30	65	34.156681060791016	1.5736120682780036e-09	1	30	39	0.7692307692307693	346
vae_candidate_000273	main_supported_gvpa	PF00741.24	PF00741	Gas_vesicle	12	53	44.30315399169922	1.0624090402613635e-12	1	39	39	1.0	346
vae_candidate_000274	excluded	PF00741.24	PF00741	Gas_vesicle	10	48	54.6956672668457	6.009001000743635e-16	1	39	39	1.0	346
vae_candidate_000277	excluded	PF00741.24	PF00741	Gas_vesicle	18	56	62.722633361816406	1.8642638777325143e-18	1	39	39	1.0	346
vae_candidate_000278	excluded	PF00741.24	PF00741	Gas_vesicle	8	43	39.777984619140625	2.7563398542310098e-11	1	28	39	0.717948717948718	346
vae_candidate_000279	excluded	PF00741.24	PF00741	Gas_vesicle	8	46	60.77010726928711	7.59695715319554e-18	1	39	39	1.0	346
vae_candidate_000281	excluded	PF00741.24	PF00741	Gas_vesicle	7	41	39.346378326416016	3.760128031895821e-11	6	39	39	0.8717948717948718	346
vae_candidate_000282	excluded	PF00741.24	PF00741	Gas_vesicle	33	65	30.08785057067871	2.9399523327341016e-08	1	31	39	0.7948717948717948	346
vae_candidate_000283	ambiguous_exploration	PF00741.24	PF00741	Gas_vesicle	10	49	50.61573791503906	1.1316525320172543e-14	1	39	39	1.0	346
vae_candidate_000284	main_supported_gvpa	PF00741.24	PF00741	Gas_vesicle	12	50	58.10525894165039	5.168457539610954e-17	1	39	39	1.0	346
vae_candidate_000285	excluded	PF00741.24	PF00741	Gas_vesicle	11	29	28.4417781829834	9.609722318300669e-08	1	17	39	0.4358974358974359	346
vae_candidate_000285	excluded	PF00741.24	PF00741	Gas_vesicle	37	72	28.78822898864746	7.489462654388572e-08	13	39	39	0.6923076923076923	346
vae_candidate_000286	excluded	PF00741.24	PF00741	Gas_vesicle	27	65	59.54644775390625	1.8323699081010345e-17	1	39	39	1.0	346
vae_candidate_000288	main_supported_gvpa	PF00741.24	PF00741	Gas_vesicle	14	50	49.371498107910156	2.7702411504408703e-14	1	34	39	0.8717948717948718	346
vae_candidate_000290	ambiguous_exploration	PF00741.24	PF00741	Gas_vesicle	12	50	56.28839874267578	1.9102925611844372e-16	1	39	39	1.0	346
vae_candidate_000291	excluded	PF00741.24	PF00741	Gas_vesicle	64	98	32.29242706298828	6.017919749691629e-09	9	37	39	0.7435897435897436	346
vae_candidate_000293	main_supported_gvpa	PF00741.24	PF00741	Gas_vesicle	12	50	60.905155181884766	6.893494371547628e-18	1	39	39	1.0	346
vae_candidate_000295	main_supported_gvpa	PF00741.24	PF00741	Gas_vesicle	12	49	40.21332550048828	2.0150967331040895e-11	1	39	39	1.0	346
vae_candidate_000296	excluded	PF00741.24	PF00741	Gas_vesicle	19	57	46.72855758666992	1.8552097701314807e-13	1	39	39	1.0	346
vae_candidate_000297	excluded	PF00741.24	PF00741	Gas_vesicle	12	38	35.335323333740234	6.738936304178113e-10	1	25	39	0.6410256410256411	346
vae_candidate_000298	ambiguous_exploration	PF00741.24	PF00741	Gas_vesicle	20	58	63.55382537841797	1.0251172685353226e-18	1	39	39	1.0	346
vae_candidate_000299	ambiguous_exploration	PF00741.24	PF00741	Gas_vesicle	15	53	54.90290451049805	5.176593300795158e-16	1	39	39	1.0	346
vae_candidate_000300	excluded	PF00741.24	PF00741	Gas_vesicle	43	81	60.78301239013672	7.52674216165958e-18	1	39	39	1.0	346
vae_candidate_000301	excluded	PF00741.24	PF00741	Gas_vesicle	27	65	47.64456558227539	9.597444049734916e-14	4	39	39	0.9230769230769231	346
vae_candidate_000302	excluded	PF00741.24	PF00741	Gas_vesicle	10	50	40.22587203979492	1.99698734044864e-11	8	39	39	0.8205128205128205	346
vae_candidate_000303	excluded	PF00741.24	PF00741	Gas_vesicle	12	30	26.6180419921875	3.5694261796853245e-07	1	17	39	0.4358974358974359	346
vae_candidate_000303	excluded	PF00741.24	PF00741	Gas_vesicle	31	63	34.9687385559082	8.77289771028668e-10	8	39	39	0.8205128205128205	346
vae_candidate_000304	excluded	PF00741.24	PF00741	Gas_vesicle	17	55	58.85427474975586	3.0151285373547126e-17	1	39	39	1.0	346
vae_candidate_000304	excluded	PF00741.24	PF00741	Gas_vesicle	57	93	42.70160675048828	3.363170857061396e-12	7	39	39	0.8461538461538461	346
vae_candidate_000305	excluded	PF00741.24	PF00741	Gas_vesicle	12	50	63.92076110839844	7.8724909223754285e-19	1	39	39	1.0	346
vae_candidate_000311	excluded	PF00741.24	PF00741	Gas_vesicle	10	48	30.51697540283203	2.1589661660826797e-08	1	29	39	0.7435897435897436	346
vae_candidate_000312	excluded	PF00741.24	PF00741	Gas_vesicle	12	50	52.045310974121094	4.045712613956885e-15	1	39	39	1.0	346
vae_candidate_000314	excluded	PF00741.24	PF00741	Gas_vesicle	11	49	56.794979095458984	1.3267889796140905e-16	1	39	39	1.0	346
vae_candidate_000315	excluded	PF00741.24	PF00741	Gas_vesicle	10	48	61.92456817626953	3.310469797673717e-18	1	39	39	1.0	346
vae_candidate_000316	main_supported_gvpa	PF00741.24	PF00741	Gas_vesicle	13	51	52.22063446044922	3.566229789738535e-15	2	39	39	0.9743589743589743	346
vae_candidate_000317	ambiguous_exploration	PF00741.24	PF00741	Gas_vesicle	12	47	43.02054214477539	2.6735411048236756e-12	1	34	39	0.8717948717948718	346
vae_candidate_000318	main_supported_gvpa	PF00741.24	PF00741	Gas_vesicle	12	50	56.90772247314453	1.2234082484295848e-16	1	39	39	1.0	346
vae_candidate_000319	excluded	PF00741.24	PF00741	Gas_vesicle	11	46	46.23175811767578	2.6523735376690137e-13	1	39	39	1.0	346
vae_candidate_000322	ambiguous_exploration	PF00741.24	PF00741	Gas_vesicle	11	49	53.30973434448242	1.6288591104323697e-15	1	39	39	1.0	346
vae_candidate_000323	main_supported_gvpa	PF00741.24	PF00741	Gas_vesicle	22	60	54.92038345336914	5.111897814196369e-16	1	39	39	1.0	346
vae_candidate_000327	main_supported_gvpa	PF00741.24	PF00741	Gas_vesicle	9	46	37.0991325378418	1.894218104332708e-10	1	39	39	1.0	346
vae_candidate_000328	excluded	PF00741.24	PF00741	Gas_vesicle	10	42	38.47999572753906	7.013470043020881e-11	2	30	39	0.7435897435897436	346
vae_candidate_000330	excluded	PF00741.24	PF00741	Gas_vesicle	9	47	59.763694763183594	1.5672094203383867e-17	1	39	39	1.0	346
vae_candidate_000332	main_supported_gvpa	PF00741.24	PF00741	Gas_vesicle	15	58	33.58198165893555	2.3794785219970636e-09	5	39	39	0.8974358974358975	346
vae_candidate_000334	excluded	PF00741.24	PF00741	Gas_vesicle	24	55	34.49555206298828	1.2331220469161307e-09	9	39	39	0.7948717948717948	346
vae_candidate_000336	excluded	PF00741.24	PF00741	Gas_vesicle	10	45	35.834922790527344	4.704080420003774e-10	1	28	39	0.717948717948718	346
vae_candidate_000338	main_supported_gvpa	PF00741.24	PF00741	Gas_vesicle	14	52	59.96483612060547	1.3560436435978749e-17	1	39	39	1.0	346
vae_candidate_000339	excluded	PF00741.24	PF00741	Gas_vesicle	7	46	44.830665588378906	7.268638316513556e-13	1	39	39	1.0	346
vae_candidate_000339	excluded	PF00741.24	PF00741	Gas_vesicle	47	82	43.44263458251953	1.973285481855081e-12	6	39	39	0.8717948717948718	346
vae_candidate_000340	excluded	PF00741.24	PF00741	Gas_vesicle	19	57	45.577354431152344	4.2474187116024556e-13	1	39	39	1.0	346
vae_candidate_000341	excluded	PF00741.24	PF00741	Gas_vesicle	15	54	50.03530502319336	1.718259810688101e-14	1	39	39	1.0	346
vae_candidate_000343	main_supported_gvpa	PF00741.24	PF00741	Gas_vesicle	8	46	58.54380798339844	3.7698284678372025e-17	1	39	39	1.0	346
vae_candidate_000344	main_supported_gvpa	PF00741.24	PF00741	Gas_vesicle	12	50	56.41960906982422	1.7381962762257654e-16	1	39	39	1.0	346
vae_candidate_000345	main_supported_gvpa	PF00741.24	PF00741	Gas_vesicle	12	50	57.04836654663086	1.1056621542239086e-16	1	39	39	1.0	346
vae_candidate_000346	main_supported_gvpa	PF00741.24	PF00741	Gas_vesicle	25	63	61.080814361572266	6.0750355068061895e-18	1	39	39	1.0	346
vae_candidate_000347	main_supported_gvpa	PF00741.24	PF00741	Gas_vesicle	11	49	57.17757034301758	1.0075077206949658e-16	1	39	39	1.0	346
vae_candidate_000348	excluded	PF00741.24	PF00741	Gas_vesicle	9	37	29.138507843017578	5.8209554879120435e-08	1	25	39	0.6410256410256411	346
vae_candidate_000352	main_supported_gvpa	PF00741.24	PF00741	Gas_vesicle	10	48	60.2158088684082	1.13200621479957e-17	1	39	39	1.0	346
vae_candidate_000354	main_supported_gvpa	PF00741.24	PF00741	Gas_vesicle	12	50	58.92951202392578	2.856244758121818e-17	1	39	39	1.0	346
vae_candidate_000355	excluded	PF00741.24	PF00741	Gas_vesicle	12	46	51.71737289428711	5.122362225581476e-15	1	33	39	0.8461538461538461	346
vae_candidate_000356	main_supported_gvpa	PF00741.24	PF00741	Gas_vesicle	14	55	43.35818099975586	2.09691234414355e-12	1	39	39	1.0	346
vae_candidate_000358	excluded	PF00741.24	PF00741	Gas_vesicle	23	62	32.588706970214844	4.86254679371065e-09	2	36	39	0.8974358974358975	346
vae_candidate_000359	main_supported_gvpa	PF00741.24	PF00741	Gas_vesicle	21	59	57.63066101074219	7.272186378158542e-17	1	39	39	1.0	346
vae_candidate_000360	excluded	PF00741.24	PF00741	Gas_vesicle	122	156	40.61897277832031	1.5050044912822048e-11	7	39	39	0.8461538461538461	346
vae_candidate_000361	excluded	PF00741.24	PF00741	Gas_vesicle	15	51	49.138179779052734	3.276617276116649e-14	1	37	39	0.9487179487179487	346
vae_candidate_000362	excluded	PF00741.24	PF00741	Gas_vesicle	17	56	46.599952697753906	2.0350727333701954e-13	1	39	39	1.0	346
vae_candidate_000363	excluded	PF00741.24	PF00741	Gas_vesicle	53	91	59.17778396606445	2.388991043725613e-17	1	39	39	1.0	346
vae_candidate_000364	main_supported_gvpa	PF00741.24	PF00741	Gas_vesicle	12	50	56.08578872680664	2.210101311598293e-16	1	39	39	1.0	346
vae_candidate_000367	excluded	PF00741.24	PF00741	Gas_vesicle	61	92	36.733558654785156	2.4641424436677946e-10	9	39	39	0.7948717948717948	346
vae_candidate_000368	ambiguous_exploration	PF00741.24	PF00741	Gas_vesicle	15	53	48.12466812133789	6.794092280937704e-14	1	39	39	1.0	346
vae_candidate_000369	main_supported_gvpa	PF00741.24	PF00741	Gas_vesicle	12	51	38.541290283203125	6.710878959060938e-11	1	39	39	1.0	346
vae_candidate_000370	excluded	PF00741.24	PF00741	Gas_vesicle	22	60	58.452091217041016	4.02699945451454e-17	1	39	39	1.0	346
vae_candidate_000371	excluded	PF00741.24	PF00741	Gas_vesicle	22	60	54.768306732177734	5.703003499351451e-16	1	39	39	1.0	346
vae_candidate_000372	ambiguous_exploration	PF00741.24	PF00741	Gas_vesicle	10	52	45.00008773803711	6.434449900014464e-13	1	39	39	1.0	346
vae_candidate_000374	main_supported_gvpa	PF00741.24	PF00741	Gas_vesicle	11	49	49.76973342895508	2.080058684389642e-14	1	39	39	1.0	346
vae_candidate_000377	excluded	PF00741.24	PF00741	Gas_vesicle	29	67	54.58268737792969	6.517884098457257e-16	1	39	39	1.0	346
vae_candidate_000381	ambiguous_exploration	PF00741.24	PF00741	Gas_vesicle	10	48	55.43075180053711	3.5407922735922577e-16	2	39	39	0.9743589743589743	346
vae_candidate_000383	main_supported_gvpa	PF00741.24	PF00741	Gas_vesicle	20	58	55.1243896484375	4.4140127463960687e-16	1	39	39	1.0	346
vae_candidate_000384	excluded	PF00741.24	PF00741	Gas_vesicle	32	70	45.20977020263672	5.533362238716364e-13	1	39	39	1.0	346
vae_candidate_000385	excluded	PF00741.24	PF00741	Gas_vesicle	99	137	58.06867218017578	5.306323387597864e-17	1	39	39	1.0	346
vae_candidate_000386	excluded	PF00741.24	PF00741	Gas_vesicle	17	55	33.26455307006836	2.9900124907405783e-09	1	35	39	0.8974358974358975	346
vae_candidate_000388	main_supported_gvpa	PF00741.24	PF00741	Gas_vesicle	10	48	59.61345291137695	1.746124239782287e-17	1	39	39	1.0	346
vae_candidate_000392	excluded	PF00741.24	PF00741	Gas_vesicle	14	52	54.510406494140625	6.865832766840052e-16	3	39	39	0.9487179487179487	346
vae_candidate_000394	excluded	PF00741.24	PF00741	Gas_vesicle	8	40	26.179630279541016	4.893221267162029e-07	1	39	39	1.0	346
vae_candidate_000396	main_supported_gvpa	PF00741.24	PF00741	Gas_vesicle	12	50	59.7213020324707	1.615749628142357e-17	1	39	39	1.0	346
vae_candidate_000397	excluded	PF00741.24	PF00741	Gas_vesicle	14	53	48.35543441772461	5.754674569036462e-14	1	39	39	1.0	346
vae_candidate_000399	main_supported_gvpa	PF00741.24	PF00741	Gas_vesicle	12	50	58.3231315612793	4.418545609947505e-17	1	39	39	1.0	346
vae_candidate_000401	main_supported_gvpa	PF00741.24	PF00741	Gas_vesicle	22	60	57.17287063598633	1.0109204081819815e-16	1	39	39	1.0	346
vae_candidate_000402	excluded	PF00741.24	PF00741	Gas_vesicle	10	48	56.09276580810547	2.199034075774753e-16	1	39	39	1.0	346
vae_candidate_000404	excluded	PF00741.24	PF00741	Gas_vesicle	9	38	31.4281063079834	1.1208110737499273e-08	1	23	39	0.5897435897435898	346
vae_candidate_000405	excluded	PF00741.24	PF00741	Gas_vesicle	13	51	57.408233642578125	8.534339107210032e-17	1	39	39	1.0	346
vae_candidate_000406	excluded	PF00741.24	PF00741	Gas_vesicle	12	46	30.20863914489746	2.695230086999865e-08	7	39	39	0.8461538461538461	346
vae_candidate_000407	excluded	PF00741.24	PF00741	Gas_vesicle	11	49	59.0234489440918	2.6695722409224972e-17	1	39	39	1.0	346
vae_candidate_000408	ambiguous_exploration	PF00741.24	PF00741	Gas_vesicle	9	47	52.7049674987793	2.516884084046121e-15	1	39	39	1.0	346
vae_candidate_000409	excluded	PF00741.24	PF00741	Gas_vesicle	12	48	33.174156188964844	3.190953983035326e-09	1	38	39	0.9743589743589743	346
vae_candidate_000409	excluded	PF00741.24	PF00741	Gas_vesicle	44	79	31.53022575378418	1.041410053307105e-08	5	28	39	0.6153846153846154	346
vae_candidate_000411	main_supported_gvpa	PF00741.24	PF00741	Gas_vesicle	17	55	55.099647521972656	4.493296635959628e-16	1	39	39	1.0	346
vae_candidate_000412	excluded	PF00741.24	PF00741	Gas_vesicle	49	85	51.7856559753418	4.876777552836159e-15	4	39	39	0.9230769230769231	346
vae_candidate_000414	excluded	PF00741.24	PF00741	Gas_vesicle	18	56	57.988101959228516	5.623032361939877e-17	1	39	39	1.0	346
vae_candidate_000415	excluded	PF00741.24	PF00741	Gas_vesicle	20	54	35.46437072753906	6.141382728103477e-10	1	32	39	0.8205128205128205	346
vae_candidate_000419	excluded	PF00741.24	PF00741	Gas_vesicle	44	86	38.176429748535156	8.725540170174712e-11	5	39	39	0.8974358974358975	346
vae_candidate_000420	ambiguous_exploration	PF00741.24	PF00741	Gas_vesicle	12	50	58.983638763427734	2.747145768424048e-17	1	39	39	1.0	346
vae_candidate_000421	excluded	PF00741.24	PF00741	Gas_vesicle	81	119	59.46223449707031	1.9468316981785226e-17	1	39	39	1.0	346
vae_candidate_000423	excluded	PF00741.24	PF00741	Gas_vesicle	12	50	59.13582992553711	2.462206476187064e-17	1	39	39	1.0	346
vae_candidate_000426	main_supported_gvpa	PF00741.24	PF00741	Gas_vesicle	12	50	56.47388458251953	1.671624047296848e-16	1	39	39	1.0	346
vae_candidate_000428	excluded	PF00741.24	PF00741	Gas_vesicle	9	34	36.805233001708984	2.340285030321356e-10	1	26	39	0.6666666666666666	346
vae_candidate_000429	excluded	PF00741.24	PF00741	Gas_vesicle	10	36	41.29657745361328	9.242670674187893e-12	1	26	39	0.6666666666666666	346
vae_candidate_000431	excluded	PF00741.24	PF00741	Gas_vesicle	9	37	39.577232360839844	3.1846707844078514e-11	1	29	39	0.7435897435897436	346
vae_candidate_000431	excluded	PF00741.24	PF00741	Gas_vesicle	37	70	41.76693344116211	6.588991820385093e-12	6	39	39	0.8717948717948718	346
vae_candidate_000432	excluded	PF00741.24	PF00741	Gas_vesicle	9	47	58.85824203491211	3.006534002164919e-17	1	39	39	1.0	346
vae_candidate_000435	excluded	PF00741.24	PF00741	Gas_vesicle	30	68	63.52900314331055	1.0435904344295145e-18	1	39	39	1.0	346
vae_candidate_000436	ambiguous_exploration	PF00741.24	PF00741	Gas_vesicle	15	53	58.44005584716797	4.062023446978822e-17	1	39	39	1.0	346
vae_candidate_000437	excluded	PF00741.24	PF00741	Gas_vesicle	12	39	28.565534591674805	8.7910144946312e-08	1	25	39	0.6410256410256411	346
vae_candidate_000437	excluded	PF00741.24	PF00741	Gas_vesicle	36	59	27.539108276367188	1.839841195586299e-07	4	25	39	0.5641025641025641	346
vae_candidate_000438	excluded	PF00741.24	PF00741	Gas_vesicle	12	46	38.4210319519043	7.317422921480682e-11	9	39	39	0.7948717948717948	346
vae_candidate_000439	main_supported_gvpa	PF00741.24	PF00741	Gas_vesicle	13	51	60.09892654418945	1.2313247675994753e-17	1	39	39	1.0	346
vae_candidate_000440	excluded	PF00741.24	PF00741	Gas_vesicle	8	46	61.78066635131836	3.6716103354272325e-18	1	39	39	1.0	346
vae_candidate_000443	excluded	PF00741.24	PF00741	Gas_vesicle	67	101	44.187618255615234	1.154502226869042e-12	7	39	39	0.8461538461538461	346
vae_candidate_000448	excluded	PF00741.24	PF00741	Gas_vesicle	8	57	31.62302017211914	9.74148208617715e-09	1	25	39	0.6410256410256411	346
vae_candidate_000451	ambiguous_exploration	PF00741.24	PF00741	Gas_vesicle	17	55	50.002071380615234	1.759842489257114e-14	2	39	39	0.9743589743589743	346
vae_candidate_000453	excluded	PF00741.24	PF00741	Gas_vesicle	42	77	36.770263671875	2.3999162982877794e-10	1	28	39	0.717948717948718	346
vae_candidate_000454	excluded	PF00741.24	PF00741	Gas_vesicle	65	102	51.06747817993164	8.176203573252666e-15	1	34	39	0.8717948717948718	346
vae_candidate_000455	excluded	PF00741.24	PF00741	Gas_vesicle	13	51	39.33689880371094	3.7858624230078516e-11	1	39	39	1.0	346
vae_candidate_000457	excluded	PF00741.24	PF00741	Gas_vesicle	22	60	59.45698928833008	1.954192986315072e-17	1	39	39	1.0	346
vae_candidate_000458	ambiguous_exploration	PF00741.24	PF00741	Gas_vesicle	12	50	54.5900764465332	6.483323184691317e-16	2	39	39	0.9743589743589743	346
vae_candidate_000459	excluded	PF00741.24	PF00741	Gas_vesicle	24	62	43.835296630859375	1.48761136748459e-12	4	39	39	0.9230769230769231	346
vae_candidate_000461	excluded	PF00741.24	PF00741	Gas_vesicle	18	42	33.498512268066406	2.5267635362056648e-09	1	24	39	0.6153846153846154	346
vae_candidate_000463	main_supported_gvpa	PF00741.24	PF00741	Gas_vesicle	11	49	56.79894256591797	1.3230106379918282e-16	1	39	39	1.0	346
vae_candidate_000464	excluded	PF00741.24	PF00741	Gas_vesicle	10	43	26.108966827392578	5.148444332160662e-07	1	28	39	0.717948717948718	346
vae_candidate_000465	excluded	PF00741.24	PF00741	Gas_vesicle	8	46	55.84257888793945	2.6327599154797134e-16	1	39	39	1.0	346
vae_candidate_000466	excluded	PF00741.24	PF00741	Gas_vesicle	12	40	36.929317474365234	2.140397315802216e-10	1	28	39	0.717948717948718	346
vae_candidate_000467	main_supported_gvpa	PF00741.24	PF00741	Gas_vesicle	20	58	58.877586364746094	2.964977041675183e-17	1	39	39	1.0	346
vae_candidate_000470	excluded	PF00741.24	PF00741	Gas_vesicle	10	34	30.552005767822266	2.1052293857269678e-08	1	24	39	0.6153846153846154	346
vae_candidate_000472	excluded	PF00741.24	PF00741	Gas_vesicle	111	149	54.84366989135742	5.401991422489557e-16	1	39	39	1.0	346
vae_candidate_000476	excluded	PF00741.24	PF00741	Gas_vesicle	13	49	45.75345993041992	3.741924354537167e-13	1	31	39	0.7948717948717948	346
vae_candidate_000477	excluded	PF00741.24	PF00741	Gas_vesicle	37	75	59.19031524658203	2.3675475083359584e-17	1	39	39	1.0	346
vae_candidate_000479	excluded	PF00741.24	PF00741	Gas_vesicle	139	170	37.18693542480469	1.778250850120738e-10	8	39	39	0.8205128205128205	346
vae_candidate_000480	excluded	PF00741.24	PF00741	Gas_vesicle	18	59	35.14824295043945	7.709938157007019e-10	6	39	39	0.8717948717948718	346
vae_candidate_000481	excluded	PF00741.24	PF00741	Gas_vesicle	9	41	28.854820251464844	7.13907566728244e-08	9	39	39	0.7948717948717948	346
vae_candidate_000482	ambiguous_exploration	PF00741.24	PF00741	Gas_vesicle	10	48	55.172096252441406	4.2650689237732367e-16	1	39	39	1.0	346
vae_candidate_000483	excluded	PF00741.24	PF00741	Gas_vesicle	14	39	36.69410705566406	2.535092352781406e-10	1	24	39	0.6153846153846154	346
vae_candidate_000484	ambiguous_exploration	PF00741.24	PF00741	Gas_vesicle	10	48	57.55793762207031	7.662841873767707e-17	1	39	39	1.0	346
vae_candidate_000485	excluded	PF00741.24	PF00741	Gas_vesicle	14	52	35.7589225769043	4.968480098658884e-10	1	38	39	0.9743589743589743	346
vae_candidate_000489	excluded	PF00741.24	PF00741	Gas_vesicle	11	49	46.18144226074219	2.750157486138306e-13	2	39	39	0.9743589743589743	346
vae_candidate_000490	excluded	PF00741.24	PF00741	Gas_vesicle	14	45	49.542320251464844	2.449844198894265e-14	1	32	39	0.8205128205128205	346
vae_candidate_000491	ambiguous_exploration	PF00741.24	PF00741	Gas_vesicle	12	50	55.06660461425781	4.601404954582787e-16	1	39	39	1.0	346
vae_candidate_000492	excluded	PF00741.24	PF00741	Gas_vesicle	9	47	51.83901596069336	4.693089412786538e-15	1	39	39	1.0	346
vae_candidate_000493	main_supported_gvpa	PF00741.24	PF00741	Gas_vesicle	8	46	60.03083801269531	1.2931507663224644e-17	1	39	39	1.0	346
vae_candidate_000496	excluded	PF00741.24	PF00741	Gas_vesicle	12	49	32.787200927734375	4.215389374031268e-09	1	28	39	0.717948717948718	346
vae_candidate_000497	excluded	PF00741.24	PF00741	Gas_vesicle	9	47	61.70924758911133	3.86521603296786e-18	1	39	39	1.0	346
vae_candidate_000498	excluded	PF00741.24	PF00741	Gas_vesicle	12	50	52.55063247680664	2.8124860082819458e-15	1	38	39	0.9743589743589743	346
vae_candidate_000499	excluded	PF00741.24	PF00741	Gas_vesicle	8	47	35.17179870605469	7.580364835003942e-10	1	31	39	0.7948717948717948	346
vae_candidate_000500	ambiguous_exploration	PF00741.24	PF00741	Gas_vesicle	8	46	56.864349365234375	1.2621901514420637e-16	1	39	39	1.0	346
vae_candidate_000501	main_supported_gvpa	PF00741.24	PF00741	Gas_vesicle	11	49	60.06669998168945	1.2602098969717043e-17	1	39	39	1.0	346
vae_candidate_000502	excluded	PF00741.24	PF00741	Gas_vesicle	18	56	40.67586135864258	1.4446447053357164e-11	1	39	39	1.0	346
vae_candidate_000503	excluded	PF00741.24	PF00741	Gas_vesicle	12	50	55.23039245605469	4.0898694829926802e-16	1	39	39	1.0	346
vae_candidate_000504	excluded	PF00741.24	PF00741	Gas_vesicle	37	62	29.459157943725586	4.621643000602231e-08	14	39	39	0.6666666666666666	346
vae_candidate_000505	main_supported_gvpa	PF00741.24	PF00741	Gas_vesicle	14	52	59.58287048339844	1.7849729828139816e-17	1	39	39	1.0	346
vae_candidate_000506	excluded	PF00741.24	PF00741	Gas_vesicle	12	38	29.027986526489258	6.302754222966555e-08	1	27	39	0.6923076923076923	346
vae_candidate_000506	excluded	PF00741.24	PF00741	Gas_vesicle	35	68	34.57111740112305	1.1678663283554727e-09	8	39	39	0.8205128205128205	346
vae_candidate_000519	excluded	PF00741.24	PF00741	Gas_vesicle	12	50	58.64548873901367	3.5038703319335555e-17	1	39	39	1.0	346
vae_candidate_000520	main_supported_gvpa	PF00741.24	PF00741	Gas_vesicle	10	46	35.4928092956543	6.016994000014213e-10	1	32	39	0.8205128205128205	346
vae_candidate_000521	excluded	PF00741.24	PF00741	Gas_vesicle	55	93	43.57986831665039	1.7877493783605563e-12	2	38	39	0.9487179487179487	346
vae_candidate_000522	excluded	PF00741.24	PF00741	Gas_vesicle	23	61	56.51082992553711	1.6277728406608833e-16	1	39	39	1.0	346
vae_candidate_000523	main_supported_gvpa	PF00741.24	PF00741	Gas_vesicle	28	65	43.0794792175293	2.5625361436760712e-12	1	39	39	1.0	346
vae_candidate_000524	excluded	PF00741.24	PF00741	Gas_vesicle	31	61	34.66166305541992	1.0942060439300058e-09	1	28	39	0.717948717948718	346
vae_candidate_000526	excluded	PF00741.24	PF00741	Gas_vesicle	65	98	29.782779693603516	3.661591749258989e-08	9	39	39	0.7948717948717948	346
vae_candidate_000527	main_supported_gvpa	PF00741.24	PF00741	Gas_vesicle	13	51	57.15742874145508	1.0222151238537705e-16	1	39	39	1.0	346
vae_candidate_000529	ambiguous_exploration	PF00741.24	PF00741	Gas_vesicle	13	51	53.13377380371094	1.848707896989184e-15	1	39	39	1.0	346
vae_candidate_000530	excluded	PF00741.24	PF00741	Gas_vesicle	12	50	57.289161682128906	9.297751286229736e-17	1	39	39	1.0	346
vae_candidate_000531	excluded	PF00741.24	PF00741	Gas_vesicle	12	50	58.005157470703125	5.554449417518521e-17	1	39	39	1.0	346
vae_candidate_000533	main_supported_gvpa	PF00741.24	PF00741	Gas_vesicle	12	54	40.00178146362305	2.3463885536318873e-11	1	39	39	1.0	346
vae_candidate_000535	main_supported_gvpa	PF00741.24	PF00741	Gas_vesicle	13	51	57.986785888671875	5.628359552733528e-17	1	39	39	1.0	346
vae_candidate_000536	main_supported_gvpa	PF00741.24	PF00741	Gas_vesicle	12	50	58.59635925292969	3.6299461489022923e-17	1	39	39	1.0	346
vae_candidate_000539	main_supported_gvpa	PF00741.24	PF00741	Gas_vesicle	8	48	52.229827880859375	3.5427175666715317e-15	5	39	39	0.8974358974358975	346
vae_candidate_000540	excluded	PF00741.24	PF00741	Gas_vesicle	9	47	60.0347785949707	1.289489453161033e-17	1	39	39	1.0	346
vae_candidate_000541	excluded	PF00741.24	PF00741	Gas_vesicle	16	48	36.91293716430664	2.1657731993140901e-10	7	39	39	0.8461538461538461	346
vae_candidate_000544	excluded	PF00741.24	PF00741	Gas_vesicle	39	77	54.37089920043945	7.590789634786459e-16	1	39	39	1.0	346
vae_candidate_000545	excluded	PF00741.24	PF00741	Gas_vesicle	12	50	49.2914924621582	2.934391288677838e-14	1	31	39	0.7948717948717948	346
vae_candidate_000546	excluded	PF00741.24	PF00741	Gas_vesicle	9	33	35.621498107910156	5.484871294032733e-10	1	24	39	0.6153846153846154	346
vae_candidate_000547	main_supported_gvpa	PF00741.24	PF00741	Gas_vesicle	11	49	57.32788848876953	9.042248423400213e-17	1	39	39	1.0	346
vae_candidate_000549	excluded	PF00741.24	PF00741	Gas_vesicle	37	71	44.302894592285156	1.0626073500409163e-12	6	39	39	0.8717948717948718	346
vae_candidate_000550	excluded	PF00741.24	PF00741	Gas_vesicle	12	50	57.230857849121094	9.696096153333143e-17	1	39	39	1.0	346
vae_candidate_000551	excluded	PF00741.24	PF00741	Gas_vesicle	12	50	57.97320556640625	5.683625587341243e-17	1	39	39	1.0	346
vae_candidate_000553	excluded	PF00741.24	PF00741	Gas_vesicle	28	64	49.53019332885742	2.4713140006890658e-14	3	39	39	0.9487179487179487	346
vae_candidate_000554	excluded	PF00741.24	PF00741	Gas_vesicle	23	58	41.62297821044922	7.30806851791987e-12	3	39	39	0.9487179487179487	346
vae_candidate_000555	excluded	PF00741.24	PF00741	Gas_vesicle	43	68	29.84351348876953	3.505028944081689e-08	1	25	39	0.6410256410256411	346
vae_candidate_000556	excluded	PF00741.24	PF00741	Gas_vesicle	12	45	49.1579704284668	3.230289638046633e-14	1	33	39	0.8461538461538461	346
vae_candidate_000557	excluded	PF00741.24	PF00741	Gas_vesicle	17	55	57.35116195678711	8.892090180491687e-17	1	39	39	1.0	346
vae_candidate_000559	excluded	PF00741.24	PF00741	Gas_vesicle	17	55	43.67913055419922	1.664519237953357e-12	1	39	39	1.0	346
vae_candidate_000560	excluded	PF00741.24	PF00741	Gas_vesicle	11	57	36.82548522949219	2.3064299373942723e-10	1	36	39	0.9230769230769231	346
vae_candidate_000562	excluded	PF00741.24	PF00741	Gas_vesicle	17	55	58.00902557373047	5.539011892164153e-17	1	39	39	1.0	346
vae_candidate_000567	excluded	PF00741.24	PF00741	Gas_vesicle	10	49	53.08287811279297	1.9176633259860614e-15	1	39	39	1.0	346
vae_candidate_000569	ambiguous_exploration	PF00741.24	PF00741	Gas_vesicle	9	47	57.787540435791016	6.49595130358711e-17	1	39	39	1.0	346
vae_candidate_000570	excluded	PF00741.24	PF00741	Gas_vesicle	8	46	57.9840202331543	5.639570826415723e-17	1	39	39	1.0	346
vae_candidate_000571	excluded	PF00741.24	PF00741	Gas_vesicle	19	47	39.13264083862305	4.385227032400298e-11	1	28	39	0.717948717948718	346
vae_candidate_000572	main_supported_gvpa	PF00741.24	PF00741	Gas_vesicle	9	49	51.843505859375	4.677952514164817e-15	1	39	39	1.0	346
vae_candidate_000574	main_supported_gvpa	PF00741.24	PF00741	Gas_vesicle	12	50	59.85155487060547	1.471201621491813e-17	1	39	39	1.0	346
vae_candidate_000575	excluded	PF00741.24	PF00741	Gas_vesicle	46	83	43.64450454711914	1.706510153826625e-12	5	39	39	0.8974358974358975	346
vae_candidate_000576	excluded	PF00741.24	PF00741	Gas_vesicle	43	81	32.2501220703125	6.203917393904225e-09	1	24	39	0.6153846153846154	346
vae_candidate_000578	excluded	PF00741.24	PF00741	Gas_vesicle	15	60	34.00703811645508	1.7525024615474484e-09	1	39	39	1.0	346
vae_candidate_000579	excluded	PF00741.24	PF00741	Gas_vesicle	9	52	25.630876541137695	7.262252971733569e-07	1	24	39	0.6153846153846154	346
vae_candidate_000580	ambiguous_exploration	PF00741.24	PF00741	Gas_vesicle	10	48	57.99796676635742	5.583261806900394e-17	1	39	39	1.0	346
vae_candidate_000581	excluded	PF00741.24	PF00741	Gas_vesicle	8	46	55.96001052856445	2.419445260298084e-16	1	37	39	0.9487179487179487	346
vae_candidate_000582	main_supported_gvpa	PF00741.24	PF00741	Gas_vesicle	12	50	59.4178581237793	2.0099964742071354e-17	1	39	39	1.0	346
vae_candidate_000583	excluded	PF00741.24	PF00741	Gas_vesicle	20	58	49.265472412109375	2.989846296085007e-14	1	39	39	1.0	346
vae_candidate_000584	excluded	PF00741.24	PF00741	Gas_vesicle	17	54	49.55207061767578	2.432717260990035e-14	1	39	39	1.0	346
vae_candidate_000586	excluded	PF00741.24	PF00741	Gas_vesicle	8	46	56.50090789794922	1.639435248896267e-16	1	39	39	1.0	346
vae_candidate_000588	main_supported_gvpa	PF00741.24	PF00741	Gas_vesicle	18	56	53.194801330566406	1.7692866390251734e-15	2	39	39	0.9743589743589743	346
vae_candidate_000589	excluded	PF00741.24	PF00741	Gas_vesicle	26	64	48.60470199584961	4.809819185431412e-14	2	38	39	0.9487179487179487	346
vae_candidate_000590	excluded	PF00741.24	PF00741	Gas_vesicle	9	47	58.30116271972656	4.488944583166192e-17	1	39	39	1.0	346
vae_candidate_000591	main_supported_gvpa	PF00741.24	PF00741	Gas_vesicle	13	52	50.69573211669922	1.0683565747931534e-14	1	39	39	1.0	346
vae_candidate_000593	main_supported_gvpa	PF00741.24	PF00741	Gas_vesicle	12	50	49.71368408203125	2.1656590615256457e-14	1	39	39	1.0	346
vae_candidate_000594	excluded	PF00741.24	PF00741	Gas_vesicle	109	147	54.380836486816406	7.536708484388171e-16	1	39	39	1.0	346
vae_candidate_000597	excluded	PF00741.24	PF00741	Gas_vesicle	10	48	60.55146408081055	8.891234764871181e-18	1	39	39	1.0	346
vae_candidate_000598	main_supported_gvpa	PF00741.24	PF00741	Gas_vesicle	13	51	58.135475158691406	5.057301922059804e-17	1	39	39	1.0	346
vae_candidate_000599	excluded	PF00741.24	PF00741	Gas_vesicle	12	39	25.502534866333008	7.964821286386525e-07	1	23	39	0.5897435897435898	346
vae_candidate_000599	excluded	PF00741.24	PF00741	Gas_vesicle	36	70	38.446781158447266	7.183100667537389e-11	9	39	39	0.7948717948717948	346
vae_candidate_000601	ambiguous_exploration	PF00741.24	PF00741	Gas_vesicle	13	51	53.948856353759766	1.0284150048358595e-15	1	39	39	1.0	346
vae_candidate_000602	excluded	PF00741.24	PF00741	Gas_vesicle	8	32	25.123769760131836	1.0460053409108384e-06	2	24	39	0.5897435897435898	346
vae_candidate_000607	ambiguous_exploration	PF00741.24	PF00741	Gas_vesicle	25	63	41.58838653564453	7.492244472040873e-12	1	37	39	0.9487179487179487	346
vae_candidate_000608	excluded	PF00741.24	PF00741	Gas_vesicle	20	42	28.54678726196289	8.91040057010777e-08	3	24	39	0.5641025641025641	346
vae_candidate_000608	excluded	PF00741.24	PF00741	Gas_vesicle	43	67	25.1144962310791	1.0530081374921976e-06	15	39	39	0.6410256410256411	346
vae_candidate_000611	excluded	PF00741.24	PF00741	Gas_vesicle	12	50	57.233497619628906	9.677697181151596e-17	1	39	39	1.0	346
vae_candidate_000612	excluded	PF00741.24	PF00741	Gas_vesicle	140	179	45.74008560180664	3.778107069580117e-13	1	39	39	1.0	346
vae_candidate_000615	excluded	PF00741.24	PF00741	Gas_vesicle	19	56	32.71149826049805	4.451368364000556e-09	1	39	39	1.0	346
vae_candidate_000618	main_supported_gvpa	PF00741.24	PF00741	Gas_vesicle	13	51	58.36577606201172	4.285027734158979e-17	1	39	39	1.0	346
vae_candidate_000619	excluded	PF00741.24	PF00741	Gas_vesicle	16	54	49.56930923461914	2.4027293438876423e-14	1	39	39	1.0	346
vae_candidate_000620	main_supported_gvpa	PF00741.24	PF00741	Gas_vesicle	9	47	56.19404983520508	2.044477646046348e-16	1	39	39	1.0	346
vae_candidate_000621	ambiguous_exploration	PF00741.24	PF00741	Gas_vesicle	10	50	44.106170654296875	1.2241814965051865e-12	1	39	39	1.0	346
vae_candidate_000622	excluded	PF00741.24	PF00741	Gas_vesicle	10	50	42.54436492919922	3.766035540527655e-12	3	34	39	0.8205128205128205	346
vae_candidate_000623	main_supported_gvpa	PF00741.24	PF00741	Gas_vesicle	10	48	59.96089172363281	1.3598976600412883e-17	1	39	39	1.0	346
vae_candidate_000624	excluded	PF00741.24	PF00741	Gas_vesicle	12	50	35.30683517456055	6.878495107308171e-10	1	33	39	0.8461538461538461	346
vae_candidate_000625	excluded	PF00741.24	PF00741	Gas_vesicle	24	57	49.321533203125	2.8716452439727166e-14	1	33	39	0.8461538461538461	346
vae_candidate_000625	excluded	PF00741.24	PF00741	Gas_vesicle	55	78	27.26255226135254	2.2449131569007507e-07	16	39	39	0.6153846153846154	346
vae_candidate_000627	main_supported_gvpa	PF00741.24	PF00741	Gas_vesicle	12	50	59.267974853515625	2.2388827620225456e-17	1	39	39	1.0	346
vae_candidate_000630	excluded	PF00741.24	PF00741	Gas_vesicle	41	72	41.39584732055664	8.605523167787261e-12	9	39	39	0.7948717948717948	346
vae_candidate_000631	excluded	PF00741.24	PF00741	Gas_vesicle	19	57	40.24264144897461	1.973036625635427e-11	1	39	39	1.0	346
vae_candidate_000633	main_supported_gvpa	PF00741.24	PF00741	Gas_vesicle	9	47	58.53520965576172	3.7932234405965544e-17	1	39	39	1.0	346
vae_candidate_000634	excluded	PF00741.24	PF00741	Gas_vesicle	14	53	45.01050567626953	6.386398133815378e-13	1	39	39	1.0	346
vae_candidate_000635	main_supported_gvpa	PF00741.24	PF00741	Gas_vesicle	13	51	57.79922103881836	6.441585331375423e-17	1	39	39	1.0	346
vae_candidate_000636	excluded	PF00741.24	PF00741	Gas_vesicle	20	63	35.818050384521484	4.761536163719785e-10	1	30	39	0.7692307692307693	346
vae_candidate_000638	main_supported_gvpa	PF00741.24	PF00741	Gas_vesicle	11	49	56.43059539794922	1.7245102035417151e-16	1	39	39	1.0	346
vae_candidate_000639	ambiguous_exploration	PF00741.24	PF00741	Gas_vesicle	8	50	44.04397964477539	1.2802048805280829e-12	1	39	39	1.0	346
vae_candidate_000640	excluded	PF00741.24	PF00741	Gas_vesicle	11	49	57.8350944519043	6.277444946769047e-17	1	37	39	0.9487179487179487	346
vae_candidate_000644	excluded	PF00741.24	PF00741	Gas_vesicle	8	50	38.72145462036133	5.894962047240698e-11	5	39	39	0.8974358974358975	346
vae_candidate_000647	excluded	PF00741.24	PF00741	Gas_vesicle	13	51	53.779361724853516	1.1618035213909835e-15	1	39	39	1.0	346
vae_candidate_000648	excluded	PF00741.24	PF00741	Gas_vesicle	38	75	47.21856689453125	1.3039867330744387e-13	3	39	39	0.9487179487179487	346
vae_candidate_000651	excluded	PF00741.24	PF00741	Gas_vesicle	17	50	26.45722770690918	4.0072849375073086e-07	5	39	39	0.8974358974358975	346
vae_candidate_000652	main_supported_gvpa	PF00741.24	PF00741	Gas_vesicle	11	49	60.87795639038086	7.029729280214091e-18	1	39	39	1.0	346
vae_candidate_000653	excluded	PF00741.24	PF00741	Gas_vesicle	13	51	52.17420959472656	3.687366709959906e-15	1	39	39	1.0	346
vae_candidate_000657	excluded	PF00741.24	PF00741	Gas_vesicle	12	50	60.041419982910156	1.28334218373147e-17	1	39	39	1.0	346
vae_candidate_000658	excluded	PF00741.24	PF00741	Gas_vesicle	15	53	57.206031799316406	9.870852126878788e-17	1	39	39	1.0	346
vae_candidate_000660	excluded	PF00741.24	PF00741	Gas_vesicle	19	53	36.715179443359375	2.4969451972893955e-10	7	37	39	0.7948717948717948	346
vae_candidate_000665	excluded	PF00741.24	PF00741	Gas_vesicle	67	105	50.52981185913086	1.2038256116299042e-14	1	39	39	1.0	346
vae_candidate_000666	main_supported_gvpa	PF00741.24	PF00741	Gas_vesicle	12	50	59.57965087890625	1.7891127904318722e-17	1	39	39	1.0	346
vae_candidate_000668	excluded	PF00741.24	PF00741	Gas_vesicle	20	46	36.6135368347168	2.686399847682342e-10	1	25	39	0.6410256410256411	346
vae_candidate_000672	main_supported_gvpa	PF00741.24	PF00741	Gas_vesicle	19	58	35.678184509277344	5.265660719007295e-10	4	39	39	0.9230769230769231	346
vae_candidate_000675	excluded	PF00741.24	PF00741	Gas_vesicle	18	56	59.19707107543945	2.356066895259721e-17	1	39	39	1.0	346
vae_candidate_000676	excluded	PF00741.24	PF00741	Gas_vesicle	30	70	50.050045013427734	1.7001327280338242e-14	1	39	39	1.0	346
vae_candidate_000677	excluded	PF00741.24	PF00741	Gas_vesicle	30	65	36.780677795410156	2.382000524555595e-10	6	39	39	0.8717948717948718	346
vae_candidate_000679	excluded	PF00741.24	PF00741	Gas_vesicle	13	51	60.473209381103516	9.406225459341128e-18	1	39	39	1.0	346
vae_candidate_000681	excluded	PF00741.24	PF00741	Gas_vesicle	12	49	55.020965576171875	4.755015145728919e-16	1	38	39	0.9743589743589743	346
vae_candidate_000683	excluded	PF00741.24	PF00741	Gas_vesicle	10	48	57.02967834472656	1.12062988508482e-16	1	39	39	1.0	346
vae_candidate_000684	excluded	PF00741.24	PF00741	Gas_vesicle	45	83	49.22039031982422	3.088419421316033e-14	1	39	39	1.0	346
vae_candidate_000685	main_supported_gvpa	PF00741.24	PF00741	Gas_vesicle	22	60	54.37142562866211	7.587914973193091e-16	1	39	39	1.0	346
vae_candidate_000687	main_supported_gvpa	PF00741.24	PF00741	Gas_vesicle	12	53	31.745180130004883	8.92179126959622e-09	1	39	39	1.0	346
vae_candidate_000688	excluded	PF00741.24	PF00741	Gas_vesicle	9	28	30.737899780273438	1.8416648609514214e-08	1	18	39	0.46153846153846156	346
vae_candidate_000690	excluded	PF00741.24	PF00741	Gas_vesicle	10	47	42.97442626953125	2.7637408528620948e-12	1	30	39	0.7692307692307693	346
vae_candidate_000691	excluded	PF00741.24	PF00741	Gas_vesicle	12	50	47.826454162597656	8.420122289469568e-14	1	38	39	0.9743589743589743	346
vae_candidate_000693	excluded	PF00741.24	PF00741	Gas_vesicle	29	65	53.011295318603516	2.0190208724373436e-15	1	36	39	0.9230769230769231	346
vae_candidate_000694	excluded	PF00741.24	PF00741	Gas_vesicle	12	50	58.676231384277344	3.4272158272143784e-17	1	39	39	1.0	346
vae_candidate_000694	excluded	PF00741.24	PF00741	Gas_vesicle	70	106	52.76142501831055	2.4166912412877358e-15	1	36	39	0.9230769230769231	346
vae_candidate_000696	main_supported_gvpa	PF00741.24	PF00741	Gas_vesicle	19	57	58.30034637451172	4.4915820590826976e-17	1	39	39	1.0	346
vae_candidate_000698	excluded	PF00741.24	PF00741	Gas_vesicle	18	48	25.987382888793945	5.619129000691766e-07	8	33	39	0.6666666666666666	346
vae_candidate_000700	excluded	PF00741.24	PF00741	Gas_vesicle	12	50	56.136810302734375	2.1304374067218552e-16	1	39	39	1.0	346
vae_candidate_000700	excluded	PF00741.24	PF00741	Gas_vesicle	89	119	28.22930145263672	1.119711973518449e-07	9	39	39	0.7948717948717948	346
vae_candidate_000701	main_supported_gvpa	PF00741.24	PF00741	Gas_vesicle	22	63	43.92670822143555	1.3929158159892767e-12	3	39	39	0.9487179487179487	346
vae_candidate_000702	excluded	PF00741.24	PF00741	Gas_vesicle	47	79	30.733299255371094	1.8477711848082066e-08	8	39	39	0.8205128205128205	346
vae_candidate_000703	excluded	PF00741.24	PF00741	Gas_vesicle	12	52	51.506141662597656	5.963161508699752e-15	1	39	39	1.0	346
vae_candidate_000704	ambiguous_exploration	PF00741.24	PF00741	Gas_vesicle	11	49	49.6768684387207	2.2237930571397982e-14	2	39	39	0.9743589743589743	346
vae_candidate_000707	excluded	PF00741.24	PF00741	Gas_vesicle	59	97	55.49110794067383	3.390315754227432e-16	1	39	39	1.0	346
vae_candidate_000708	excluded	PF00741.24	PF00741	Gas_vesicle	23	61	41.47431945800781	8.133098381771996e-12	5	36	39	0.8205128205128205	346
vae_candidate_000712	excluded	PF00741.24	PF00741	Gas_vesicle	14	46	26.33393096923828	4.379035104728936e-07	9	39	39	0.7948717948717948	346
vae_candidate_000713	excluded	PF00741.24	PF00741	Gas_vesicle	25	59	35.6004753112793	5.568467884215878e-10	9	39	39	0.7948717948717948	346
vae_candidate_000715	main_supported_gvpa	PF00741.24	PF00741	Gas_vesicle	16	54	57.17287063598633	1.0109204081819815e-16	1	39	39	1.0	346
vae_candidate_000717	excluded	PF00741.24	PF00741	Gas_vesicle	13	54	39.083980560302734	4.5414822311208e-11	5	39	39	0.8974358974358975	346
vae_candidate_000718	ambiguous_exploration	PF00741.24	PF00741	Gas_vesicle	29	67	57.228275299072266	9.714130153893993e-17	1	39	39	1.0	346
vae_candidate_000721	excluded	PF00741.24	PF00741	Gas_vesicle	31	66	40.06071472167969	2.2489730823073813e-11	1	28	39	0.717948717948718	346
vae_candidate_000722	excluded	PF00741.24	PF00741	Gas_vesicle	17	55	43.982078552246094	1.3385128717072046e-12	1	39	39	1.0	346
vae_candidate_000724	excluded	PF00741.24	PF00741	Gas_vesicle	50	88	58.12857437133789	5.082475156358331e-17	1	39	39	1.0	346
vae_candidate_000725	excluded	PF00741.24	PF00741	Gas_vesicle	12	50	54.783687591552734	5.640237250142942e-16	1	39	39	1.0	346
vae_candidate_000727	ambiguous_exploration	PF00741.24	PF00741	Gas_vesicle	14	53	43.26056671142578	2.2494851786154933e-12	1	39	39	1.0	346
vae_candidate_000731	main_supported_gvpa	PF00741.24	PF00741	Gas_vesicle	18	56	59.086612701416016	2.5509623119914427e-17	1	39	39	1.0	346
vae_candidate_000733	excluded	PF00741.24	PF00741	Gas_vesicle	12	54	42.62026596069336	3.5658789001323415e-12	1	39	39	1.0	346
vae_candidate_000737	ambiguous_exploration	PF00741.24	PF00741	Gas_vesicle	14	52	56.778472900390625	1.342640582808382e-16	1	39	39	1.0	346
vae_candidate_000738	excluded	PF00741.24	PF00741	Gas_vesicle	8	36	39.24250411987305	4.051927014972945e-11	1	28	39	0.717948717948718	346
vae_candidate_000739	excluded	PF00741.24	PF00741	Gas_vesicle	61	98	27.171228408813477	2.3973792785346606e-07	5	34	39	0.7692307692307693	346
vae_candidate_000743	excluded	PF00741.24	PF00741	Gas_vesicle	12	50	55.96529006958008	2.410271863088827e-16	1	39	39	1.0	346
vae_candidate_000744	main_supported_gvpa	PF00741.24	PF00741	Gas_vesicle	8	46	43.22384262084961	2.309717210132528e-12	1	39	39	1.0	346
vae_candidate_000746	excluded	PF00741.24	PF00741	Gas_vesicle	10	38	35.80574035644531	4.803897899264594e-10	1	28	39	0.717948717948718	346
vae_candidate_000747	excluded	PF00741.24	PF00741	Gas_vesicle	14	48	41.82594299316406	6.315088685150937e-12	1	36	39	0.9230769230769231	346
vae_candidate_000750	main_supported_gvpa	PF00741.24	PF00741	Gas_vesicle	14	52	57.726375579833984	6.788217861538458e-17	1	39	39	1.0	346
vae_candidate_000751	excluded	PF00741.24	PF00741	Gas_vesicle	119	163	45.54854202270508	4.3363914528718533e-13	5	39	39	0.8974358974358975	346
vae_candidate_000752	main_supported_gvpa	PF00741.24	PF00741	Gas_vesicle	12	50	59.07238006591797	2.5772200827986578e-17	1	39	39	1.0	346
vae_candidate_000753	excluded	PF00741.24	PF00741	Gas_vesicle	9	39	26.09300994873047	5.207895766112747e-07	9	34	39	0.6666666666666666	346
vae_candidate_000755	excluded	PF00741.24	PF00741	Gas_vesicle	18	56	43.46358871459961	1.9437575755551618e-12	1	29	39	0.7435897435897436	346
vae_candidate_000756	excluded	PF00741.24	PF00741	Gas_vesicle	13	51	54.79292297363281	5.602881888924653e-16	1	39	39	1.0	346
vae_candidate_000757	excluded	PF00741.24	PF00741	Gas_vesicle	42	65	26.306135177612305	4.467495816540985e-07	9	30	39	0.5641025641025641	346
vae_candidate_000758	ambiguous_exploration	PF00741.24	PF00741	Gas_vesicle	18	56	48.587989807128906	4.868005211066246e-14	1	39	39	1.0	346
vae_candidate_000763	excluded	PF00741.24	PF00741	Gas_vesicle	73	107	42.870025634765625	2.979345022902689e-12	2	31	39	0.7692307692307693	346
vae_candidate_000764	excluded	PF00741.24	PF00741	Gas_vesicle	11	49	58.376617431640625	4.2517320556987e-17	1	39	39	1.0	346
vae_candidate_000765	excluded	PF00741.24	PF00741	Gas_vesicle	57	95	51.3943977355957	6.462413030835096e-15	1	39	39	1.0	346
vae_candidate_000767	excluded	PF00741.24	PF00741	Gas_vesicle	19	57	47.94097137451172	7.754140281894024e-14	1	39	39	1.0	346
vae_candidate_000768	excluded	PF00741.24	PF00741	Gas_vesicle	13	49	44.98484420776367	6.505411547250569e-13	1	29	39	0.7435897435897436	346
vae_candidate_000772	main_supported_gvpa	PF00741.24	PF00741	Gas_vesicle	13	51	58.10807800292969	5.157984615843137e-17	1	39	39	1.0	346
vae_candidate_000775	excluded	PF00741.24	PF00741	Gas_vesicle	10	53	45.36224365234375	4.958423949663811e-13	1	39	39	1.0	346
vae_candidate_000777	excluded	PF00741.24	PF00741	Gas_vesicle	12	41	31.57034683227539	1.0117765013856028e-08	1	30	39	0.7692307692307693	346
vae_candidate_000777	excluded	PF00741.24	PF00741	Gas_vesicle	39	70	42.1978759765625	4.832329208336915e-12	9	39	39	0.7948717948717948	346
vae_candidate_000779	ambiguous_exploration	PF00741.24	PF00741	Gas_vesicle	24	61	49.2429084777832	3.038783228469524e-14	5	39	39	0.8974358974358975	346
vae_candidate_000780	main_supported_gvpa	PF00741.24	PF00741	Gas_vesicle	9	47	60.10715866088867	1.2240529760386287e-17	1	39	39	1.0	346
vae_candidate_000784	excluded	PF00741.24	PF00741	Gas_vesicle	30	59	34.60773468017578	1.137498518389624e-09	6	32	39	0.6923076923076923	346
vae_candidate_000784	excluded	PF00741.24	PF00741	Gas_vesicle	56	89	39.84537887573242	2.6258696756566926e-11	8	39	39	0.8205128205128205	346
vae_candidate_000785	main_supported_gvpa	PF00741.24	PF00741	Gas_vesicle	9	48	41.47514343261719	8.128277971803723e-12	2	39	39	0.9743589743589743	346
vae_candidate_000786	ambiguous_exploration	PF00741.24	PF00741	Gas_vesicle	10	48	57.87235641479492	6.111378219315376e-17	1	39	39	1.0	346
vae_candidate_000788	excluded	PF00741.24	PF00741	Gas_vesicle	11	53	46.980525970458984	1.5475940337037734e-13	1	39	39	1.0	346
vae_candidate_000790	excluded	PF00741.24	PF00741	Gas_vesicle	34	67	25.072649002075195	1.0851962846145574e-06	9	33	39	0.6410256410256411	346
vae_candidate_000792	main_supported_gvpa	PF00741.24	PF00741	Gas_vesicle	12	50	59.212467193603516	2.3301108567202487e-17	1	39	39	1.0	346
vae_candidate_000793	excluded	PF00741.24	PF00741	Gas_vesicle	13	51	60.09327697753906	1.236340260302958e-17	1	39	39	1.0	346
vae_candidate_000794	excluded	PF00741.24	PF00741	Gas_vesicle	24	62	59.653892517089844	1.6960491343727005e-17	1	39	39	1.0	346
vae_candidate_000795	excluded	PF00741.24	PF00741	Gas_vesicle	18	34	26.833005905151367	3.057917167775848e-07	1	17	39	0.4358974358974359	346
vae_candidate_000795	excluded	PF00741.24	PF00741	Gas_vesicle	32	62	31.02422332763672	1.4987845314263406e-08	5	31	39	0.6923076923076923	346
vae_candidate_000797	excluded	PF00741.24	PF00741	Gas_vesicle	12	40	32.20844650268555	6.39276788559046e-09	1	24	39	0.6153846153846154	346
vae_candidate_000798	excluded	PF00741.24	PF00741	Gas_vesicle	10	47	50.22045135498047	1.503950867471254e-14	1	36	39	0.9230769230769231	346
vae_candidate_000799	excluded	PF00741.24	PF00741	Gas_vesicle	21	59	53.870277404785156	1.0882358621446908e-15	3	39	39	0.9487179487179487	346
vae_candidate_000800	excluded	PF00741.24	PF00741	Gas_vesicle	9	47	65.48672485351562	2.551374745080967e-19	1	39	39	1.0	346
vae_candidate_000801	excluded	PF00741.24	PF00741	Gas_vesicle	14	52	58.24028015136719	4.6899589916011916e-17	1	39	39	1.0	346
vae_candidate_000803	excluded	PF00741.24	PF00741	Gas_vesicle	21	55	33.50614929199219	2.5129170706346945e-09	1	29	39	0.7435897435897436	346
vae_candidate_000805	excluded	PF00741.24	PF00741	Gas_vesicle	12	50	48.494747161865234	5.205804177963271e-14	1	39	39	1.0	346
vae_candidate_000807	excluded	PF00741.24	PF00741	Gas_vesicle	23	61	49.94596481323242	1.8323404903162137e-14	1	39	39	1.0	346
vae_candidate_000808	excluded	PF00741.24	PF00741	Gas_vesicle	14	48	32.44530487060547	5.3910652887721624e-09	1	30	39	0.7692307692307693	346
vae_candidate_000809	excluded	PF00741.24	PF00741	Gas_vesicle	24	62	63.71565246582031	9.124419544112982e-19	1	39	39	1.0	346
vae_candidate_000811	excluded	PF00741.24	PF00741	Gas_vesicle	9	42	33.525291442871094	2.4785435216359047e-09	1	38	39	0.9743589743589743	346
vae_candidate_000812	main_supported_gvpa	PF00741.24	PF00741	Gas_vesicle	12	50	53.687461853027344	1.241223207225105e-15	1	39	39	1.0	346
vae_candidate_000813	excluded	PF00741.24	PF00741	Gas_vesicle	118	156	55.43214797973633	3.5372370547179215e-16	1	39	39	1.0	346
vae_candidate_000815	excluded	PF00741.24	PF00741	Gas_vesicle	20	58	55.92831039428711	2.475264260802488e-16	1	39	39	1.0	346
vae_candidate_000816	excluded	PF00741.24	PF00741	Gas_vesicle	36	74	39.89070510864258	2.5416132477239884e-11	2	39	39	0.9743589743589743	346
vae_candidate_000817	ambiguous_exploration	PF00741.24	PF00741	Gas_vesicle	8	46	49.72896194458008	2.141982933184127e-14	2	39	39	0.9743589743589743	346
vae_candidate_000818	main_supported_gvpa	PF00741.24	PF00741	Gas_vesicle	29	67	46.165645599365234	2.7815941291005577e-13	2	39	39	0.9743589743589743	346
vae_candidate_000819	excluded	PF00741.24	PF00741	Gas_vesicle	13	51	54.60547637939453	6.411880879169602e-16	1	39	39	1.0	346
vae_candidate_000822	excluded	PF00741.24	PF00741	Gas_vesicle	13	39	33.5314826965332	2.4675268342078155e-09	1	26	39	0.6666666666666666	346
vae_candidate_000822	excluded	PF00741.24	PF00741	Gas_vesicle	38	69	38.89459228515625	5.204491943461098e-11	9	39	39	0.7948717948717948	346
vae_candidate_000825	excluded	PF00741.24	PF00741	Gas_vesicle	11	44	27.747861862182617	1.583245551623455e-07	1	26	39	0.6666666666666666	346
vae_candidate_000828	excluded	PF00741.24	PF00741	Gas_vesicle	13	51	44.33198928833008	1.0405937223542378e-12	1	39	39	1.0	346
vae_candidate_000830	excluded	PF00741.24	PF00741	Gas_vesicle	12	50	59.670860290527344	1.6754685471578108e-17	1	39	39	1.0	346
vae_candidate_000833	excluded	PF00741.24	PF00741	Gas_vesicle	20	56	32.1452522277832	6.690153887533714e-09	1	36	39	0.9230769230769231	346
vae_candidate_000834	excluded	PF00741.24	PF00741	Gas_vesicle	12	51	49.57413864135742	2.3943946979903345e-14	1	39	39	1.0	346
vae_candidate_000834	excluded	PF00741.24	PF00741	Gas_vesicle	62	93	40.07211685180664	2.2305978502157882e-11	9	39	39	0.7948717948717948	346
vae_candidate_000835	excluded	PF00741.24	PF00741	Gas_vesicle	23	61	44.16389083862305	1.1743815036057273e-12	2	39	39	0.9743589743589743	346
vae_candidate_000836	main_supported_gvpa	PF00741.24	PF00741	Gas_vesicle	11	49	57.189205169677734	9.991085854143378e-17	1	39	39	1.0	346
vae_candidate_000837	excluded	PF00741.24	PF00741	Gas_vesicle	39	75	53.83857727050781	1.1133425422315477e-15	1	36	39	0.9230769230769231	346
vae_candidate_000838	excluded	PF00741.24	PF00741	Gas_vesicle	12	50	56.763702392578125	1.3569858243376085e-16	1	39	39	1.0	346
vae_candidate_000839	main_supported_gvpa	PF00741.24	PF00741	Gas_vesicle	12	50	59.123451232910156	2.484234604964032e-17	1	39	39	1.0	346
vae_candidate_000840	excluded	PF00741.24	PF00741	Gas_vesicle	15	40	26.5108699798584	3.85556381674858e-07	14	39	39	0.6666666666666666	346
vae_candidate_000841	main_supported_gvpa	PF00741.24	PF00741	Gas_vesicle	13	51	59.89714813232422	1.4237215227964452e-17	1	39	39	1.0	346
vae_candidate_000843	main_supported_gvpa	PF00741.24	PF00741	Gas_vesicle	11	49	56.37712478637695	1.7921504063992267e-16	1	39	39	1.0	346
vae_candidate_000845	excluded	PF00741.24	PF00741	Gas_vesicle	12	50	56.29616165161133	1.8996522359279023e-16	1	39	39	1.0	346
vae_candidate_000847	excluded	PF00741.24	PF00741	Gas_vesicle	38	76	57.232364654541016	9.685589569348546e-17	1	39	39	1.0	346
vae_candidate_000849	excluded	PF00741.24	PF00741	Gas_vesicle	18	42	33.94935989379883	1.8267626886957126e-09	1	25	39	0.6410256410256411	346
vae_candidate_000849	excluded	PF00741.24	PF00741	Gas_vesicle	41	66	27.20728874206543	2.335976589845195e-07	14	39	39	0.6666666666666666	346
vae_candidate_000850	excluded	PF00741.24	PF00741	Gas_vesicle	11	49	57.482242584228516	8.0917660556452e-17	1	39	39	1.0	346
vae_candidate_000857	main_supported_gvpa	PF00741.24	PF00741	Gas_vesicle	11	49	59.99557113647461	1.3263846289213642e-17	1	39	39	1.0	346
vae_candidate_000858	excluded	PF00741.24	PF00741	Gas_vesicle	27	62	37.229949951171875	1.7240572888064168e-10	7	39	39	0.8461538461538461	346
vae_candidate_000859	ambiguous_exploration	PF00741.24	PF00741	Gas_vesicle	28	66	42.06591796875	5.313628904617032e-12	2	39	39	0.9743589743589743	346
vae_candidate_000860	excluded	PF00741.24	PF00741	Gas_vesicle	12	50	58.28913497924805	4.527961391248801e-17	1	39	39	1.0	346
vae_candidate_000861	excluded	PF00741.24	PF00741	Gas_vesicle	19	51	28.28338623046875	1.0769752397140009e-07	1	28	39	0.717948717948718	346
vae_candidate_000862	excluded	PF00741.24	PF00741	Gas_vesicle	9	37	36.963348388671875	2.0886241564507245e-10	1	28	39	0.717948717948718	346
vae_candidate_000864	ambiguous_exploration	PF00741.24	PF00741	Gas_vesicle	12	49	36.83280563354492	2.2943135005696518e-10	1	39	39	1.0	346
vae_candidate_000872	main_supported_gvpa	PF00741.24	PF00741	Gas_vesicle	12	44	46.86503982543945	1.6816846798179128e-13	7	39	39	0.8461538461538461	346
vae_candidate_000874	excluded	PF00741.24	PF00741	Gas_vesicle	12	55	41.65868377685547	7.1227091100829814e-12	1	29	39	0.7435897435897436	346
vae_candidate_000876	main_supported_gvpa	PF00741.24	PF00741	Gas_vesicle	11	49	58.84515380859375	3.034980990997507e-17	1	39	39	1.0	346
vae_candidate_000877	excluded	PF00741.24	PF00741	Gas_vesicle	19	61	29.924585342407227	3.3064197599429584e-08	1	29	39	0.7435897435897436	346
vae_candidate_000881	main_supported_gvpa	PF00741.24	PF00741	Gas_vesicle	10	48	54.43429946899414	7.252294218166702e-16	1	39	39	1.0	346
vae_candidate_000882	excluded	PF00741.24	PF00741	Gas_vesicle	19	57	43.796627044677734	1.5295831757390948e-12	1	39	39	1.0	346
vae_candidate_000883	main_supported_gvpa	PF00741.24	PF00741	Gas_vesicle	5	44	43.501007080078125	1.8921234804682788e-12	2	39	39	0.9743589743589743	346
vae_candidate_000884	ambiguous_exploration	PF00741.24	PF00741	Gas_vesicle	14	52	58.897735595703125	2.9223015714246487e-17	1	39	39	1.0	346
vae_candidate_000885	excluded	PF00741.24	PF00741	Gas_vesicle	9	33	27.480119705200195	1.919611297396344e-07	1	24	39	0.6153846153846154	346
vae_candidate_000887	excluded	PF00741.24	PF00741	Gas_vesicle	8	46	60.32612991333008	1.0456234126075778e-17	1	39	39	1.0	346
vae_candidate_000888	excluded	PF00741.24	PF00741	Gas_vesicle	11	45	37.22998809814453	1.7240099683783514e-10	8	39	39	0.8205128205128205	346
vae_candidate_000890	excluded	PF00741.24	PF00741	Gas_vesicle	30	65	34.914100646972656	9.124656274623308e-10	1	29	39	0.7435897435897436	346
vae_candidate_000891	excluded	PF00741.24	PF00741	Gas_vesicle	24	58	40.588233947753906	1.5386618113077187e-11	5	39	39	0.8974358974358975	346
vae_candidate_000894	main_supported_gvpa	PF00741.24	PF00741	Gas_vesicle	17	55	41.51848602294922	7.878702477699426e-12	1	39	39	1.0	346
vae_candidate_000895	main_supported_gvpa	PF00741.24	PF00741	Gas_vesicle	11	49	52.174617767333984	3.686283932346749e-15	2	39	39	0.9743589743589743	346
vae_candidate_000896	ambiguous_exploration	PF00741.24	PF00741	Gas_vesicle	12	50	57.69068145751953	6.96481521154276e-17	1	39	39	1.0	346
vae_candidate_000897	excluded	PF00741.24	PF00741	Gas_vesicle	12	46	49.12052917480469	3.318495555366585e-14	1	32	39	0.8205128205128205	346
vae_candidate_000898	excluded	PF00741.24	PF00741	Gas_vesicle	9	26	25.69397735595703	6.939903092592677e-07	1	17	39	0.4358974358974359	346
vae_candidate_000898	excluded	PF00741.24	PF00741	Gas_vesicle	27	58	41.080562591552734	1.0796887364165032e-11	9	39	39	0.7948717948717948	346
vae_candidate_000900	main_supported_gvpa	PF00741.24	PF00741	Gas_vesicle	8	46	57.701473236083984	6.910943541129337e-17	1	39	39	1.0	346
vae_candidate_000901	excluded	PF00741.24	PF00741	Gas_vesicle	18	57	37.36264419555664	1.5670646861095102e-10	2	39	39	0.9743589743589743	346
vae_candidate_000902	excluded	PF00741.24	PF00741	Gas_vesicle	44	79	45.201087951660156	5.568037642588667e-13	5	39	39	0.8974358974358975	346
vae_candidate_000903	main_supported_gvpa	PF00741.24	PF00741	Gas_vesicle	12	50	59.89714813232422	1.4237215227964452e-17	1	39	39	1.0	346
vae_candidate_000904	excluded	PF00741.24	PF00741	Gas_vesicle	9	47	59.038352966308594	2.641097389224922e-17	1	39	39	1.0	346
vae_candidate_000905	main_supported_gvpa	PF00741.24	PF00741	Gas_vesicle	12	50	58.468170166015625	3.9806790546269086e-17	1	39	39	1.0	346
vae_candidate_000906	excluded	PF00741.24	PF00741	Gas_vesicle	11	48	43.02598190307617	2.6630972774989662e-12	2	39	39	0.9743589743589743	346
vae_candidate_000908	main_supported_gvpa	PF00741.24	PF00741	Gas_vesicle	14	52	54.97649002075195	4.909641533168785e-16	1	39	39	1.0	346
vae_candidate_000909	ambiguous_exploration	PF00741.24	PF00741	Gas_vesicle	13	51	58.71071243286133	3.343233378969171e-17	1	39	39	1.0	346
vae_candidate_000912	main_supported_gvpa	PF00741.24	PF00741	Gas_vesicle	12	50	59.14235305786133	2.4506771288159943e-17	1	39	39	1.0	346
vae_candidate_000913	main_supported_gvpa	PF00741.24	PF00741	Gas_vesicle	12	49	45.356224060058594	4.979946535005833e-13	1	39	39	1.0	346
vae_candidate_000914	main_supported_gvpa	PF00741.24	PF00741	Gas_vesicle	12	51	49.21418762207031	3.1022337323122645e-14	1	39	39	1.0	346
vae_candidate_000915	excluded	PF00741.24	PF00741	Gas_vesicle	12	50	53.3936882019043	1.5333783303747133e-15	1	39	39	1.0	346
vae_candidate_000916	excluded	PF00741.24	PF00741	Gas_vesicle	12	50	55.43556213378906	3.5285583121022794e-16	1	39	39	1.0	346
vae_candidate_000919	excluded	PF00741.24	PF00741	Gas_vesicle	13	50	41.32387924194336	9.062877694054283e-12	1	39	39	1.0	346
vae_candidate_000920	excluded	PF00741.24	PF00741	Gas_vesicle	19	47	30.473966598510742	2.2268213700171215e-08	1	28	39	0.717948717948718	346
vae_candidate_000921	main_supported_gvpa	PF00741.24	PF00741	Gas_vesicle	9	47	52.71014404296875	2.5075270663134267e-15	1	39	39	1.0	346
vae_candidate_000922	excluded	PF00741.24	PF00741	Gas_vesicle	16	54	55.068904876708984	4.593795538144547e-16	1	39	39	1.0	346
vae_candidate_000926	main_supported_gvpa	PF00741.24	PF00741	Gas_vesicle	11	49	57.90715789794922	5.960247179833391e-17	1	39	39	1.0	346
vae_candidate_000927	main_supported_gvpa	PF00741.24	PF00741	Gas_vesicle	12	50	58.79076385498047	3.1561086193645765e-17	1	39	39	1.0	346
vae_candidate_000928	excluded	PF00741.24	PF00741	Gas_vesicle	21	55	39.39561462402344	3.6292517891607265e-11	7	39	39	0.8461538461538461	346
vae_candidate_000929	excluded	PF00741.24	PF00741	Gas_vesicle	14	52	46.648101806640625	1.9657764632297423e-13	1	39	39	1.0	346
vae_candidate_000932	excluded	PF00741.24	PF00741	Gas_vesicle	22	49	29.018831253051758	6.344410050546629e-08	5	28	39	0.6153846153846154	346
vae_candidate_000934	excluded	PF00741.24	PF00741	Gas_vesicle	10	48	55.57273864746094	3.196920926027848e-16	1	39	39	1.0	346
vae_candidate_000936	excluded	PF00741.24	PF00741	Gas_vesicle	53	84	40.8015251159668	1.319754625332327e-11	9	39	39	0.7948717948717948	346
vae_candidate_000938	excluded	PF00741.24	PF00741	Gas_vesicle	25	61	49.54170227050781	2.450933763458071e-14	1	33	39	0.8461538461538461	346
vae_candidate_000939	excluded	PF00741.24	PF00741	Gas_vesicle	12	50	60.872135162353516	7.059234978848702e-18	1	39	39	1.0	346
vae_candidate_000940	excluded	PF00741.24	PF00741	Gas_vesicle	12	38	37.651039123535156	1.2734099878362244e-10	1	27	39	0.6923076923076923	346
vae_candidate_000940	excluded	PF00741.24	PF00741	Gas_vesicle	38	62	26.848594665527344	3.0238099092388295e-07	15	39	39	0.6410256410256411	346
vae_candidate_000941	excluded	PF00741.24	PF00741	Gas_vesicle	16	54	59.4178581237793	2.0099964742071354e-17	1	39	39	1.0	346
vae_candidate_000942	excluded	PF00741.24	PF00741	Gas_vesicle	8	34	38.32295608520508	7.852451303561562e-11	1	26	39	0.6666666666666666	346
vae_candidate_000943	excluded	PF00741.24	PF00741	Gas_vesicle	7	44	45.307987213134766	5.155821836188822e-13	1	30	39	0.7692307692307693	346
vae_candidate_000944	excluded	PF00741.24	PF00741	Gas_vesicle	17	45	35.16852951049805	7.59821674740493e-10	2	28	39	0.6923076923076923	346
vae_candidate_000945	excluded	PF00741.24	PF00741	Gas_vesicle	38	72	46.339698791503906	2.454172023398108e-13	7	39	39	0.8461538461538461	346
vae_candidate_000946	main_supported_gvpa	PF00741.24	PF00741	Gas_vesicle	9	47	57.79043960571289	6.482414803449754e-17	1	39	39	1.0	346
vae_candidate_000947	excluded	PF00741.24	PF00741	Gas_vesicle	20	61	33.705406188964844	2.177276841718528e-09	2	38	39	0.9487179487179487	346
vae_candidate_000948	main_supported_gvpa	PF00741.24	PF00741	Gas_vesicle	12	50	59.61345291137695	1.746124239782287e-17	1	39	39	1.0	346
vae_candidate_000951	excluded	PF00741.24	PF00741	Gas_vesicle	50	88	58.897735595703125	2.9223015714246487e-17	1	39	39	1.0	346
vae_candidate_000952	ambiguous_exploration	PF00741.24	PF00741	Gas_vesicle	8	45	39.60041046142578	3.1320001091714564e-11	3	39	39	0.9487179487179487	346
vae_candidate_000954	excluded	PF00741.24	PF00741	Gas_vesicle	20	54	33.83289337158203	1.9864425320609134e-09	6	33	39	0.717948717948718	346
vae_candidate_000955	excluded	PF00741.24	PF00741	Gas_vesicle	12	51	30.303943634033203	2.5166032932760525e-08	1	35	39	0.8974358974358975	346
vae_candidate_000957	excluded	PF00741.24	PF00741	Gas_vesicle	10	48	42.09468460083008	5.204776933936355e-12	1	39	39	1.0	346
vae_candidate_000958	excluded	PF00741.24	PF00741	Gas_vesicle	8	41	49.51622772216797	2.4962722678191108e-14	1	32	39	0.8205128205128205	346
vae_candidate_000959	main_supported_gvpa	PF00741.24	PF00741	Gas_vesicle	12	50	62.33885192871094	2.457156231645388e-18	1	39	39	1.0	346
vae_candidate_000960	excluded	PF00741.24	PF00741	Gas_vesicle	13	52	42.37788009643555	4.245298051818188e-12	4	39	39	0.9230769230769231	346
vae_candidate_000962	excluded	PF00741.24	PF00741	Gas_vesicle	11	37	30.748628616333008	1.82750265679364e-08	1	23	39	0.5897435897435898	346
vae_candidate_000963	excluded	PF00741.24	PF00741	Gas_vesicle	77	116	33.6850700378418	2.2093695596007996e-09	1	39	39	1.0	346
vae_candidate_000965	main_supported_gvpa	PF00741.24	PF00741	Gas_vesicle	19	57	59.26304626464844	2.2468364230321665e-17	1	39	39	1.0	346
vae_candidate_000966	main_supported_gvpa	PF00741.24	PF00741	Gas_vesicle	10	51	42.31552505493164	4.440103679933586e-12	1	39	39	1.0	346
vae_candidate_000967	main_supported_gvpa	PF00741.24	PF00741	Gas_vesicle	12	50	59.164573669433594	2.411806837361581e-17	1	39	39	1.0	346
vae_candidate_000968	excluded	PF00741.24	PF00741	Gas_vesicle	16	52	31.894081115722656	8.015358456073322e-09	1	32	39	0.8205128205128205	346
vae_candidate_000970	excluded	PF00741.24	PF00741	Gas_vesicle	9	47	58.86788558959961	2.9857446830158395e-17	1	39	39	1.0	346
vae_candidate_000971	excluded	PF00741.24	PF00741	Gas_vesicle	25	68	31.611570358276367	9.822067507932841e-09	1	25	39	0.6410256410256411	346
vae_candidate_000973	excluded	PF00741.24	PF00741	Gas_vesicle	20	57	31.79236602783203	8.623970086160844e-09	6	39	39	0.8717948717948718	346
vae_candidate_000973	excluded	PF00741.24	PF00741	Gas_vesicle	59	96	28.981481552124023	6.51722045201788e-08	11	39	39	0.7435897435897436	346
vae_candidate_000974	excluded	PF00741.24	PF00741	Gas_vesicle	10	48	55.5885009765625	3.1608684802516783e-16	1	39	39	1.0	346
vae_candidate_000975	main_supported_gvpa	PF00741.24	PF00741	Gas_vesicle	12	50	57.823917388916016	6.32813245701843e-17	1	39	39	1.0	346
vae_candidate_000979	excluded	PF00741.24	PF00741	Gas_vesicle	12	39	38.695255279541016	6.007141700601562e-11	1	24	39	0.6153846153846154	346
vae_candidate_000981	excluded	PF00741.24	PF00741	Gas_vesicle	18	56	61.581050872802734	4.2387044698761304e-18	1	39	39	1.0	346
vae_candidate_000983	excluded	PF00741.24	PF00741	Gas_vesicle	12	50	60.78945541381836	7.491929811771981e-18	1	39	39	1.0	346
vae_candidate_000984	excluded	PF00741.24	PF00741	Gas_vesicle	13	29	26.681161880493164	3.410943122517679e-07	1	17	39	0.4358974358974359	346
vae_candidate_000984	excluded	PF00741.24	PF00741	Gas_vesicle	27	57	39.15152359008789	4.3260499868309026e-11	9	39	39	0.7948717948717948	346
vae_candidate_000987	excluded	PF00741.24	PF00741	Gas_vesicle	17	50	43.744895935058594	1.5875895040766363e-12	1	28	39	0.717948717948718	346
vae_candidate_000994	excluded	PF00741.24	PF00741	Gas_vesicle	9	47	56.7883415222168	1.3331407020955774e-16	1	39	39	1.0	346
vae_candidate_000995	main_supported_gvpa	PF00741.24	PF00741	Gas_vesicle	12	50	55.612491607666016	3.1067746161766654e-16	1	39	39	1.0	346
vae_candidate_000996	excluded	PF00741.24	PF00741	Gas_vesicle	16	43	33.51858901977539	2.4905252332366243e-09	1	25	39	0.6410256410256411	346
vae_candidate_000997	excluded	PF00741.24	PF00741	Gas_vesicle	14	42	34.80647659301758	9.859326762313586e-10	1	28	39	0.717948717948718	346
vae_candidate_000999	excluded	PF00741.24	PF00741	Gas_vesicle	12	50	51.534576416015625	5.84239854282482e-15	1	39	39	1.0	346
vae_candidate_001000	excluded	PF00741.24	PF00741	Gas_vesicle	8	46	51.64427185058594	5.398997919092634e-15	1	32	39	0.8205128205128205	346
