selection_rank	sequence_id	length	standard_aa_only	duplicate_candidate	generation_cap_warning	low_complexity_warning	composition_outlier_checked	composition_js_divergence	composition_js_threshold	composition_outlier_warning	training_match_checked	exact_training_match	training_match_ids	reference_match_checked	exact_reference_match	reference_match_ids	qc_pass	qc_reasons	domain_status	domain_score	domain_evalue	model_coverage	domain_pass	constraint_score	conserved_sites_total	conserved_sites_covered	conserved_sites_matched	conservation_coverage	conservation_score	closest_reference_id	closest_reference_pident	closest_reference_effective_identity	closest_reference_query_coverage	closest_reference_target_coverage	closest_reference_evalue	novelty_score	uniqueness_score	nearest_candidate_id	nearest_candidate_identity	nearest_candidate_distance	sequence_evalue	sequence_score	hmm_from	hmm_to	alignment_from	alignment_to	selected_by_metric	source_metric_rank
1	gen_95	104	True	False	False	False	True	0.07131533659	0.06061925601	True	True	False	[]	True	False	[]	True	composition_outlier_warning	detected	62.1	3.7e-19	0.9743589744	True	0.9928229665	23	21	12	0.9130434783	0.5217391304	ref_000436	0.43333	0.3749971154	0.8653846154	1.046511628	7.01e-13	0.6250028846	0.7889362189	gen_51	0.4038461538	0.5961538462	2.5e-19	62.6	1	38	11	48	constraint_score	1
2	gen_109	86	True	False	False	False	True	0.0286204414	0.06061925601	False	True	False	[]	True	False	[]	True		detected	53.1	2.5e-16	1	True	0.4377990431	23	23	23	1	1	ref_000435	0.8046	0.8046	1.011627907	1	2.07e-45	0.1954	0.9011919465	gen_6	0.7907	0.2093	1.9e-16	53.5	1	39	11	49	conservation_score	1
3	gen_47	100	True	False	False	False	True	0.1638509017	0.06061925601	True	True	False	[]	True	False	[]	True	composition_outlier_warning	not_detected	0	1000	0	False	0	23	18	5	0.7826086957	0.2173913043	ref_001168	0.25806	0.05714185714	0.31	0.2214285714	384	0.9428581429	0.578927053	gen_36	0.7900024	0.2099976							novelty_score	1
4	gen_55	94	True	False	False	False	True	0.0368950792	0.06061925601	False	True	False	[]	True	False	[]	True		not_detected	0	1000	0	False	0	23	23	11	1	0.4782608696	ref_000170	0.31707	0.2765929787	0.8723404255	0.9425287356	474	0.7234070213	0.9849906458	gen_195	0.1382985106	0.8617014894							uniqueness_score	1
5	gen_42	84	True	False	False	False	True	0.02131395013	0.06061925601	False	True	False	[]	True	False	[]	True		detected	60.9	8.8e-19	1	True	0.980861244	23	23	23	1	1	ref_000741	0.85714	0.85714	1	1	1.04e-48	0.14286	0.9076798901	gen_173	0.8488395349	0.1511604651	6.8e-19	61.3	1	39	11	49	constraint_score	2
6	gen_123	120	True	False	False	False	True	0.03522013689	0.06061925601	False	True	False	[]	True	False	[]	True		detected	50.5	1.5e-15	1	True	0.3301435407	23	23	23	1	1	ref_001104	0.64545	0.5819631148	0.9166666667	0.9016393443	9.62e-37	0.4180368852	0.9090081246	gen_97	0.4632352941	0.5367647059	1e-15	51.1	1	39	18	56	conservation_score	2
7	gen_89	96	True	False	False	False	True	0.1315700751	0.06061925601	True	True	False	[]	True	False	[]	True	composition_outlier_warning	not_detected	0	1000	0	False	0	23	18	5	0.7826086957	0.2173913043	ref_000885	0.275	0.07692307692	0.4166666667	0.2797202797	349	0.9230769231	0.5913549702	gen_156	0.7708341667	0.2291658333							novelty_score	2
8	gen_78	105	True	False	False	False	True	0.1840149511	0.06061925601	True	True	False	[]	True	False	[]	True	composition_outlier_warning	not_detected	0	1000	0	False	0	23	15	8	0.652173913	0.347826087	ref_000478	0.43243	0.1523800952	0.3523809524	0.4111111111	715	0.8476199048	0.9613107764	gen_111	0.1909096364	0.8090903636							uniqueness_score	2
9	gen_161	70	True	False	False	False	True	0.02797606802	0.06061925601	False	True	False	[]	True	False	[]	True		detected	60.1	1.6e-18	1	True	0.9425837321	23	23	23	1	1	ref_001083	0.87143	0.8243256757	1	0.9459459459	2.05e-38	0.1756743243	0.9135952141	gen_101	0.7887338028	0.2112661972	1.2e-18	60.4	1	39	11	49	constraint_score	3
10	gen_173	86	True	False	False	False	True	0.01427513435	0.06061925601	False	True	False	[]	True	False	[]	True		detected	55.9	3.1e-17	1	True	0.6578947368	23	23	23	1	1	ref_001070	0.88372	0.88372	1	1	3.58e-51	0.11628	0.8999998507	gen_6	0.88372	0.11628	2.5e-17	56.3	1	39	11	49	conservation_score	4
11	gen_82	103	True	False	False	False	True	0.1115376964	0.06061925601	True	True	False	[]	True	False	[]	True	composition_outlier_warning	not_detected	0	1000	0	False	0	23	18	6	0.7826086957	0.2608695652	ref_000237	0.19048	0.07767145631	0.4077669903	0.5526315789	37	0.9223285437	0.5904850418	gen_0	0.7475708738	0.2524291262							novelty_score	3
12	gen_191	84	True	False	False	False	True	0.1139325116	0.06061925601	True	True	False	[]	True	False	[]	True	composition_outlier_warning	not_detected	0	1000	0	False	0	23	19	4	0.8260869565	0.1739130435	ref_001204	0.28846	0.1102935294	0.619047619	0.3823529412	128	0.8897064706	0.948897465	gen_9	0.79762	0.20238							uniqueness_score	3
13	gen_101	71	True	False	False	False	True	0.03998976006	0.06061925601	False	True	False	[]	True	False	[]	True		detected	59.3	2.7e-18	1	True	0.8971291866	23	23	22	1	0.9565217391	ref_000861	0.90141	0.90141	1	1	4.32e-42	0.09859	0.9168199344	gen_161	0.7887338028	0.2112661972	2e-18	59.8	1	39	11	49	constraint_score	4
14	gen_179	87	True	False	False	False	True	0.03195048777	0.06061925601	False	True	False	[]	True	False	[]	True		detected	54.8	7e-17	1	True	0.5693779904	23	23	23	1	1	ref_000674	0.88636	0.896548046	1.011494253	1.011494253	1.56e-48	0.103451954	0.8969501622	gen_67	0.8043494565	0.1956505435	7e-17	54.8	1	39	11	49	conservation_score	5
15	gen_0	99	True	False	False	False	True	0.1003069999	0.06061925601	True	True	False	[]	True	False	[]	True	composition_outlier_warning	not_detected	0	1000	0	False	0	23	18	3	0.7826086957	0.1304347826	ref_001143	0.43478	0.0813003252	0.2323232323	0.1869918699	92	0.9186996748	0.5942687787	gen_36	0.7800008	0.2199992							novelty_score	4
16	gen_115	127	True	False	False	False	True	0.06493435772	0.06061925601	True	True	False	[]	True	False	[]	True	composition_outlier_warning	detected	45.5	5.6e-14	0.9743589744	True	0.1818181818	23	23	18	1	0.7826086957	ref_001050	0.62651	0.4094514173	0.6535433071	0.7685185185	1.79e-26	0.5905485827	0.9476795489	gen_123	0.3464567717	0.6535432283	4e-14	46	2	39	12	49	uniqueness_score	4
17	gen_199	120	True	False	False	False	True	0.03492641064	0.06061925601	False	True	False	[]	True	False	[]	True		detected	59.3	2.7e-18	1	True	0.8971291866	23	21	13	0.9130434783	0.5652173913	ref_000864	0.73418	0.4833351667	0.6583333333	0.7117117117	6.21e-36	0.5166648333	0.9367075847	gen_56	0.4500026667	0.5499973333	2.1e-18	59.7	1	39	20	58	constraint_score	5
18	gen_194	99	True	False	False	False	True	0.02138296595	0.06061925601	False	True	False	[]	True	False	[]	True		detected	56.8	1.7e-17	1	True	0.7105263158	23	23	23	1	1	ref_000329	0.76289	0.7474780808	0.9797979798	1.010416667	1.31e-44	0.2525219192	0.9262373817	gen_142	0.6565687879	0.3434312121	1.1e-17	57.3	1	39	10	48	conservation_score	6
19	gen_53	109	True	False	False	False	True	0.122282264	0.06061925601	True	True	False	[]	True	False	[]	True	composition_outlier_warning	not_detected	0	1000	0	False	0	23	18	5	0.7826086957	0.2173913043	ref_000267	0.52941	0.08256853211	0.1559633028	0.1789473684	41	0.9174314679	0.5994015948	gen_153	0.76147	0.23853							novelty_score	5
20	gen_58	104	True	False	False	False	True	0.05216972195	0.06061925601	False	True	False	[]	True	False	[]	True		detected	32.1	8.5e-10	0.9230769231	False	0.004649090522	23	21	13	0.9130434783	0.5652173913	ref_000864	0.5	0.3423423423	0.7307692308	0.6846846847	4.45e-17	0.6576576577	0.9472006409	gen_199	0.3499986667	0.6500013333	3.1e-10	33.5	2	37	14	49	uniqueness_score	5
21	gen_6	86	True	False	False	False	True	0.01380984537	0.06061925601	False	True	False	[]	True	False	[]	True		detected	59.2	3e-18	1	True	0.8875598086	23	23	23	1	1	ref_001077	0.93023	0.93023	1	1	3.65e-55	0.06977	0.9019189686	gen_173	0.88372	0.11628	2.3e-18	59.5	1	39	11	49	constraint_score	6
22	gen_40	136	True	False	False	False	True	0.04156627791	0.06061925601	False	True	False	[]	True	False	[]	True		detected	46.8	2.3e-14	0.9743589744	True	0.2344497608	23	23	23	1	1	ref_001168	0.73913	0.728571	1.014705882	0.9857142857	1.81e-53	0.271429	0.9319367888	gen_68	0.5103468276	0.4896531724	1.6e-14	47.3	2	39	19	56	conservation_score	7
23	gen_54	109	True	False	False	False	True	0.1280095989	0.06061925601	True	True	False	[]	True	False	[]	True	composition_outlier_warning	not_detected	0	1000	0	False	0	23	17	6	0.7391304348	0.2608695652	ref_001099	0.36667	0.08333409091	0.2752293578	0.2272727273	181	0.9166659091	0.6884621868	gen_100	0.6181823636	0.3818176364							novelty_score	6
24	gen_129	73	True	False	False	False	True	0.1269155534	0.06061925601	True	True	False	[]	True	False	[]	True	composition_outlier_warning	detected	54.8	7.3e-17	0.9743589744	True	0.5693779904	23	21	8	0.9130434783	0.347826087	ref_000722	0.45161	0.3835591781	0.8493150685	0.8857142857	3.56e-08	0.6164408219	0.9458534737	gen_139	0.4285730769	0.5714269231	5.6e-17	55.1	2	39	22	59	uniqueness_score	6
25	gen_56	103	True	False	False	False	True	0.0507905843	0.06061925601	False	True	False	[]	True	False	[]	True		detected	58.2	6.1e-18	1	True	0.8062200957	23	21	11	0.9130434783	0.4782608696	ref_000864	0.6875	0.3963963964	0.6213592233	0.5765765766	2.4e-30	0.6036036036	0.9410311002	gen_199	0.4500026667	0.5499973333	4.9e-18	58.5	1	39	11	49	constraint_score	7
26	gen_67	92	True	False	False	False	True	0.03001899713	0.06061925601	False	True	False	[]	True	False	[]	True		detected	53.1	2.4e-16	1	True	0.4377990431	23	23	23	1	1	ref_000778	0.89888	0.8695686957	0.9673913043	1	2.08e-51	0.1304313043	0.9130963001	gen_179	0.8043494565	0.1956505435	1.8e-16	53.5	1	39	11	49	conservation_score	10
27	gen_138	94	True	False	False	False	True	0.1735697227	0.06061925601	True	True	False	[]	True	False	[]	True	composition_outlier_warning	not_detected	0	1000	0	False	0	23	18	5	0.7826086957	0.2173913043	ref_000267	0.57143	0.08421073684	0.1489361702	0.1473684211	10	0.9157892632	0.5703155473	gen_156	0.851067234	0.148932766							novelty_score	7
28	gen_189	77	True	False	False	False	True	0.08677358831	0.06061925601	True	True	False	[]	True	False	[]	True	composition_outlier_warning	detected	50.4	1.6e-15	0.8974358974	False	0.3050965655	23	20	10	0.8695652174	0.4347826087	ref_000826	0.34247	0.3246793506	0.9480519481	1.013888889	4.65e-05	0.6753206494	0.945770863	gen_129	0.3896135065	0.6103864935	1.2e-15	50.8	5	39	16	50	uniqueness_score	7
29	gen_44	70	True	False	False	False	True	0.02071532008	0.06061925601	False	True	False	[]	True	False	[]	True		detected	56.6	1.9e-17	1	True	0.7057416268	23	23	22	1	0.9565217391	ref_000685	0.88571	0.88571	1	1	6.86e-41	0.11429	0.9217792812	gen_161	0.7857185714	0.2142814286	1.5e-17	56.9	1	39	11	49	constraint_score	9
30	gen_68	145	True	False	False	False	True	0.03687893392	0.06061925601	False	True	False	[]	True	False	[]	True		detected	46.2	3.4e-14	0.9743589744	True	0.1961722488	23	23	23	1	1	ref_001168	0.73913	0.7034478621	0.9517241379	0.9857142857	7.55e-58	0.2965521379	0.931808763	gen_40	0.5103468276	0.4896531724	2.5e-14	46.7	2	39	18	55	conservation_score	11
31	gen_198	93	True	False	False	False	True	0.1386082601	0.06061925601	True	True	False	[]	True	False	[]	True	composition_outlier_warning	not_detected	0	1000	0	False	0	23	17	6	0.7391304348	0.2608695652	ref_000347	0.24242	0.08602	0.3548387097	0.3586956522	738	0.91398	0.5861979459	gen_156	0.86022	0.13978							novelty_score	8
32	gen_32	104	True	False	False	False	True	0.05896956444	0.06061925601	False	True	False	[]	True	False	[]	True		detected	33.1	4.2e-10	0.8974358974	False	0.004519949118	23	19	6	0.8260869565	0.2608695652	ref_000279	0.29885	0.2499995192	0.8365384615	1.011627907	7.7	0.7500004808	0.9436828921	gen_102	0.2436957983	0.7563042017	2.4e-10	33.9	3	37	19	50	uniqueness_score	8
33	gen_92	89	True	False	False	False	True	0.02420720274	0.06061925601	False	True	False	[]	True	False	[]	True		detected	56.3	2.4e-17	1	True	0.6889952153	23	23	23	1	1	ref_000029	0.89888	0.89888	1	1.022988506	1.17e-49	0.10112	0.9053633827	gen_173	0.8651710112	0.1348289888	1.8e-17	56.7	1	39	11	49	constraint_score	10
34	gen_97	136	True	False	False	False	True	0.03508155743	0.06061925601	False	True	False	[]	True	False	[]	True		detected	54.4	9.6e-17	1	True	0.5358851675	23	23	23	1	1	ref_001111	0.73723	0.7426508088	1.007352941	1.007352941	3.81e-55	0.2573491912	0.9098482425	gen_40	0.4852958824	0.5147041176	6.7e-17	54.9	1	39	24	62	conservation_score	13
35	gen_73	103	True	False	False	False	True	0.1316416818	0.06061925601	True	True	False	[]	True	False	[]	True	composition_outlier_warning	not_detected	0	1000	0	False	0	23	18	6	0.7826086957	0.2608695652	ref_000812	0.45	0.08737864078	0.1941747573	0.2247191011	21	0.9126213592	0.5712533645	gen_86	0.8349541748	0.1650458252							novelty_score	9
36	gen_94	74	True	False	False	False	True	0.0483753911	0.06061925601	False	True	False	[]	True	False	[]	True		detected	34.2	1.9e-10	0.8974358974	False	0.004519949118	23	21	10	0.9130434783	0.4347826087	ref_000717	0.40351	0.3108117568	0.7702702703	0.7916666667	1.05e-06	0.6891882432	0.9417376357	gen_129	0.3378405405	0.6621594595	1.3e-10	34.8	1	35	20	54	uniqueness_score	9
37	gen_39	71	True	False	False	False	True	0.03153631034	0.06061925601	False	True	False	[]	True	False	[]	True		detected	55.6	3.9e-17	1	True	0.6220095694	23	23	20	1	0.8695652174	ref_000626	0.74242	0.6805516667	0.9295774648	0.9166666667	7.37e-30	0.3194483333	0.9202091071	gen_101	0.6338049296	0.3661950704	3.1e-17	55.9	1	39	11	49	constraint_score	12
38	gen_118	156	True	False	False	False	True	0.04828658133	0.06061925601	False	True	False	[]	True	False	[]	True		detected	43.1	3.1e-13	1	True	0.0980861244	23	23	22	1	0.9565217391	ref_000954	0.87742	0.8717955128	0.9935897436	1	7.35e-79	0.1282044872	0.9378319018	gen_76	0.7435875	0.2564125	2.3e-13	43.5	1	39	19	57	conservation_score	15
39	gen_121	114	True	False	False	False	True	0.1014289899	0.06061925601	True	True	False	[]	True	False	[]	True	composition_outlier_warning	not_detected	0	1000	0	False	0	23	19	5	0.8260869565	0.2173913043	ref_000172	0.38462	0.08772035088	0.2280701754	0.2680412371	288	0.9122796491	0.6205321412	gen_111	0.6666702632	0.3333297368							novelty_score	10
40	gen_195	84	True	False	False	False	True	0.07246981465	0.06061925601	True	True	False	[]	True	False	[]	True	composition_outlier_warning	not_detected	0	1000	0	False	0	23	19	7	0.8260869565	0.3043478261	ref_000369	0.31429	0.2619083333	0.8333333333	0.9210526316	642	0.7380916667	0.941566274	gen_62	0.85714	0.14286							uniqueness_score	10
41	gen_142	87	True	False	False	False	True	0.03050265491	0.06061925601	False	True	False	[]	True	False	[]	True		detected	54.1	1.1e-16	1	True	0.509569378	23	23	22	1	0.9565217391	ref_000225	0.82927	0.7391319565	0.9425287356	0.8913043478	1.32e-44	0.2608680435	0.9191405384	gen_194	0.6565687879	0.3434312121	8.4e-17	54.6	1	39	10	48	constraint_score	16
42	gen_35	155	True	False	False	False	True	0.0437533612	0.06061925601	False	True	False	[]	True	False	[]	True		detected	43.5	2.3e-13	1	True	0.1244019139	23	23	22	1	0.9565217391	ref_001033	0.81046	0.8000024516	0.9870967742	0.9935064935	1.63e-74	0.1999975484	0.9334880223	gen_118	0.717945	0.282055	1.7e-13	44	1	39	19	57	conservation_score	17
43	gen_149	87	True	False	False	False	True	0.1586689959	0.06061925601	True	True	False	[]	True	False	[]	True	composition_outlier_warning	not_detected	0	1000	0	False	0	23	17	4	0.7391304348	0.1739130435	ref_001068	0.28889	0.08783817568	0.5172413793	0.3040540541	818	0.9121618243	0.5939499894	gen_156	0.7634390323	0.2365609677							novelty_score	11
44	gen_62	84	True	False	False	False	True	0.08789804953	0.06061925601	True	True	False	[]	True	False	[]	True	composition_outlier_warning	not_detected	0	1000	0	False	0	23	19	7	0.8260869565	0.3043478261	ref_000527	0.28333	0.197672093	0.7142857143	0.6976744186	47	0.802327907	0.9401412809	gen_83	0.90476	0.09524							uniqueness_score	12
45	gen_71	84	True	False	False	False	True	0.1271474532	0.06061925601	True	True	False	[]	True	False	[]	True	composition_outlier_warning	detected	53.4	1.9e-16	1	True	0.4593301435	23	21	9	0.9130434783	0.3913043478	ref_001221	0.48936	0.2738085714	0.5595238095	0.5662650602	2.17e-12	0.7261914286	0.9261223993	gen_139	0.4725237363	0.5274762637	1.6e-16	53.7	1	39	29	67	constraint_score	17
46	gen_76	155	True	False	False	False	True	0.05258141448	0.06061925601	False	True	False	[]	True	False	[]	True		detected	43.2	3e-13	1	True	0.1028708134	23	23	22	1	0.9565217391	ref_001038	0.83117	0.8258076129	0.9935483871	0.9935483871	1.52e-76	0.1741923871	0.9341761476	gen_118	0.7435875	0.2564125	2.3e-13	43.6	1	39	19	57	conservation_score	19
47	gen_66	94	True	False	False	False	True	0.09801632041	0.06061925601	True	True	False	[]	True	False	[]	True	composition_outlier_warning	not_detected	0	1000	0	False	0	23	18	7	0.7826086957	0.3043478261	ref_000616	0.3913	0.09090808081	0.2446808511	0.2323232323	309	0.9090919192	0.6515092466	gen_145	0.6063856383	0.3936143617							novelty_score	12
48	gen_25	84	True	False	False	False	True	0.06432679015	0.06061925601	True	True	False	[]	True	False	[]	True	composition_outlier_warning	not_detected	0	1000	0	False	0	23	19	6	0.8260869565	0.2608695652	ref_000380	0.41667	0.1630447826	0.4285714286	0.3913043478	228	0.8369552174	0.9395136409	gen_9	0.8690495238	0.1309504762							uniqueness_score	13
49	gen_139	91	True	False	False	False	True	0.09449113997	0.06061925601	True	True	False	[]	True	False	[]	True	composition_outlier_warning	detected	47.3	1.6e-14	0.9743589744	True	0.2464114833	23	21	9	0.9130434783	0.3913043478	ref_000257	0.35052	0.3434387879	1.065934066	0.9797979798	5.74e-05	0.6565612121	0.916727299	gen_13	0.4725274725	0.5274725275	1.1e-14	47.8	1	38	23	60	constraint_score	22
50	gen_102	119	True	False	False	False	True	0.08153439227	0.06061925601	True	True	False	[]	True	False	[]	True	composition_outlier_warning	detected	45	8.1e-14	0.9487179487	False	0.1720163493	23	21	12	0.9130434783	0.5217391304	ref_001160	0.40496	0.3602952941	1.016806723	0.8897058824	2.8e-18	0.6397047059	0.938771355	gen_95	0.3697478992	0.6302521008	6e-14	45.4	2	38	28	64	conservation_score	24
